ID,Title,Sku,Price,ComparePrice
115844486,منبع تحت فشار 150 ليتري كاووش,,7950000,
115844485,منبع تحت فشار 80 ليتري كاووش,,4020000,
115844484,منبع تحت فشار 60 ليتري كاووش,,3420000,
115844483,منبع تحت فشار 80 ليتري امرا با مانومتر,,6670000,
115844482,پمپ 1 اسب دو پروانه بشقابي ابارا مدل CDA100,,10700000,
115844481,چسب چوب 3000 پارس حلب,,2390000,
115844480,لامپ پنلي 36 وات گرد روكار مهتابي آيسان(پارس اروند),,456000,
115844479,لامپ 9 وات آبي حبابي پارس اروند(EDC),,53000,
115844478,لامپ ال اي دي 12وات  حبابي آفتابي (افروغ),,57000,
115844477,تصفيه آب 3 مرحله ورودي جامبو,,5500000,
115844476,منبع تحت فشار60 ليتري WATES با مانومتر,,4400000,
115844475,جك آرام درب ريوبي مدل 8803,,3000000,3239400
115844474,شير صافي 3/4 سيتكو,,370000,
115844473,جا دستمال مشكي ليان,,125000,
115844472,جا دستمال طوسي پر رنگ ليان,,120000,
115844471,جا دستمال طوسي كم رنگ ليان,,190000,
115844470,پولكي ام دي اف,,12000,
115844469,بتونه اپكس APEX,,62000,
115844468,پك چوب بر 8 عددي فرز مينياتوري مدل 66800,,210000,
115844467,صابون پوليش سبز,,208000,
115844466,صابون پوليش آبي,,208000,
115844465,پد پشت كركي 10,,39000,
115844464,سنباده ميني پشت كركي 1000 قرمز,,18000,
115844463,كابل افشان 6 * 4 (نيرو كابل البرز),,475000,500500
115844462,كابل افشان 6 * 3 (نيرو كابل البرز),,357500,397600
115844461,سيم افشان 2/5 * 1 زرد (نيرو كابل البرز),,44000,50900
115844460,دستمال جادويي خشك كن ظروف وايت 40*40,,110000,
115844459,مخزن 1000 ليتري عمودي,,8560000,
115844458,كپسول 6 اي تري اف روناك,,737000,
115844457,ريموت سر درب آتش نشاني,,82000,
115844456,ست كنترل آيكار ICAR,,1540000,
115844455,جليقه 4 خط شبرنگ دار,,120000,
115844453,پالت پايدار شماره 1,,15000,
115844452,پالت پايدار شماره 4,,30000,
115844451,پالت پايدار شماره 10,,88000,
115844450,بست اسپيت,,2000,
115844449,زنگ بي سيم 2 كليد مكث لايت,,1000000,
115844448,زنگ بي سيم 1 كليد مكث لايت,,875000,
115844447,پارت سيم سيار 4 خانه 5 متري نيك,,631750,
115844446,پارت سيم سيار 4 خانه 3 متري نيك,,478800,
115844445,پارت سيم سيار 4 خانه 1/8 متري نيك,,394250,
115844444,پارت 5 خانه كليد دار+1 خانه فيوزدار 1/8 متري,,1045000,
115844443,نمد فلاپ GTI,,234000,
115844442,صفحه فلاپ اسكاچ موكتي,,234000,
115844441,ريسه شلنگي دولاين انبه اي 5730 با سيم(آريانا),,47000,
115844439,ريسه شلنگي وايرلس تك لاين آبي تراكم 120(hmd),,38000,
115844438,هواكش صنعتي 50 تكفاز 1400 دور 4 پره تكنوتك,,3400000,
115844435,ريسه شلنگي وايرلس تك لاين صورتي تراكم 120(hmd),,38000,
115844434,ريسه شلنگي دولاين قرمز 5730 با سيم(آريانا),,47000,
115844433,چسب 123 توكافيكس 400 ميل,,145000,
115844432,چسب 123 پك لرد 400 ميل سبز,,135000,
115844431,چسب 123 پك لرد 400 ميل آبي,,100000,
115844430,موتور برق بنزيني اينورترسايلنت 2500 وات هيوندا مدل 1224,,31990000,36636000
115844429,موتور برق بنزيني اينورترسايلنت 4000 وات هيوندا مدل 1245,,54990000,61432300
115844428,فيوز كاردي 200 آمپر,,680000,
115844421,زانو 90*110 صدرا پلاست,,42000,
115844412,سه راه پرسي 16*16*16 نيوپايپ,,240000,
115844411,پارت سيم سيار 5 خانه فيوز دار دربدار 3 متري,,722000,
115844410,شيلنگ آب ياسا نخ دار 3/4 اينچ (20) كلاف 50 متري,,106000,
115844409,زانوي يكسر مغزي بستدار 1/2*25 آذين,,117000,
115844408,مايع چسب 1-2-3 پيشتاز,,50000,
115844407,چسب 2cm كاغذي ترك سان كم يارد,,30000,
115844406,صفحه گرانيت بر بزرگ اريس,,620000,
115844405,تيوپ گلديس,,98000,
115844404,جعبه ي كمك هاي اوليه لوتوس(با لوازم کامل ),,825000,900000
115844402,جعبه ي كمك هاي اوليه امداد بزرگ,,1625000,1750000
115844400,بشكه ترافيكي بزرگ,,1560000,
115844399,چكش تخريب توسن 11 كيلويي 6011 DH,,30800000,33161500
115844398,چكش تخريب توسن 7 كيلويي كد 6070,,16500000,18513700
115844396,چكش تخريب توسن 16 كيلويي كد 6116,,27280000,28718600
115844395,كليد بالابري روكار 3 تايي ساير,,252000,
115844394,كليد بالابري روكار 2 تايي ساير,,195000,
115844393,چشمي راه پله تايم ايران,,275000,
115844392,زنگ سوله اي ساير,,350000,
115844377,اهم متر MT-87,,510000,
115844376,استارت مهتابي ساير,,6000,
115844374,تايمر دقيقه و ثانيه شيوا امواج,,475000,
115844373,فلوتر آبي شيوا امواج,,945000,
115844372,محافظ ولتاژ خانگي شيوا امواج,,1050000,
115844371,محافظ ولتاژ كنتاكتور شيوا امواج,,475000,
115844370,مجموع 22 دي 2 شيوا امواج,,1720000,
115844369,ساعت فرمان ماهيانه شيوا امواج,,1511000,
115844368,كنترل فاز ميني شيوا امواج,,1248000,
115844367,كنترل بار 1 تا 60 ديجيتال شيوا امواج,,1560000,
115844366,دريل همزن برقي 1400 وات 23400x اكتيو,,5495000,
115844365,هواكش 15 خانگي فلزي 2400 دور دمنده,,858000,
115844364,هواكش 10 خانه فلزي 2400 دور دمنده,,385000,
115844363,تسمه جغجغه 2 تن چيني نارنجي,,690000,
115844361,صليب 5 ميل,,28000,
115844360,شمشه 1/5 متري,,350000,
115844359,دسته فلزي جنرال 120 سانتي مهسان,,110000,
115844358,پايه هشدار دهنده زرد مهسان,,400000,
115844357,تي خشكن شيشه دسته ابر دار مهسان,,95000,
115844356,تي خشكن با دسته تيغه اي 50 سانتي مهسان,,440000,
115844355,تي خشكن بدون دسته لاستيكي مهسان,,76000,
115844354,دستمال ميكروفايبر LCD مهسان,,110000,
115844353,دستمال ميكروفايبر سوپر 2 عددي مهسان,,150000,
115844352,توالت شوي دلفين مهسان,,130000,
115844351,فرچه اطويي مهسان,,50000,
115844350,ميني برس دلفين مهسان,,50000,
115844349,جارو بدون دسته 40 سانتي مهسان,,147000,
115844348,جارو خياباني 50 سانتي بدون دسته مهسان,,280000,
115844347,جارو سالني 50 سانتي بدون دسته مهسان,,260000,
115844346,جارو بدون دسته ميلانو مهسان,,85000,
115844345,جارو و خاك انداز تاشو بزرگ مهسان,,280000,
115844344,جارو و خاك انداز ايرسا مهسان,,490000,
115844343,سطل بيضي 14 ليتر مهسان,,220000,
115844342,سطل زباله پدالي كوچك دلفين مهسان,,265000,
115844340,سطل گرد 10 ليتري مهسان,,190000,
115844339,سطل مستطيل 15 ليتري پي وي آ مهسان,,255000,
115844338,سطل و آبگير تك زرد هشدار دار مهسان,,2920000,
115844337,تي اسپري دار زمين شور مهسان,,1170000,
115844336,پنبه ي تي نخي كف روب بدون دسته مهسان,,320000,
115844335,تي نخي 50 سانت با دسته مهسان,,580000,
115844334,كفي اتصال نخ و دسته زمين شور مهسان,,140000,
115844333,نخ زمين شور چرخشي مهسان,,175000,
115844332,دسته زمين شور چرخشي مهسان,,420000,
115844331,سطل و زمين شور چرخشي ايرسا مهسان,,1450000,
115844330,سطل و زمين شور چرخشي دلفين مهسان,,1090000,
115844329,ميخكوب برقي نووا مدل 5022,,7150000,8404100
115844328,منگنه كوب و ميخكوب برقي نووا مدل 5021,,4485000,5250000
115844327,جرثقيل 5 تن توسن,,18998000,20605800
115844326,جرثقيل 3 تن توسن,,12598000,13277000
115844325,موتور برق توسن بنزيني 5500 وات كد 1155,,52595000,61566600
115844324,موتور برق توسن بنزيني 3300 وات كد 1133,,33995000,38378300
115844323,رنگ مشكي كلرا ترافيكي گالن,,1283000,
115844322,دسته كلنگ روسي,,130000,
115844321,پيچ گوشتي برقي مستقيم توسن مدل 0801 sesb,,7150000,8101300
115844320,هيدرانت سر شير آتش نشاني 2/5 ايترلوك,,418000,
115844319,آويز شيلنگ هوزريل 38 فلزي 95 آتش نشاني,,855000,
115844318,شير سيامي 2/5 اينترلوك دمپر دار,,850000,
115844317,درپوش شير سيامي 2/5 اينترلوك,,418000,
115844316,دتكتور آتش نشاني دودي زيتكس,,337000,
115844315,پيش بند چرمي,,300000,
115844314,بكس سايز 19 فشار قوي 6 پر رانگسي تايوان,,100000,
115844313,بكس سايز 17 فشار قوي 6 پر رانگسي تايوان,,95000,
115844312,شير فلكه 1 اينچ سيتكو,,1040000,
115844311,شير دريچه 2 اينچ كيز ايران,,2220000,
115844309,شير فلكه برنجي 1/2 2 اينچ (نمره 7),,7100000,
115844307,تراز نوويس,,130000,
115844306,مخزن 1000 افقي,,10250000,
115844305,دستمال مرطوب بزرگ,,50000,
115844301,كوپلينگ ّ3 آتش نشاني آريا,,1227000,
115844300,كوپلينگ ّ2/5 آتش نشاني آريا,,957000,
115844299,كوپلينگ ّ2 آتش نشاني آريا,,645000,
115844298,كوپلينگ ّ4 آتش نشاني آريا,,2566000,
115844297,هيدرانت سر شيلنگي 2/5 آريا (جفت),,1490000,
115844296,هيدرانت سر شيلنگي 2 آريا (جفت),,970000,
115844294,هيدرانت سر شيلنگي 1.5 آريا,,490000,
115844293,هيدرانت سر شيلنگي 4 آريا,,2566000,
115844292,هيدرانت سر شيلنگي 3 آريا,,1228000,
115844291,نازل شير دار آتش نشاني 1.5 آريا تمام فلز,,1350000,
115844290,آويز شيلنگ آتش نشاني فايرباكس بلبرينگي آريا بزرگ,,2450000,
115844289,آويز شيلنگ آتش نشاني فايرباكس بلبرينگي آريا كوچك,,2000000,
115844288,رنگ آبي ترافيكي حلال كلرا گالن,,1283000,
115844287,تلفن پانسونيك 6811,,2900000,
115844286,تلفن پانسونيك 6721,,3830000,
115844285,تلفن پانسونيك 3711 مشكي,,2840000,
115844284,تلفن پانسونيك 3711 نقره اي,,2570000,
115844283,تينر فوري 10 هزار B تانيل حلب,,1071000,
115844282,آينه دلتا 105 انبه اي 60 لمسي,,1155000,
115844281,جعبه بكس نووا 38 پارچه تايوان كد 7303,,5060000,5442000
115844280,سينك باكس اخوان 2 لگنه مدل 302 توكار لگن چپ 50*120,,11902500,12652600
115844279,رنگ روغني نارنجي افشار كيلو,,280000,312600
115844278,فرچه صفر شويي ماشين,,100000,
115844277,تي خشكن شيشه ارج,,38000,
115844276,انبر جوش 300 فروزان,,650000,
115844275,شير حياطي دسته گازي 1/2 آذين,,130000,
115844274,سيم 2/5*2 خراسان,,32500,
115844272,فرغون لوله اي پارسيان,,2200000,
115844271,رينگ بلبرينگي خارجي معمار كار,,171000,
115844269,قلم 5 شيار بلند تخت,,429000,
115844267,تلمبه باد دستي بزرگ سامو,,190000,
115844266,قفل آويز 30 رمز دار,,295000,
115844265,قفل آويز 20 رمز دار,,275000,
115844264,گيره بغل ميز 70,,600000,
115844263,گيره بغل ميز 60,,490000,
115844262,گيره بغل ميز 50,,480000,
115844261,گيره مشكل گشا آهنربايي اپكس,,460000,
115844260,آچار بكس مثلثي 10 و 12 و 13 بلند,,91000,
115844259,آچار بكس مثلثي 8 و 10 و 12 كوتاه,,59000,
115844258,گيره آمل 100,,1950000,
115844255,رنگ سفيد صدفي كيلو پارسيفام 7101,,235000,
115844254,رنگ طلايي روشن كيلو پارسيفام 7835,,235000,
115844253,گيره مشكل گشا آهنربايي و چراغ دار اپكس,,485000,
115844252,سطل و آبگير دوقلو مهسان,,3625000,
115844251,تي نخي كنتاكي بدون دسته مهسان,,315000,
115844250,كوپلينگ مادگي بيرون رزوه 1/2 اتون,,265000,
115844249,زانو پنوماتيك يكسر رزوه 1/2*8 اورينگي,,83000,
115844248,زانو پنوماتيك يكسر رزوه 1/4*10 اورينگي,,78000,
115844247,زانو پنوماتيك يكسر رزوه 1/8*4 اورينگي,,49000,
115844246,زانو پنوماتيك يكسر رزوه 1/2*10 اورينگي,,101000,
115844245,زانو پنوماتيك يكسر رزوه 3/8*10 تفلوني,,59000,
115844244,زانو پنوماتيك يكسر رزوه 1/2*6 اورينگي,,81000,
115844243,زانو پنوماتيك يكسر رزوه 3/8*8 اورينگي,,67000,
115844242,شيلنگ آتش نشاني 2/5 آريا,,286000,
115844241,شيلنگ آتش نشاني 2 آريا,,300000,
115844240,شيلنگ آتش نشاني 1/5 آريا,,185000,
115844237,كانكتور برق پيچي قرمز كوشا,,104000,
115844236,كانكتور برق پيچي زرد كوشا,,78000,
115844235,كانكتور برق پيچي نارنجي كوشا,,65000,
115844234,قلاب پودري كپسول,,20000,
115844233,سينك زير صفحه اي اخوان مدل 406 توكار 38*40,,7431800,8540700
115844232,تيغ اصلاح پنج لبه سيستمي(يدك دار) لمسر,,195000,
115844231,تيغ اصلاح چهار لبه سيستمي(طرح پا) لمسر,,195000,
115844230,تيغ اصلاح چهار لبه وكيوم دو عددي(زرد-بنفش) لمسر,,210000,
115844229,تيغ اصلاح سه لبه وكيوم(صورتي) لمسر,,95000,
115844228,تيغ اصلاح شش لبه 1 عددي لمسر,,83000,
115844227,تيغ اصلاح شش لبه صابوندار 4 عددي(سبز) لمسر,,118000,
115844226,تيغ اصلاح پنج لبه صابوندار4 عددي(سبز-صورتي) لمسر,,108000,
115844225,تيغ اصلاح دو لبه صابوندار 4+1 لمسر,,36000,
115844224,بوگير توالت ايرفرش 50 گرمي لمسر,,456000,
115844223,اسپري بدن 200 لمسر,,157000,
115844222,خوشبو كننده ادكلني 250 لمسر,,134000,
115844221,قلم مو سايز 2/5,,80000,
115844220,كاردك دسته چوبي سايز 14 روور,,75000,
115844219,كاردك دسته چوبي سايز 10 روور,,65000,
115844218,چسب 308 كيلو قوام,,215000,
115844217,ليسه پلاستيكي سايز 20 كوتكس,,35000,
115844216,رنگ روغني نقره اي افشار حلب كد 950,,5460000,6168100
115844215,انبر قفلي نووا 8046,,1610000,1712600
115844214,انبر قفلي نووا 8044,,1150000,1307500
115844213,منگنه كوب دستي توسن T11-16SG5M,,2242500,2468300
115844212,آچار دو دسته (شلاقي) 2 اينج توسن T222-2,2450142643456,3162500,3300000
115844211,فازمتر كوچك واستر,,48000,
115844210,فازمتر كوچك توسن,,132000,146000
115844209,ست پيچ گوشتي توسن 47 عددي,,1500000,1728900
115844208,ست پيچ گوشتي توسن 24 عددي,,750000,856700
115844207,كاتر نووا مدل 1371,,805000,928000
115844206,كاتر نووا مدل 1373,,920000,1076800
115844205,كاتر نووا مدل 1372,,920000,990700
115844204,كاتر نووا مدل 1370,,276000,316400
115844203,كوليس ديجيتال 30 كاتكس,,4600000,
115844202,كوليس ديجيتال 20 كاتكس,,2710000,
115844201,كوليس 30 بست اوور,,2980000,
115844198,كوليس 20 VERNIER CALIPER,,830000,
115844197,كوليس 15 VERNIER CALIPER,,415000,
115844196,كوليس ديجيتال 15 كاتكس,,1400000,
115844195,دريچه پست سربي,,850000,
115844194,صندوق پست تك واحدي,,900000,
115844193,ريسه شلنگي دولاين صدفي,,66000,
115844192,ريسه شلنگي دولاين مهتابي,,66000,
115844190,ترمينال تابلو 25 آمپر,,95000,
115844189,ترمينال تابلو 6 آمپر,,35000,
115844188,هواكش صنعتي 60 سه فاز 1400 دور تكنوتك,,6500000,
115844187,هود مخفي اخوان مدل H64-TH سايز 70 سانت (H 216),,8686800,9290000
115844186,لوله فلكسي سايز 11,,19000,
115844185,كنتاكتور 40 آمپر هيونداي,,3330000,
115844184,كنتاكتور 65 آمپر هيونداي,,6170000,
115844183,كنتاكتور 100 آمپر هيوندا,,7000000,
115844182,اهم متر هيوكي 3280 - 10f,,6000000,
115844181,سه راه پنوماتيك 2 طرف 12 وسط 8,,55000,
115844180,سه راه پنوماتيك 2 طرف 12 وسط 10,,73000,
115844179,سه راه پنوماتيك 2 طرف 10 وسط 6,,69000,
115844178,سه راه پنوماتيك 2 طرف 6 وسط 8,,58000,
115844177,سه راه پنوماتيك 2 طرف 8 وسط 6,,58000,
115844176,سه راه پنوماتيك 2 طرف 10 وسط 8,,61000,
115844175,سه راه پنوماتيك 2 طرف 8 وسط 10,,61000,
115844174,آچار يكسر رينگي 10 چيني,,53000,
115844173,فوم پوليش نارنجي 15 سانت مهره دار,,370000,
115844172,فتينگ پنوماتيك بيرون دنده 1/2*12 اورينگي,,70000,
115844171,رابط پنوماتيك سايز 12*8,,26000,
115844170,بوشن 3/8 فشار قوي,,50000,
115844169,بوشن 1/2 فشار قوي,,55000,
115844168,پوشال كولر 13000,,630000,
115844167,قلم مو ونيسا سايز 2/5,,52000,
115844166,قلم مو ونيسا سايز 1,,21000,
115844165,قلم مو ونيسا سايز 2,,43000,
115844164,رنگ روغني سفيد نيم براق حلب نيپون,,3390000,
115844163,رنگ روغني سفيد نيم براق گالن نيپون,,865000,
115844162,رنگ روغني آبي سوله اطلس حلب,,1830000,
115844161,اينورتر 5000,,1198000,
115844160,اينورتر 3000,,7398000,
115844159,لوله فلكسي سايز 25,,50000,
115844158,لوله فلكسي سايز 16,,24000,
115844157,لوله فلكسي سايز 13,,21000,
115844156,فنر خم لوله سايز 16,,460000,
115844155,سنباده متوسط پشت كركي 400,,30000,
115844154,سنباده متوسط پشت كركي 220,,30000,
115844153,ضد زنگ اخرا آيسان كيلو,,70000,
115844152,درپوش انتها ريسه شلنگي نئون,,5000,
115844151,گيره نصب ريسه شلنگي نئون,,10000,
115844150,رابط ريسه شلنگي نئون,,25000,
115844149,درايور ريسه شلنگي نئون,,50000,
115844148,درپوش انتها ريسه شلنگي,,5000,
115844147,گيره نصب ريسه شلنگي,,10000,
115844146,رابط ريسه شلنگي,,20000,
115844145,درايور ريسه شلنگي هفت رنگ,,100000,
115844144,ريسه شلنگي نئون رنگي,,75000,
115844143,ريسه شلنگي نئون صدفي,,75000,
115844142,ريسه شلنگي نئون آفتابي,,75000,
115844141,ريسه شلنگي نئون مهتابي,,75000,
115844140,سنباده متوسط پشت كركي 100,,30000,
115844139,سنباده متوسط پشت كركي 80,,30000,
115844138,سنباده متوسط پشت كركي 180,,30000,
115844137,سنباده متوسط پشت كركي 60,,30000,
115844136,سنباده متوسط پشت كركي 40,,30000,
115844135,مغار سايز 10,,290000,
115844134,آچار F 28,,350000,
115844133,آچار F 26,,330000,
115844132,آچار F 24,,290000,
115844131,آچار F 22,,270000,
115844130,آچار F 20,,240000,
115844129,آچار F 18,,210000,
115844128,آچار F 16,,195000,
115844127,آچار F 14,,170000,
115844126,آچار F 10,,132000,
115844125,چرخ 200 زباله جديد PVC ورق 3 ميل فلزي,,315000,
115844124,چرخ 200 زباله گردان ورق 3 ميل فلزي,,380000,
115844121,چسب 123 ترك سان ميني,,75000,
115844120,رنگ اكريليكي پرايمر دبه 521,,305000,
115844119,رنگ اكريليك ممتاز وين كالر دبه 821,,1154000,1332500
115844118,رنگ اكريليك پرايمين وين كالر دبه 811,,817000,859700
115844117,رنگ پلاستيك كالريت حلب 421 وين كالر,,971000,
115844116,رنگ پلاستيك وين كالر دبه 421,,532000,564900
115844115,كارواش 100 بار 1200 وات آروا مدل 5184,,5398000,5907000
115844114,دستگاه جوش 200 آمپر آروا مدل 2180,,7999000,9393300
115844113,دستگاه جوش آهن آروا  215 آمپر مدل 2176,,16990000,18836200
115844112,دريل شارژي 21 ولت ايراني آروا مدل 5825,,6899000,8031900
115844111,دريل شارژي 18 ولت چكشي مدل 5843,,5698000,
115844110,سنگ فرز آهنگري 2600 وات آروا 5534,,9499000,10032500
115844109,سنگ فرز آهنگري 2600 وات آروا مدل 5504,,9499000,10747400
115844108,بتن كن 3 كيلويي 800 وات آروا مدل 5272,,5999000,6548600
115844106,بتن كن 3 كيلويي 850 وات آروا 5271,,6999000,8153700
115844105,فنر خم لوله سايز 13,,430000,
115844104,چكش 500 گرمي آروا 4233,,450000,
115844103,روغن ترمز سوپر آليان 1/4 ليتري d3 سپهر,,165000,
115844102,اسپري روان كننده b52 همه كاره 400 ميلي كاسپين,,85000,
115844100,قفل كتابي فولادي 94 گلف برنجي,,640000,
115844099,پيچ گوشتي تكي 100*5 چهارسو چيني,,100000,
115844098,پيچ گوشتي تكي 100*5 دوسو چيني,,100000,
115844096,رول تنظيف سنگين,,750000,
115844095,رول تنظيف,,320000,
115844093,قوطي برق كنافي,,20000,
115844092,ملاقه سيمان كاري متوسط,,47000,
115844091,تينر سوپر پلي اورتان گالن بيات,,823000,
115844090,اجاق گاز 2 شعله برقي اخوان مدل ge2 روميزي استيل شيشه اي,,23265000,25340700
115844089,سينك فانتزي اخوان مدل 163sp روكار لگن چپ,,3990100,4500400
115844088,سينك فانتزي اخوان مدل 163sp روكار لگن راست,,3990100,4388200
115844087,سينك فانتزي اخوان 2 لگنه مدل 148 روكار لگن چپ 60*120,,8537900,9177200
115844086,سينك فانتزي اخوان 2 لگنه مدل 148 روكار لگن راست 60*120,,8537900,9768700
115844085,لامپ ال اي دي 15 وات حبابي صدفي فرنام,,88600,104500
115844084,لامپ پنلي 24وات سايز شو مهتابي فرنام,,289000,316600
115844083,لامپ پنلي 24وات سايز شو صدفي فرنام,,289000,322400
115844082,لامپ پنلي 18وات سايز شو مهتابي فرنام,,209000,221400
115844081,لامپ پنلي 18وات سايز شو صدفي فرنام,,209000,225300
115844080,لامپ پنلي 10وات سايز شو مهتابي فرنام,,131000,144800
115844079,لامپ پنلي 10وات سايز شو صدفي فرنام,,131000,142900
115844078,لامپ ال اي دي 12وات حبابي صدفي فرنام,,65500,75300
115844077,لامپ ال اي دي 9وات حبابي صدفي فرنام,,54000,63700
115844076,چراغ خطي 80 وات آفتابي فرنام,,580000,664900
115844075,چراغ خطي 80 وات مهتابي فرنام,,580000,656800
115844074,چراغ خطي 40 وات مهتابي فرنام,,300000,325600
115844073,لامپ پنلي 36وات سايز شو صدفي فرنام,,362000,396500
115844072,لامپ ال اي دي 25 وات آفتابي فرنام,,166000,181700
115844071,لامپ ال اي دي 25 وات مهتابي فرنام,,166000,177100
115844070,لامپ ال اي دي 20 وات آفتابي فرنام,,128800,137600
115844069,لامپ ال اي دي 20 وات مهتابي فرنام,,128800,150600
115844068,رنگ پوشرنگ نيم پلاستيك وين كالر دبه 441,,997000,1167700
115844067,نردبان چوبي,,1472000,
115844066,غلطك همه كاره تيك رول سايز 25,,110000,
115844065,رنگ اكريليك اطلس جلا براق گالن كد 313,,742000,
115844064,رنگ اكريليك اطلس جلا براق كيلو كد 313,,219000,
115844063,شاپان قهوه اي سما گالن,,175000,
115844062,قلم مو سايز 4,,145000,
115844061,قلم مو آريا سايز 3,,69000,
115844060,قلم مو سايز 2,,70000,
115844059,قلم مو سايز 1,,40000,
115844057,جا دستمال بزرگ مبين,,95000,
115844056,جا دستمال صدف كوچك مبين,,90000,
115844055,كمپرسور 250 ليتري,,23000000,
115844054,دستگاه چسب حرارتي متابو,,3800000,
115844053,آچار دو دسته (شلاقي) 1/5 اينچ ايران پتك,,1070000,
115844052,آبپاش فشنگي ابتكار,,300000,
115844051,آلن چيني 14,,30000,
115844050,آلن چيني 12,,25000,
115844049,آلن چيني 10,,20000,
115844048,آلن چيني 8,,16000,
115844047,آلن چيني 6,,13000,
115844046,آلن چيني 5,,11000,
115844045,آلن چيني 4,,9000,
115844044,آلن چيني 3,,7000,
115844043,آلن چيني 2/5,,5000,
115844042,كيف دستگاه جوش,,515000,
115844041,كيف ابزار 017,,365000,
115844040,اجاق پروفيلي 33*33,,540000,
115844039,سم آيكون,,16000,
115844030,سم گندومي موش,,38000,
115844029,سم سيانور موش,,26000,
115844028,كيف ابزار متوسط,,68000,
115844027,كيف ابزار كوچك,,52000,
115844026,چرخ 75 ترمز دار نارنجي,,225000,
115844025,بكس بادي 1/2 برند سوليما تايواني كد 5507,,5200000,
115844024,دريل شارژي 20ولت اكتيو مدل 3520,,4990000,
115844023,دريل شارژي 12ولت اكتيو مدل 2812,,1465000,
115844022,دستكش اقتصادي توتاص,,50000,
115844021,سطل زباله 100 ليتري بدون پدال,,980000,
115844018,گالن پيك نيكي 25 ليتري شيردار كيش,,140000,
115844017,گالن پيك نيكي 18 ليتري شيردار كيش,,120000,
115844016,يخدان 60 ليتري به همراه سيني مخصوص كيش,,1180000,
115844015,يخدان 30 ليتري كيش,,730000,
115844014,يخدان 27 ليتري به همراه سيني مخصوص كيش,,820000,
115844013,يخدان 15 ليتري كيش,,460000,
115844012,كلمن 5/5 ليتري با درب كشويي,,300000,
115844011,جعبه تابلو برق 13*30*20 دانوب,,412000,
115844010,جعبه تابلو برق شيشه اي 21*50*40 دانوب,,1810000,
115844009,فرز مينياتوري بادي DA 54000,,2150000,
115844008,سه نظام توسن مدل ktc10-01,,321400,364400
115844007,سه نظام توسن مدل kc10-01,,353600,403200
115844006,رسوب گير سيمي مكث (كتري),,45000,
115844005,دستمال ميكروفايبر 4 عددي هوم شاين 40*28,,85000,
115844004,دستمال جادويي مخصوص شيشه و استيل وايت 40*40,,110000,
115844003,دستمال جادويي انواع سطوح وايت 40*40,,110000,
115844002,پنكه ويداسي 225,,900000,
115844001,پنكه ويداسي 202,,880000,
115843999,مينياتوري محافظ جان 32 آمپر سه فاز هيوندا,,3740000,
115843998,مينياتوري 10 آمپر سه فاز هيوندا,,930000,
115843997,مينياتوري 20 آمپر تك فاز هيوندا,,290000,
115843996,مينياتوري 10 آمپر تك فاز هيوندا,,290000,
115843995,كليد تنظيم اتوماتيك 100 آمپر هيوندا اصل,,5100000,5438000
115843994,گوني نخاله بزرگ,,5800,
115843993,كلنگ معمار كار,,200000,
115843992,ترمينال رعد جمپر 16,,275000,
115843991,ترمينال رعد جمپر 10,,156000,
115843990,ترمينال رعد جمپر 6,,18500,
115843989,ترمينال رعد جمپر 4,,128000,
115843988,ترمينال رعد جمپر 2/5,,125000,
115843987,سرپيك نووا دو تيكه 2582,,8750000,9974800
115843986,سر پيك برش نووا دو منظوره 2585,,9900000,10533700
115843985,سراميك برنووا 2723,,1200000,
115843984,سراميك بر ميني نووا 2711,,520000,565600
115843983,گرانيت بر نووا 230 كد 2623,,1540000,1749700
115843975,گرانيت بر نووا 115 كد 2611,,760000,882300
115843966,فازمتر نووا ديجيتالي 1910,,185000,200400
115843965,بكس همه كاره نووا 7402,,2185000,2315200
115843964,انبر قفلي 10 نووا اتومات 2290,,1610000,1800800
115843963,كاتر موكت بر نووا كد 1302,,379500,416700
115843962,متر 5 نووا 5025,,356500,394100
115843960,آلن كارتي 6 پر نووا 1152,,621000,727900
115843959,آلن كارتي ستاره اي نووا 1162,,725000,763700
115843958,آلن كارتي ستاره اي نووا بلند 1164,,840000,972200
115843957,سيم لخت كن نووا اتومات 8060,,1000000,1106600
115843956,آبپاش توسن 3 حالته  كد  T 5102,7530588346564,945000,1000000
115843955,اره نووا تاشو 21 سانت 2321,,1300000,1368500
115843954,پيستوله نووا كاسه رو e70 كد 2816,,2300000,2628100
115843953,چكش دو شاخ نووا 500 دسته فيبري 6250,,840000,906800
115843952,چكش دو شاخ نووا 250 دسته فيبري 6225,,609500,647900
115843951,چكش 100 نووا دسته فايبري 2501,,275000,312600
115843950,هواكش صنعتي 35 تكفاز 2800 دور 5 پره تكنوتك,,3880000,
115843949,مينياتوري 100 آمپر سه فاز هيوندا,,950000,
115843948,آچار فرانسه 24 نووا 3024,,4370000,4645700
115843947,آچار فرانسه 12 نووا 3004,,1207500,1321300
115843946,كمان اره نووا دوقلو 2353,,1035000,1111300
115843945,دم برقي 2 اينچ sta 1221,,1580000,
115843944,دسته جارو زبان گنجشك,,105000,
115843943,متر 50 نووا فايبر گلاس 1550,,1259800,1389900
115843942,متر 30 نووا فايبر گلاس 1530,,879800,941100
115843941,متر 10 توسن سري كابالو,,550000,589300
115843940,متر 8 توسن سري كابالو,,530000,578700
115843938,متر 5.5 توسن سري كابالو,,380000,440400
115843937,متر 3 واستر مشكي,,145000,
115843936,درجه باد كارگاهي نووا 2702,,1500000,1690700
115843935,اره گردبر نووا 190 ميلي متر 5350,,8250000,9153000
115843934,دم باريك الكتريكي نووا 8122,,345000,395200
115843933,تراز ليزري توسن 360 درجه سه بعدي 3604,,16445000,17840100
115843932,انبر قفلي 5 توسن,,640000,
115843931,آچار فرانسه 4 كربن استيل توسن,,551400,595400
115843930,كارواش شارژي نووا 18 ولت مدل 5500,,11000000,12945700
115843929,پيستوله نووا دوكاسه 2618,,3910000,4596900
115843928,پيستوله نووا دوكاسه 2616,,3910000,4128700
115843927,سيم چين 7 توسن سري آرچر,,425000,447800
115843926,سيم چين توسن كله گاوي,,480000,520900
115843925,سيم چين 6 توسن سري d,,425000,477600
115843924,هواكش صنعتي 40 سه فاز 1400 دور تكنوتك,,3100000,
115843923,جك روغني 15 تن نووا 2115,,5060000,5374100
115843922,قيچي باغباني توسن 120 تايوان,,980000,1129800
115843921,قيچي باغباني توسن 119 تايوان,,769500,829500
115843920,چكش 500 گرم توسن,,500000,547300
115843919,چكش 300 گرم توسن,,460000,525000
115843918,چكش دو شاخ توسن 250 گرم دسته بلند,,563500,634300
115843917,تفنگ باد توسن,,320000,356900
115843916,كارواش 100 بار 1400 وات آيرون مكس 10u-1,,5250000,
115843915,كارواش 100 بار 1400 وات آيرون مكس 10u-6,,5250000,
115843914,پروفيل بر نووا 2400 وات 3510,,15400000,17745900
115843913,كارواش 100 بار نووا دينامي 4110,,15950000,17025400
115843894,گرد بر متغير 30 الي 120 ولف/همراه با تيغ يدك,,390000,
115843880,كولر 13000 آبسال,,25850000,
115843879,كيسه زباله 3 رول متوسط,,80000,
115843878,آچار F 12,,150000,
115843876,دستكش بنايي صنعتي L,,110000,
115843875,دستمال كاغذي 150 برگ,,33000,
115843874,دستمال اقتصادي بيتا بسته 10 عددي,,330000,
115843873,كيسه زباله درجه 1,,85000,
115843872,انبر اتصال صنعتي 500 امپر 5500 e اكتيو,,440000,
115843871,دم برقي 125 كنزاكس 2.5 اينچ 260 وات,,3898000,4337700
115843870,دم برقي 120 كنزاكس 2 اينچ 150 وات,,2798000,2996700
115843869,ست فرچه مبل شور 3 عددي سر دريلي,,320000,
115843868,هواكش صنعتي 40 تكفاز 2800 دور 4 پره تكنوتك,,4230000,
115843867,هواكش 10اكسي لاينip45  تكفاز 2350 دور دمنده,,443000,
115843866,هواكش صنعتي 40 تكفاز 1400 دور 4 پره تكنوتك,,3100000,
115843865,هواكش صنعتي 35 تكفاز 1400 دور 5 پره تكنوتك,,3000000,
115843864,هواكش صنعتي 30 تكفاز 2800 دور 4 پره تكنوتك,,3570000,
115843863,سه راهي بوشن فلزي ديواري 1.2*25 آذين,,115000,
115843862,سه راهي بوشن فلزي 1.2*25 آذين,,67200,
115843860,زانوي يكسر بوشن فلزي زوج 1.2*20,,133000,
115843859,سطل بنايي سنگين,,100000,
115843858,فرغون لوله اي آذر,,2650000,
115843856,سراميك بر ورتكس230,,780000,
115843842,درجه روغني,,1395000,
115843841,جعبه كليد مينياتوري 16 توكار,,495000,
115843840,زانو 16 عصايي پي وي سي,,10000,
115843839,زانو 13 عصايي پي وي سي,,8000,
115843838,فشار شكن آذر تك,,41000,
115843837,پمپ 2 اسب بشقابي 1/4 اينچ 29 متري ابارا مدل cmb2/00m local,,12400000,
115843836,پمپ 1 اسب بشقابي ابارا مدل پريميوم CMA1/00M,,7350000,
115843835,فلوتر برقي 3 متري,,640000,
115843833,جا دستمالي روكش دار يك طرف باز سفيد ليان,,190000,
115843832,مايع ظرف 20 ليتري حامي,,790000,
115843831,مايع دست 20 ليتري حامي,,790000,
115843823,گوشي صوتي و تصويري الكتروپيك حافظه دار مشكي 7-1294,,5050000,
115843822,لامپ زير كابينت 1 متري رنگي,,50000,
115843821,تراكينگ كادر دو تايي,,30500,
115843820,نري صنعتي 3 شاخ 32 آمپر پارت,,141000,
115843819,مادگي صنعتي 3 شاخ 32 آمپر پارت,,188000,
115843817,سر پيچ لامپ مشكي شمعي,,20000,
115843816,امواج فتوسل 30 آمپر شيوا,,600000,
115843815,امواج فتوسل 16 آمپر شيوا,,465000,
115843814,امواج فتوسل 10 آمپر شيوا,,365000,
115843813,پارت سر پيچ لامپ آويز e40 راكورد پلاستيكي,,52250,
115843812,پارت سيم سيار 9 خانه 1.8 متري شهاب,,559550,
115843811,پارت 4 خانه بدون ارت با كليد 1.8 متري مربعي,,342950,
115843809,پارت محافظ ولتاژ ورودي مينياتوري,,875900,
115843808,پارت محافظ كولر گاز گازي يخچال لباسشويي,,560500,
115843744,نوك پيچ گوشتي دوسر چهارسو 20 سانت 2*2*200,,110000,
115843727,مهتابي زير كابينتي 120cm,,390000,
115843711,مهتابي زير كابينتي 90cm,,330000,
115843710,مهتابي زير كابينتي 75cm,,300000,
115843709,مهتابي زير كابينتي 40cm,,235000,
115843708,مهتابي زير كابينتي 30cm,,230000,
115843707,چراغ خطي 120 پارس شعاع توس,,460000,
115843700,مته كبالت,,1038000,
115843574,قلم 5 شيار نوك تيز 18*280 ولف,,212000,
115843573,قلم 5 شيار نوك تخت 18*400*25 ولف,,288000,
115843572,قلم 5 شيار نوك تخت 18*280*25 ولف,,212000,
115843571,تبديل 4 شيار به سه نظام ولف,,60000,
115843570,دنباله گرد بر بزرگ سايز 32-250 ولف,,195000,
115843569,قلم 6 گوش پيكور چكش 810 نوك تيز 17*410 ولف,,215000,
115843563,بكس سردريلي سايز 13 ولف,,60000,
115843562,بكس سردريلي سايز 12 ولف,,60000,
115843561,نوك پيچ گوشتي 6.5 سانت سبز دو سر چهار سو تام تايواني,,55000,
115843542,رابط فنري تلسكوپي نوك پيچ گوشتي 30 سانت ولف,,78000,
115843541,بكس سردريلي سايز 14 ولف,,81000,
115843540,بكس سردريلي سايز 10 ولف,,50000,
115843539,بكس سردريلي سايز 8 ولف,,45000,
115843538,رابط بكس خور تبديل دريل به بكس درايو 3/8 ولف 6/5 سانت,,85000,
115843537,رابط بكس خور تبديل دريل به بكس درايو 1/2 ولف 7/2 سانت,,75000,
115843534,قلم 5 شيار نوك تخت 18*600*25 ولف,,422000,
115843528,قلم 4 شيار نوك تخت 14/400/25mm ولف,,186000,
115843527,قلم 4 شيار نوك تخت 14/250/25mm ولف,,111000,
115843526,مته مخصوص دنباله گرد بر 6.35 ولف,,59500,
115843523,گرد بر متغير 30 الي 200 ولف/همراه با تيغ يدك,,594000,
115843522,سفيد كننده 1 ليتري كيجا,,27500,
115843521,چوب لباسي شش خانه معمولي,,52000,
115843520,طناب بسته اي سايز 8,,45000,
115843519,گل سنگ آينه 106,,145000,
115843518,گل سنگ آينه 108,,175000,
115843517,گل سنگ آينه 104,,87000,
115843516,تايسز سوپر آينه دياموند,,170000,
115843515,آبچكان 12,,390000,
115843514,آبچكان 11,,400000,
115843513,آبچكان 8,,615000,
115843512,منگنه كوب قنادي اس 200,,490000,
115843511,عينك اسپرت دودي,,58000,
115843510,عينك جوشكاري برق چيني,,58000,
115843509,جعبه ي كمك هاي اوليه مانا,,230000,300000
115843506,هدلايت نواري 3 خط 689,,420000,
115843505,رابط پنوماتيك سايز 12*10,,41000,
115843504,رابط پنوماتيك سايز 12,,25000,
115843503,رابط پنوماتيك سايز 8*6,,26000,
115843502,سه راه پنوماتيك سايز 8,,30000,
115843501,سه راه پنوماتيك سايز 6,,30000,
115843500,رابط پنوماتيك سايز 10,,24000,
115843499,رابط پنوماتيك سايز 6,,25000,
115843498,رابط پنوماتيك سايز 8,,25000,
115843496,فواره تخم مرغي 1/2 جلگه,,310000,
115843495,شير قو ديواري بدون علم جلگه,,510000,
115843494,شير شيلنگي اهرمي جلگه,,552000,
115843493,شير آبسردكن و جا مايع برنجي شيده جلگه,,378000,
115843492,ست كارواش 5 عددي توسن 2214,,2207500,2535800
115843491,چسب شيشه اي كريستال توسن,,70000,81400
115843490,چكش دو شاخ توسن 250 گرم دسته كوتاه,,660000,700100
115843489,سري گريس پمپ توسن,,116000,125600
115843488,سر پيك برش توسن يك تيكه كد 6300,,4830000,5691400
115843487,چكش تخريب 11 كيلو توسن 6010 DH,,27500000,32384000
115843486,چسب آب بندي Z90 مدل NSGC دبه 10 ليتري,,2300000,
115843485,ليوان P.P يكبار مصرف,,200,
115843484,فرز پوليش اوربيتال توسن 3410B,,10558000,11917000
115843481,بي سيم UV8D,,3900000,
115843480,بي سيم UV82,,5000000,
115843479,بي سيم UV9R,,5500000,
115843478,چراغ قوه ويداسي 833,,740000,
115843477,چراغ قوه ويداسي كوهنوردي 5147,,390000,
115843476,چراغ قوه ويداسي 7823,,650000,
115843468,مگس كش ويداسي 965,,700000,
115843467,مگس كش ويداسي 959,,900000,
115843466,چراغ قوه ويداسي 6046,,800000,
115843465,چراغ قوه ويداسي 6067,,450000,
115843464,چراغ قوه ويداسي 6082,,450000,
115843463,چراغ قوه ويداسي 6039,,475000,
115843462,چراغ قوه ويداسي 543,,700000,
115843461,چراغ قوه ويداسي 576,,1300000,
115843460,چراغ قوه ويداسي 566,,800000,
115843459,چراغ قوه ويداسي 561,,550000,
115843458,چراغ قوه ويداسي 307,,500000,
115843457,چراغ قوه ويداسي 883,,750000,
115843456,چراغ قوه ويداسي 829,,830000,
115843455,"مهره ماسوره طلايي """"1",,180000,
115843454,صفحه پرسلان بر آيرون مكس 180,,870000,
115843453,صفحه پرسلان بر آيرون مكس 115,,430000,
115843452,فتينگ پنوماتيك بيرون دنده 1/4*10,,50000,
115843451,فتينگ پنوماتيك بيرون دنده 1/2*6 اورينگي,,83000,
115843450,فتينگ پنوماتيك بيرون دنده 1/4*6 اورينگي,,36000,
115843448,فتينگ پنوماتيك بيرون دنده 1/8*6 اورينگي,,36000,
115843447,فتينگ پنوماتيك بيرون دنده 1/2*8 اورينگي,,100000,
115843446,فتينگ پنوماتيك بيرون دنده 1/4*8 اورينگي,,55000,
115843445,فتينگ پنوماتيك بيرون دنده 1/8*8,,36000,
115843443,مايع دست 4 ليتري گلرنگ,,246000,
115843442,مايع ظرف 4 ليتري گلرنگ,,347000,
115843441,قفل فرمان نووا L 100 كد 8210,,1955000,2304700
115843440,سنگ سنباده روميزي 200 نووا كد 3904,,12100000,12961500
115843439,سنگ سنباده روميزي 125 نووا كد 3901,,5830000,6200300
115843438,لولا سرنيزه,,17000,
115843433,چكش دو شاخ 500 گرمي ورتكس,,660000,
115843432,لوله هواكش فنري 6متري سايز 15,,350000,
115843431,برس جارو برقي (سري جارو),,120000,
115843430,ضربه گير طرح گل مكث,,25000,
115843429,فيلتر آب كولر,,200000,
115843428,لوله استيل جارو برقي,,320000,
115843427,زانو لوله جارو برقي,,38000,
115843426,برس جارو برقي طرح بوش-سامسونگ(سري جارو),,200000,
115843425,چسب شيشه اي 5 سانت پيشتاز,,70000,
115843423,چسب 123 دوپلي كالر 400 ميل,,175000,
115843422,كاغذ a5,,148000,
115843421,كاغذ a4,,250000,
115843420,چسب حرارتي بزرگ جانسون,,480000,
115843419,شلوار كار سرمه اي,,375000,
115843417,دو شاخ تير كماني خروجي لباسشويي,,50000,
115843416,بوگير يخچال اولترا بزرگ,,160000,
115843415,بوگير يخچال اولترا كوچك,,85000,
115843414,حوله يكبار مصرف 80*40,,65000,
115843413,زير مبلي ژله اي,,23000,
115843412,ضربه گير پشت چسب دار گرد,,90000,
115843411,پودر لوله باز كن هاي تكس,,50000,
115843410,چسب محافظ ريشه فرش,,120000,
115843409,ترمز فرش 30*15 مكث دو رو چسب,,27000,
115843408,ترمز فرش 20*10 مكث دو رو چسب,,50000,
115843407,نوار درز گير فومي 4 متري باريك مكث,,35000,
115843406,نوار درز گير فومي 4 متري پهن مكث,,60000,
115843405,آچار يكسر تخت رينگي سايز 8,,65000,
115843404,كمربند هارنس توتاص با قلاب بزرگ,,2500000,
115843401,ريسمان كار كيميا  كد 300,,30000,
115843400,فرغون پارس صنعت لوله اي,,2260000,
115843399,منگنه كوب دستي نووا  تايوان مدل 1170,,1380000,1601600
115843398,قيچي لوله نووا اتومات مدل 1176,,805000,854600
115843396,قيچي لوله نووا اتومات مدل 1178,,1500000,1648000
115843395,متر فلزي 5 متري نووا مدل 5025,,240000,
115843394,پروفيل بر توسن پلاس مدل 5198,,14960000,16584400
115843381,صفحه چوب ساب تخت و مورب,,380000,
115843376,پوليش ايراني بند دار و پشت چسبي,,30000,
115843375,تيغ سراميك بر كوچك,,170000,
115843374,تيغ كاتر ذوذنقه,,10000,
115843373,شيلنگ آب ياسا معمولي 1 اينچ (24) كلاف 40 متري,,102000,
115843372,شيلنگ آب ياسا نخ دار 1 اينچ (24 ) كلاف 40 متري,,120000,
115843371,شيلنگ آب ياسا معمولي 3/4 اينچ (20 ) كلاف 50 متري,,86000,
115843370,شيلنگ آب ياسا معمولي 1/2 اينچ (13) كلاف 50 متري,,60000,
115843369,شيلنگ آب ياسا نخ دار 1/2 اينچ (13) كلاف 70 متري,,67000,
115843367,اسپري شيشه مات كن دوپلي كالر,,220000,
115843366,اسپري كانتكت كلينر (برد الكترونيكي) دوپلي كالر,,290000,
115843365,اسپري مولتي اويل روان كننده دوپلي كالر,,220000,
115843364,اسپري رينگ نقره اي 400 دوپلي كالر,,290000,
115843363,اسپري رينگ مشكي 400 دوپلي كالر,,290000,
115843362,رنگ روغني قرمز اطلس گالن,,803000,
115843361,رنگ روغني قرمز اطلس كيلو,,254000,
115843360,تسمه بسته بندي ماشيني سايز 12,,46000,
115843358,جا اسكاجي آهني آسنا,,170000,
115843355,لنديار شوكر تك قلاب بزرگ طناب بلند توتاص,,1635000,
115843354,بند حايل كمربند ايمني توتاص,,650000,
115843353,جا سيخي گالوانيزه,,130000,
115843352,باربيكيو 70درب دار بغل شعله,,7500000,
115843351,باربيكيو 70درب دار,,7500000,
115843350,مايع لباس 10 ليتري حامي,,400000,
115843349,ويبراتور دريلي بتن 2700 كنزاكس 1500 وات,,4798000,5427600
115843347,كارواش 110 بار صنعتي 1400 وات هيوندا كد HP 1411,,9999000,
115843346,كارواش 160بار حرفه اي دينامي 2200 وات هيوندا كد HP 2216,,19999000,
115843345,كارواش 120 بار ذغالي 1500 وات هيوندا كد PW 1526,,8599000,9146300
115843344,كارواش 100 بار دينامي 1400 وات هيوندا HP 1430,,9999000,11390900
115843343,مايع دست 10 ليتري حامي,,510000,
115843342,شيشه شور 10 ليتري پاكشو,,220000,
115843341,اسپري شيشه شور من,,50000,
115843340,تايد دستي,,18900,
115843339,چاي شهرزاد,,440000,
115843334,سماور 20 ليتري استيل گرد گازي,,5850000,
115843333,سماور 20 ليتري استيل گرد برقي,,4400000,
115843332,نوار خطي مشكي 2 اينچ,,129000,
115843331,نوار خطي سفيد 2 اينچ,,130000,
115843330,سر شير حياطي 3/4,,30000,
115843321,شيلنگ پيسوار 1/2 پايه بلند 60 سانت,,125000,
115843320,شيلنگ پيسوار 3/8 پايه بلند 60 سانت,,125000,
115843318,شيلنگ رابط 1/2 اينچ 50 سانت,,120000,
115843317,شيلنگ دو سر مهره پكيج 1/2 اينچ 30 سانت,,190000,
115843316,شيلنگ دو سر مهره 1/2 اينچ 30 سانت,,110000,
115843315,شيلنگ رابط پكيج 1/2 اينچ 50 سانت,,200000,
115843314,ناوداني كولر 4500,,20000,
115843313,دستكش جوشكاري تمام چرم كوتاه 2,,140000,
115843312,پيچ گوشتي ضربه خور 15*6,,90000,
115843311,طناب بسته اي سايز 5,,30000,
115843310,پيچ آلن كولري,,2000,
115843309,شيلنگ تبديل يك سر مهره 3/8 اينچ به 1/2 اينچ,,100000,
115843308,سرسيم صاف كولري,,2000,
115843307,آبپاش ماشين شور LH,,175000,
115843306,كلاه ايمني پرشين سافتي سفيد,,430000,
115843305,روپيچ تو پيچ كروم2.5سانت,,35000,
115843304,روپيچ تو پيچ كروم 3سانت,,40000,
115843303,شيلنگ باد فنري 5 متر سايز 8 تايوان,,245000,
115843302,گلداني چاه سايز 70 سبز مواد نو,,1380000,
115843301,رنگ فوري مشكي 9005 تام اتومبيلي,,350000,
115843300,كباب پز استيل 70 سانتي,,1550000,
115843293,درجه باد روغني 12 بار,,750000,
115843291,پيستوله رنگ پاش كاسه فلزي بادي دو تنظيم كنزاكس مدل E70,,1798000,2104300
115843290,چكش تخريب كنزاكس 16/5 كيلو مدل 6300,,39980000,44009800
115843289,دريل همزن 2 تيغ 2050 وات كنزاكس مدل 2383,,14898000,16765200
115843288,صفحه نمد ترك 115,,115000,
115843287,صفحه كف ساب بتن 115,,510000,
115843285,شيمي ساختمان چسب پودري BK1 سفيد,,370000,
115843284,شيمي ساختمان گروت 25 كيلو,,250000,
115843283,كيسه زباله 55*70,,65000,
115843282,رنگ فوري مشكي مات تام اتومبيلي,,350000,
115843281,جعبه بكس 108 پارچه باس,,2400000,
115843279,سوهان اره تيز كني اره موتوري,,150000,
115843278,نوك پيچ گوشتي T40,,46000,
115843277,نوك پيچ گوشتي يكطرفه ستاره اي T 20 سبز 5 سانت تام,,50000,
115843274,قفل مقابل برقي ريموت دار,,2600000,
115843273,سيلندر 7 سانت كامپيوتري آماتيس,,260000,
115843272,سيلندر 7 سانت تسمه اي دو شيار آماتيس,,480000,
115843271,سيلندر 7 سانتي تمام برنج روستيك,,420000,
115843270,زنجير اره موتوري 50 سانت SHTHIL,,650000,
115843269,پمپ آب كولر الكتروژن زرد,,570000,
115843268,آبگرمكن 80 ليتري برقي فراست,,3640000,
115843267,كاسه پيستوله داخل و بيرون رزوه آهني,,120000,
115843266,فرچه سيمي استيل 10,,260000,
115843265,فرچه سيمي سردريلي قلمي 25,,75000,
115843264,فرچه سيمي سردريلي قلمي 15,,50000,
115843263,شيلنگ باد فنري 20 متري تايواني,,1000000,
115843262,آنتن هوايي 2011 هاني,,630000,
115843261,هواكش خانگي دمنده پلاستيك 20,,632000,
115843260,هواكش خانگي دمنده فلزي 25 پر دور,,1045000,
115843259,هواكش فلزي دمنده 30 كم دور,,1045000,
115843258,تلمبه باد دستي كنزاكس مدل 105 درجه دار,,998000,1073700
115843257,تراز ليزري هيوسان مدل 1210,,6710000,
115843256,پيستوله رنگ پاش كاسه فلزي بادي دو تنظيم كنزاكس مدل G70,,1998000,2350100
115843255,پيستوله رنگ پاش كاسه پلاستيك دو تنظيم كنزاكس مدل 990,,1698000,1827400
115843254,پيستوله رنگ پاش كاسه پلاستيك دو تنظيم كنزاكس مدل s990,,1698000,1906000
115843253,پيستوله رنگ بادي پاش كاسه پلاستيك كنزاكس مدل 827,,2498000,2714900
115843252,پيستوله سايه پاش كنزاكس سه تنظيم كاسه پلاستيك مدل 2001,,1798000,2101000
115843251,پيستوله سايه پاش كنزاكس دو تنظيم كاسه فلزي مدل cv1,,1598000,1688000
115843250,تراز ليزري كنزاكس دو خط نور سبز شارژي كد 1144 پايه دار,,9198000,9967200
115843249,كارواش 170بار كنزاكس مدل 6526,,25998000,
115843248,فويل 170ميكرون متري,,128000,
115843247,فرغون پارس اصل لوله اي,,2500000,
115843246,اتو لوله 2000 وات گوشه زن كنزاكس مدل 3810 با متعلقات,,6198000,7074300
115843245,سنباده لرزان اوربيتال 450 وات كنزاكس 150م م مدل 4615,,5698000,6230600
115843244,سنباده لرزان اوربيتال كنزاكس 125م م مدل 4612,,3998000,4709600
115843243,رنگ نيم پلاستيك اطلس حلب,,648000,
115843242,دوشاخ صنعتي نسيم,,35000,
115843241,رنگ قرمز ترافيكي كلرا گالن,,1283000,
115843240,تينر فوري 20 هزار B تانيل حلب,,1340000,
115843239,جعبه بكس 121 پارچه باس,,4400000,
115843238,جعبه بكس 172 پارچه باس,,5000000,
115843237,زير سري چدني سفيد مشكي نقري,,15000,
115843236,پودر بندكشي طوسي 15 كيلو اكتيو,,545000,
115843235,دريل شارژي 16ولت رونيكس مدل8615,,4198000,4740600
115843234,دريل شارژي 12 ولت رونيكس مدل8613,,5780000,6194700
115843233,ميني فرز 1000وات ديمردار دسته بلند لكا مدل10-115-L,,4100000,4400000
115843232,ميني فرز 1000وات ديمردار لكا مدل 1-10-115,,4100000,4400000
115843231,قيچي باغباني شارژي اكتيو مدل 6232,,5200000,
115843230,اره زنجيري شارژي 21ولت اكتيو,,5600000,
115843229,كلنگ ورتكس,,340000,
115843228,مخزن جا مايع 10 ليتري استيل جلگه,,5760000,
115843227,دريل برقي توسن كد 0022DBX,,5280000,5784500
115843226,غلطك همه كاره دني سايز 25,,130000,
115843225,قلم مو اوستا سايز 3,,67500,
115843224,قلم مو اوستا سايز 1,,20000,
115843223,چسب پلي اورتان مشكي (آكواريومي),,270000,
115843222,پارچه تي ماكاروني ارج,,165000,
115843217,چرخ خالي 160 آلماني,,350000,
115843216,پمپ 2 اسب 58 متري دو پروانه UFO مدل BX200,,7150000,
115843215,براكت تلويزيون 43-22,,350000,
115843214,براكت تلويزيون ثابت 105-55,,800000,
115843213,كابل افشان نسوز آتش نشاني 1.5 *  3,,79000,92300
115843212,براكت تلويزيون متحرك 55-32,,750000,
115843211,براكت تلويزيون W5 متحرك 58-32,,805000,
115843210,براكت تلويزيون W2 متحرك 43-17,,590000,
115843209,سلفون 100,,100000,
115843208,سلفون 200,,185000,
115843207,جعبه دريل و فرز كوچك,,500000,
115843205,جا مايع پاندا تك 123,,85000,
115843198,دريل چكشي 550 وات آروا مدل 5332,,2990000,3311300
115843197,جك سوسماري هيدروليك 3 تن آروا 4350,,9999000,11090900
115843196,جك سوسماري هيدروليك 2/5 تن آروا 4349,,6999000,7389200
115843195,جك روغني هيدروليك  15 تن 4334 آروا,,3798000,4449600
115843194,جك روغني هيدروليك 5 تن 4332 آروا,,2498000,2855200
115843193,جك روغني هيدروليك 3 تن 4331 آروا,,1798000,2059700
115843192,جك روغني هيدروليك 2 تن 4330 آروا,,1999000,2302100
115843191,قلاب كارابين نمره 12,,80000,
115843190,دستگيره سوييچي خالدار,,240000,
115843189,فنر لوله باز كن 4 متر,,85000,
115843188,فنر لوله باز كن 20 متر,,400000,
115843187,فنر لوله باز كن 7 متر,,135000,
115843186,سيم افشان 6 * 1 قرمز,,107500,122900
115843185,اسپري فوم لاستيك گاني 650ml,,380000,
115843184,تفلن مايع  تركيه 50ml,,165000,
115843182,تخته بنايي 30سانتي روس,,2200000,
115843181,كولر آبي جنرال 5800 موتور موتورژن بالا زن,,11800000,
115843180,كولر آبي جنرال 5500 موتور موتورژن,,11600000,
115843179,بيلچه مقني ورتكس,,110000,
115843178,نايلون عريض 10 متري,,80000,
115843176,طلق 140-0/15,,50000,
115843171,قفل گرد 3 قاف,,820000,
115843170,پمپ آب كولر موتوژن,,570000,
115843169,كاتر موكت بر ورتكس كد 1017,,165000,
115843168,سطل زباله 40 ليتري,,540000,
115843167,صفحه ساب چوب GERINDER  كد66021 مورب سايز 110,,435000,
115843166,صفحه ساب چوب GERINDER  كد 66020 تخت سايز 115,,435000,
115843165,دسته جغجغه سايز  1/2 ورتكس,,1400000,
115843164,رابط بلند بكس 25 سانت سايز 1/2 ورتكس,,340000,
115843163,ريسمان كار تابان كد 400,,30000,
115843161,صفحه پرسلان بر ميني 115 SHOMER,,260000,
115843160,صفحه پرسلان بر 180 KARENZO,,930000,
115843159,آچار لوله گير ( شلاقي ) سايز 18 اينچ ورتكس,,665000,
115843158,آچار لوله گير ( شلاقي ) سايز 10 اينچ ورتكس,,430000,
115843157,دسته بكس T كشويي سايز 1/2 ورتكس,,420000,
115843156,تراز بنايي 40 سانت ورتكس,,1180000,
115843155,كاتر آلومينيومي ورتكس سايز 18 ميلي,,97000,
115843154,آچار يكسر تخت رينگي ورتكس سايز 13,,75000,
115843153,آچار يكسر تخت رينگي ورتكس سايز 14,,100000,
115843152,چسب كاشت ميلگرد MEMO HAT,,690000,
115843151,ياتاقان كولر 3000 نوين,,45000,
115843150,پايه كولر 5000 به بالا,,350000,
115843149,لامپ 9 وات حبابي مهتابي پارس اروند,,47000,
115843148,قلاب كارابين پيچي نمره 12,,105000,
115843147,قلاب كارابين پيچي نمره 10,,80000,
115843146,قلاب كارابين پيچي نمره 8,,60000,
115843145,قلاب كارابين پيچي نمره 6,,45000,
115843144,آچار فرانسه هيوندا مدل HT 9010,,780000,876600
115843143,محك دريل بتن كن چرخشي 32 ميليمتر 4 حالته با كيف و قلم HDM-324H,4102360036562,15708000,17000000
115843142,"محك پيچ گوشتي شارژي 3/6 ولت ليتيوم CSD,3.6H",8437575570560,2838000,3000000
115843141,محك منگنه ميخكوب برقي SN-1415,5205531876758,2398000,2500000
115843140,محك فرز همه كاره با لوازم MFT-250,0651141735766,5698000,5800000
115843139,سه راه دوش مهره دار,,190000,
115843138,تي خشكن 50 سانتي,,90000,
115843137,قفل 3 لول داف,,820000,
115843136,قفل حياطي داف 120 - 116,,800000,
115843135,قفل حياطي داف 630,,800000,
115843134,علم دوش دو كاره فلت پارسيان آرين,,1600000,
115843133,پمپ كفكش شناور 1.5 اسب اسكوبايي 75 متري 1-1/4 فلوتر دار SENKOUN مدل 407,,12250000,
115843132,پمپ كفكش 18 متري 1 اينچ بدنه چدن ابارا مدل SDJ25-3.5/0.37 M,,4830000,
115843129,پمپ كفكش 7 متري 3 اينچ ابارا مدل SDA80-48/101M,,7835000,
115843128,موتور برق 8500 وات ديزلي SUN POWER مدل SP14000DE3T استارتي سه فاز,,100000000,
115843127,پمپ كفكش 12 ولت ICAR مدل SB12 V,,2500000,
115843126,پمپ كفكش 8 متري 1 اينچ تمام استيل 24 ولت DROP مدل ZQB24,,2600000,
115843125,پمپ 18 متري آبگرمكني DROP مدل 15WG-260,,2950000,
115843124,پمپ 15 متري آبگرمكني DROP مدل 15WG-120,,2150000,
115843123,پمپ 10 متري آبگرمكني DROP مدل 15wG -90,,1700000,
115843122,پمپ 0.5 اسب محيطي 32 متري برنجي شيمجه مدل KW 370,,7600000,
115843121,تيوپ200*150 ليتري(دهانه80 ),,1900000,
115843120,تيوپ منبع تحت فشار 100*80 بسته,,1250000,
115843118,تيوپ منبع تحت فشار100*80 باز,,1250000,
115843116,پمپ 0.5 اسب محيطي 40 متري PEDRALIA ساخت چين مدل PKM60,,2000000,
115843115,پمپ 1 اسب بشقابي 33 متري RIVAL مدل QX100,,3150000,
115843114,پمپ 1 اسب جتي 52 متري RIVAL پروانه استيل jx100ss,,3550000,
115843113,فوم ضربه گير مبل مكث,,60000,
115843112,فيلتر يخچال سايد دو منظوره,,200000,
115843111,شيلنگ خرطومي جارو برقي سايز 36 و 34,,170000,
115843110,شيلنگ خروجي لباسشويي 3 متري,,95000,
115843109,شيلنگ خروجي لباسشويي 2 متري,,75000,
115843108,لرزه گير لباسشويي مكث,,130000,
115843107,عايق رولي درب سرويس مكث,,35000,
115843106,فيلتر هود مكث,,35000,
115843105,فيلتر جاروبرقي همه كاره معمولي,,35000,
115843104,لولا آلومينيومي درب,,45000,
115843103,قفل سوئيچي وينوك,,180000,
115843102,قفل سرويس وينوك,,180000,
115843101,فرچه سيمي كاسه اي بافته سايز 125,,240000,
115843100,سردوش تلفني كفگيري كروم خارجي,,165000,
115843098,نيپل فنري چيني 1.2,,45000,
115843097,چسب بل فوري ربي,,49000,
115843096,كليد روكار كولر,,45000,
115843095,كليدتوكار كولر صبا,,50000,
115843094,آچار يكسر تخت رينگي سايز 7,,60000,
115843093,آچار يكسر تخت رينگي سايز 6,,35000,
115843092,آچار يكسر تخت رينگي سايز 17,,150000,
115843091,آچار يكسر تخت رينگي سايز 13,,99000,
115843090,آچار يكسر رينگي جغجغه اي سايز 10 سوباشي,,135000,
115843089,تفنگي گان اسپري فوم,,950000,
115843088,قلاب كارابين نمره 14,,100000,
115843087,رابط سر دريلي پد پشت كركي به فرز,,60000,
115843086,كوليس 15 سانتي پلاستيكي,,75000,
115843085,صفحه پرسلان 180 CAT,,950000,
115843083,فتينگ 2 اينچ برنجي,,650000,
115843082,آبگرمكن 50 ليتري برقي,,4225000,
115843081,رنگ روغني جلا اطلس گالن,,657000,
115843080,كولر آبي جنرال 1/3 موتوروژن 3500,,8700000,
115843079,كولر آبي 3500 جنرال 1/3 موتوروژن,,7900000,
115843078,كولر آبي 3100,,3800000,
115843077,كولر پرتابل جنرال,,7150000,
115843074,كليد گردان 16 آمپر تك حالت تك فاز,,150000,
115843073,تراكينگ سه راهي,,44000,
115843072,تراكينگ رابط درب,,23000,
115843071,تراكينگ رابط بدنه,,23000,
115843070,تراكينگ ته بند ترانك,,23000,
115843069,تراكينگ پارتيشن,,19000,
115843068,تراكينگ 90 درجه داخلي,,44000,
115843067,تراكينگ 90 درجه بيروني,,44000,
115843066,تراكينگ كادر چهار تايي,,39000,
115843065,تراكينگ كادر سه تايي,,35000,
115843064,تراكينگ كادر تكي,,26500,
115843063,تراكينگ ماژول برق قرمز,,85000,
115843062,تراكينگ ماژول برق سفيد,,82000,
115843061,تراكينگ 50*105,,131000,
115843060,كليد گردان 63 آمپر تك حالت سه فاز,,760000,
115843059,كليد گردان 63 آمپر دو حالت تك فاز,,1750000,
115843058,كليد گردان 63 آمپر تك حالت تك فاز,,550000,
115843057,كليد گردان 40آمپر دو حالت سه فاز,,780000,
115843056,كليد گردان 40آمپر تك حالت سه فاز,,490000,
115843055,كليد گردان 40آمپر تك حالت تك فاز,,330000,
115843054,كليد گردان 25 آمپر دو حالت سه فاز,,500000,
115843053,كليد گردان 25 آمپر تك حالت سه فاز,,300000,
115843052,كليد گردان 25 آمپر دو حالت تك فاز,,270000,
115843051,كليد گردان 25آمپر تك حالت تك فاز,,200000,
115843050,كليد گردان 16آمپر دو حالت سه فاز,,340000,
115843049,كليد گردان 16 آمپر تك حالت سه فاز,,225000,
115843048,كليد گردان 16 آمپر دو حالت تك فاز,,190000,
115843047,فنر سيم كشي زرد mss50,,1100000,
115843046,فنر سيم كشي زرد mss30,,650000,
115843045,فنر سيم كشي زرد mss20,,480000,
115843044,فنر سيم كشي زرد mss5,,120000,
115843043,فنر سيم كشي زرد mss10,,240000,
115843042,فنر سيم كشي زرد mss15,,360000,
115843041,كليد بالابري سه فاز پويان,,1440000,
115843040,كليد بالابري تك فاز پويان,,1320000,
115843039,هواكش فن تابلويي 20 بلبرينگ,,1680000,
115843038,هواكش فن تابلويي 15 بلبرينگ,,1040000,
115843037,هواكش فن تابلويي12.5 بلبرينگ,,720000,
115843036,مف الياس 120,,124000,
115843035,كابلشو الياس 12*120,,200000,
115843034,مف الياس 95,,104000,
115843033,كابلشو الياس 12*95,,165000,
115843032,مف الياس 70,,92000,
115843031,كابلشو الياس 12*70,,150000,
115843030,مف الياس 50,,63000,
115843029,كابلشو الياس 10*50,,107000,
115843028,مف الياس 35,,42000,
115843027,كابلشو الياس 10*35,,72000,
115843026,مف الياس 25,,24000,
115843025,كابلشو الياس 8*25,,45000,
115843024,مف الياس 16,,15000,
115843021,كابلشو  الياس 8*16,,26000,
115843020,مف الياس 10,,11000,
115843019,كابلشو الياس 6*10,,18000,
115843018,مف الياس 6,,9000,
115843017,كابلشو الياس 6*6,,9000,
115843016,پارت پريز تابلويي درب دار روكار,,46550,
115843015,شفت كله قندي فرز انگشتي,,30000,
115843014,الماسه فرز انگشتي,,250000,
115843013,رابط 3 عددي پد پوليش برند PAS,,450000,
115842997,رابط صفحه برش آهن پولكي فرز انگشتي,,35000,
115842996,صفحه برش آهن پولكي فرز انگشتي,,30000,
115842995,فرچه سيمي سردريلي كاسه اي نمره 6,,90000,
115842994,جعبه كليدمينياتوري16 عددي,,365000,
115842993,دسته بيل شهرداري,,100000,
115842992,پوشال كولر 7500,,150000,
115842991,فرچه سيمي كاسه اي افشان كله اسبي سايز 125mm,,135000,
115842990,لولا تخت,,17000,
115842989,كش پهن 3 متري,,40000,
115842988,كش پهن 2 متري,,45000,
115842987,دستمال نانو خرگوشي كابان 35*70,,65000,
115842986,ريل كمد ديواري  2متري,,180000,
115842985,دستكش حوله اي 101 توتاص,,75000,
115842984,دستگاه جوش هيوندا اينورتر مدل ARC - 200,,9900000,11017900
115842983,علف زن بنزيني دوشي گيرين ايكس BC - 520,,7200000,
115842982,لنس تفنگي كارواش فيدك مدل 160,,1200000,
115842981,لنس تفنگي كارواش فيدك مدل 140,,1050000,
115842980,صفحه ديسك ام دي اف 300 اپكس,,3700000,
115842979,صفحه ديسك ام دي اف 250 اپكس,,2950000,
115842978,پيچ آسفالتي 100*12,,12000,
115842977,قرقره ريل كمدي اميت,,53000,
115842975,دستكش نيترل 1/2 ساده توتاص,,40000,
115842974,پايه فلزي ام دي اف 32,,8000,
115842973,شيلنگ تلمبه دنده درشت,,30000,
115842972,محافظ پاي درب چوبي 80,,135000,
115842971,محافظ پاي درب چوبي 70,,135000,
115842970,شيلنگ تلمبه دنده ريز,,50000,
115842969,سه راهي دوش دو كاره بدون مهره,,120000,
115842968,سر شيلنگ كرم 1/2 اينچ آبي ( 20 ),,15000,
115842967,سيم آرماتور بندي 1/5 فابريك ميهن نور,,62000,
115842966,قفل حياطي ميلاك كليد كامپيوتري,,450000,
115842965,تراز بنايي 40 سانت كينوس,,520000,
115842964,صفحه پرسلان بر كات ليون 180,,600000,
115842963,صفحه پرسلان بر كات ليون 115,,280000,
115842962,علم دوش دوكاره,,1380000,
115842961,جرم گير من 1 ليتري,,45000,
115842960,انبر دست 8 آيرون مكس,,430000,
115842959,سيم چين مينياتوري 4/5 اكتيو,,220000,
115842958,رنگ پلاستيك سفيد افشار كيلو 305,,135000,
115842957,"زانوي يكسر مغزي بستدار """"1*32 آذين",,200000,
115842956,ضد زنگ اخرايي الوان گالن,,440000,
115842954,منبع تحت فشار 24 ليتري DEITA,,1100000,
115842953,موتور پمپ 3 اينچ بنزيني IMER,,12000000,
115842952,چسب كاشي كيلو افرند,,80000,
115842950,موتور پمپ 2 اينچ بنزيني IMER,,11500000,
115842949,موتور برق 9/4 كاوا ديزلي JAING DONG استارتي سه فاز,,100000000,
115842938,ليوان شيشه اي تعداد 500 عدد 650 گرم,,170000,
115842937,كاسه توالت گلسار مدل پارميس طبي ريم بسته درجه يك,,1000000,
115842936,روشويي والهنگ گلسار مدل الگانت نيم پايه درجه يك,,3600000,
115842935,سنباده ميني پشت كركي 8 سوراخ سايز 60,,30000,
115842934,سنباده ميني پشت كركي 8 سوراخ سايز 120,,30000,
115842933,سنباده ميني پشت كركي 8 سوراخ سايز 100,,20000,
115842932,سنباده ميني پشت كركي 8 سوراخ سايز 220,,30000,
115842931,سنباده ميني پشت كركي 8 سوراخ سايز 400,,30000,
115842930,كمك بكس 1/2 توسن 7/5 سانتي,,220000,258200
115842929,بكس ستاره اي T 25 واستر - توسن,,220000,247400
115842928,بكس ستاره اي T 50 توسن,,220000,248700
115842927,بكس ستاره اي T 40 توسن,,220000,236600
115842926,بكس ستاره اي T 45 توسن,,220000,259500
115842925,بكس ستاره اي T 55 توسن,,220000,257600
115842924,بالا تنه شير فلكه 32آذين,,332000,
115842923,بالا تنه شير فلكه 20 آذين,,134000,
115842922,شابلون نصب كوتاه 3/4آذين,,4100,
115842919,سنباده بزرگ پشت كركي 180 قرمز,,20000,
115842918,زانوي يكسر بوشن فلزي 2*63 آذين,,926000,
115842916,زانوي يكسر بوشن فلزي 3/4*20 آذين,,81200,
115842915,سنباده حلقوي فرز مينياتوري سايز 7,,15000,
115842914,سنباده حلقوي فرز مينياتوري سايز 12,,18000,
115842913,سنباده ترمز پله,,75000,
115842912,صفحه فلاپ اسكاج ميني,,190000,
115842911,سنباده متري 60,,60000,
115842910,سنباده متري 400,,60000,
115842909,سنباده متري 320,,60000,
115842908,سنباده متري 100,,80000,
115842907,سنباده متري 220,,60000,
115842906,سنباده متري 120,,60000,
115842905,سنباده متري 180,,60000,
115842904,سنباده متري 40,,60000,
115842901,سنباده متري 80,,80000,
115842900,سنباده متري 150,,80000,
115842899,سنباده سوراخ دار كلينگ بزرگ 120,,80000,
115842898,سنباده سوراخ دار كلينگ بزرگ 100,,85000,
115842897,سنباده بزرگ پشت كركي 80 مشكي,,20000,
115842896,سنباده بزرگ پشت كركي 60 مشكي,,20000,
115842895,سنباده بزرگ پشت كركي 100 مشكي,,20000,
115842894,سنباده بزرگ پشت كركي 120 قرمز,,20000,
115842892,سنباده متوسط پشت كركي 80 قرمز,,30000,
115842891,سنباده ميني پشت كركي 800  قرمز,,18000,
115842890,سنباده ميني پشت كركي 600 قرمز,,18000,
115842889,سنباده ميني پشت كركي 320 قرمز,,15000,
115842888,سنباده ميني پشت كركي 180 قرمز,,18000,
115842887,سنباده ميني پشت كركي 60 قرمز,,18000,
115842886,سنباده ميني پشت كركي 150 قرمز,,18000,
115842885,سنباده ميني پشت كركي 120 قرمز,,15000,
115842884,سنباده ميني پشت كركي 100 قرمز,,15000,
115842883,سنباده ميني پشت كركي 80 قرمز,,18000,
115842882,سنباده ميني پشت كركي 400 قرمز,,15000,
115842881,سنباده ميني پشت كركي 40 قرمز,,15000,
115842880,سنباده ميني پشت كركي 80 مشكي,,18000,
115842879,سنباده ميني پشت كركي 400 مشكي,,18000,
115842878,سنباده ميني پشت كركي 320 مشكي,,18000,
115842877,سنباده ميني پشت كركي 100 مشكي,,18000,
115842876,رنگ فوري سفيد اشن كيلو كد 326,,300000,
115842875,فلاش تانك وال هنگ ايران تو كار مدل اينفينيتي بدون كليد (دو تكه),,9240000,
115842874,رنگ فوري سيلر اشن حلب كد 200,,5379000,
115842873,رنگ اكريليك آبي استخري اطلس گالن,,867000,
115842872,رنگ پلاستيك سفيد پوشرنگ اطلس دبه,,374000,
115842871,رنگ نيم پلاستيك سبز افشار ربي,,55000,
115842870,رنگ پلاستيك مشكي كارن كيلو,,150000,
115842869,ضد زنگ ربي طوسي سما,,65000,
115842868,غلطك انگشتي ازمير سايز 20,,100000,
115842867,سنباده پوستاب سايز 1000,,25000,
115842866,سنباده پوستاب سايز 320,,23000,
115842865,رنگ فوري قرمز كيلو تام كد 1060,,350000,
115842864,رنگ فوري زرد كيلو تام كد 1078,,350000,
115842863,تينر فوري 10 هزار B ليتر بيات,,69700,
115842861,قلاب S سايز 2,,2000,
115842860,قلاب S سايز 3,,3000,
115842859,قلاب S سايز 4,,3500,
115842858,فارسي بر كشويي توسن مدل 5920LS,,4620000,5449100
115842850,صفحه گرانيت بر آيرون مكس 230,,980000,
115842849,سمپاش 10 ليتري پمپ تايواني,,1060000,
115842848,سمپاش 8 ليتري پمپ تايواني,,780000,
115842847,سمپاش 2ليتري كينگ جت,,325000,
115842846,دريل پيچ گوشتي شارژي توسن مدل 9012 SC,,7700000,8649400
115842845,پروفيل بر كرون 15232,,10700000,
115842844,دريل برقي توسن مدل 0110 D,,3143800,3413200
115842843,رنگ فوري سرمه اي كيلو تام كيلو 1070,,350000,
115842842,رنگ روغني قهوه اي مات اطلس كيلو,,254000,
115842841,رنگ روغني قهوه اي سير كيلو افشار,,250000,278200
115842840,سرند قدي درشت ايستاده,,385000,
115842839,رنگ روغني آبي نفتي الوان كيلو كد 165,,205000,
115842838,رنگ روغني جلاي الكيدي افشار كيلو,,180000,195300
115842837,كش موتوري 3 متري تخت,,80000,
115842836,رنگ روغني سبز اورانوس كيلو كد 380,,205000,
115842835,رنگ روغني سبز چمني افشار كيلو كد 970,,280000,327100
115842834,رنگ فوري  اتومبيلي كيلو تام كد 1058,,350000,
115842833,رنگ روغني سفيد براق اورانوس كيلو,,185000,
115842832,لامپ ال اي دي پنلي 36وات مهتابي فريم لس فرنام,,501000,548300
115842831,لامپ ال اي دي پنلي 24 وات مهتابي فريم لس فرنام,,351000,381300
115842830,لامپ ال اي دي 120وات استوانه مهتابي فرنام,,1550000,1729700
115842829,لامپ ال اي دي 40وات استوانه آفتابي فرنام,,294400,333500
115842828,لامپ ال اي دي 30وات استوانه آفتابي فرنام,,213000,251100
115842827,لامپ ال اي دي 30وات استوانه مهتابي فرنام,,213000,227500
115842826,لامپ ال اي دي 40وات استوانه مهتابي فرنام,,294400,338300
115842825,لامپ ال اي دي 100وات استوانه مهتابي فرنام,,1100000,1244700
115842824,جا قفلي چفت صندوق 7,,15000,
115842823,لامپ ال اي دي 70وات استوانه مهتابي فرنام,,900000,946400
115842822,جا قفلي چفت صندوق 3,,9000,
115842821,لامپ ال اي دي 12وات حبابي  آفتابي فرنام,,65500,71800
115842817,كابل جوش سايز 12 درجه 2پارس,,320000,
115842816,كابل جوش سايز 12 درجه يك سما,,320000,
115842815,كابل كولري سفيد 1/5 * 5 (اعتماد),,158500,181200
115842814,چرخ 200 زباله ترمز دار ورق 3 ميل فلزي,,420000,
115842813,كابل افشان 1/5 * 2 (نيرو كابل البرز ),,67500,74500
115842812,كابل افشان 1/5 * 4 (نيرو كابل البرز ),,127500,141200
115842811,كابل افشان 1 * 5,,119500,132300
115842810,گيلانس انگوشتي مخروطي 40,,100000,
115842809,گيلانس انگوشتي مخروطي 50,,130000,
115842808,گيلانس انگوشتي استوانه 50,,150000,
115842807,كابل افشان 6 * 5 (نيرو كابل البرز ),,591500,689200
115842805,كابل افشان 2/5 * 5 (نيرو كابل البرز ),,254500,272500
115842804,صفحه اسكاج هزار لا نرم 32*50*165,,730000,
115842803,صفحه اسكاج هزار لا ضبر 32*50*165,,690000,
115842802,روشويي ديواري آينه آتاژور دار سايز 40*70 سفيد,,525000,
115842801,سينك اخوان كد 356 تك لگن 52*92,,26081600,30562400
115842800,اسلپ شكن دستي ايراني,,1050000,
115842799,صفحه پوليش بره بزرگ,,345000,
115842798,صفحه پوليش بره ميني,,195000,
115842797,ست نمد فرز انگوشتي,,230000,
115842796,شفت فرز انگوشتي,,25000,
115842795,صفحه نمد فلاپ ترك 22*115,,125000,
115842794,مانو متر اكسيژن آروا OX-012501,,3999000,4369800
115842793,فيبرونكس انگشتي 50,,100000,
115842792,فيبرونكس انگشتي 40,,90000,
115842791,فيبرونكس انگشتي 25,,70000,
115842790,پارت محافظ 4 خانه 5 متري,,885400,
115842789,پارت محافظ 4 خانه 3 متري,,744800,
115842788,پارت دوشاخه خانگي,,30000,
115842787,پارت محافظ 6 خانه رك مونت 1.8 متري,,1201750,
115842786,پارت محافظ كولر گازي و ماشين ظرفشويي ديجيتال,,560500,
115842785,پارت سيم سيار 4 خانه 5 متر,,589000,
115842783,پارت سيم سيار 4 خانه 1.8 متر,,361000,
115842782,پارت محافظ پكيج,,467400,
115842781,پارت سيم سيار 6 خانه 5 متري,,637450,
115842780,پارت سيم سيار 6 خانه 3 متري,,501600,
115842777,پارت سيم سيار 6 خانه 1.8 متري,,415150,
115842776,پارت محافظ 2 خانه 5 متري,,773300,
115842775,پارت محافظ 2 خانه 3 متري,,744800,
115842774,پارت محافظ 6 خانه 5 متري,,1078250,
115842773,پارت محافظ 6 خانه 3 متري,,950000,
115842771,رنگ سفيد ترافيكي كلرا گالن,,1121000,
115842770,خمير رنگ يونيورسال مشكي كلرا,,107000,
115842769,خمير رنگ يونيورسال گل ماش كلرا,,107000,
115842768,خمير رنگ يونيورسال قهوه اي كلرا,,107000,
115842767,خمير رنگ يونيورسال قرمز كلرا,,107000,
115842766,خمير رنگ يونيورسال سفيد كلرا,,107000,
115842765,خمير رنگ يونيورسال سبز كلرا,,107000,
115842764,خمير رنگ يونيورسال زرد كلرا,,107000,
115842763,خمير رنگ يونيورسال آبي كلرا,,107000,
115842762,رنگ اكريليك نما مشكي ضد آب دبه كلرا,,969000,
115842761,رنگ اكريليك نما قرمز دبه كلرا,,1530000,
115842760,رنگ اكريليك نما آبي دبه كلرا,,1068000,
115842759,تينر فوري 10 هزار A تانيل حلب,,1032000,
115842758,رنگ روغني مشكي مات اطلس گالن,,601000,
115842757,رنگ روغني مشكي مات اطلس كيلو,,185000,
115842756,رنگ روغني سفيد مات اطلس گالن,,860000,
115842755,رنگ روغني سفيد سوله اطلس حلب,,2200000,
115842754,رنگ روغني مشكي براق اطلس كيلو,,177000,
115842753,رنگ روغني مشكي براق اطلس گالن,,767000,
115842752,رنگ روغني مخصوص بتونه اطلس گالن,,679000,
115842751,غلطك انگشتي دكور سايز 15,,180000,
115842750,غلطك مديوم دكور مدل 3116 سايز 25,,320000,
115842749,رنگ اكريليك نيم براق كاپارول گالن,,930000,
115842748,پودر كاسماتيك سفيد شيمي ساختمان 20 كيلويي,,435000,
115842747,غلطك مديوم دكور سايز 25,,265000,
115842746,غلطك پر مو دكور سايز 25,,315000,
115842745,غلطك تيك رول مديوم سايز 25,,115000,
115842744,غلطك انگشتي تيك رول سايز 25,,110000,
115842743,غلطك انگشتي تيك رول سايز 5,,42000,
115842742,غلطك انگشتي تيك رول سايز 15,,60000,
115842741,غلطك انگشتي تيك رول سايز 10,,45000,
115842740,پودر بتن كاسماتيك طوسي 20 كيلو,,250000,
115842739,رنگ فوري وارنيش روغني اشن 1400 اتومبيلي كيلو,,214000,
115842730,قلاويز مته 8 تام,,360000,
115842729,قلاويز دستي  18,,1538000,
115842728,قلاويز دستي 16,,1128000,
115842727,فرز انگشتي توسن بلند كد 3313GDL,,5830000,6668500
115842725,قلاويز دستي 3,,377000,
115842724,قلاويز 8 ماشيني,,300000,
115842722,قلاويز 4 ماشيني,,225000,
115842721,قلاويز 14 ماشيني,,570000,
115842720,چراغ اضطراري چند منظوره اكتيو مدل 6910,,1540000,
115842719,جك خرك اكتيو 6 تن مدل 3006,,3890000,
115842718,سمپاش 9 ليتري اكتيو,,980000,
115842717,سمپاش 2 ليتري اكتيو,,290000,
115842716,سمپاش 5 ليتري اكتيو,,840000,
115842715,دريل همزن 2 تيغ هيوندا مدل 2259,,8000000,9169300
115842714,لامپ 60وات استوانه مهتابي افق اروند,,560000,
115842713,آداپتور 12 ولت 5 آمپر  آريانا,,180000,
115842712,آداپتور 12 ولت 2 آمپر  آريانا,,180000,
115842711,دريل 13 گيربكسي توسن  مدل 0034DBX,,7480000,8660500
115842710,دريل شارژي 14 ولت توسن مدل 9014sc,,8228000,9275900
115842709,ميني فرز نووا  1050  وات مدل 3120,,3360000,
115842708,دريل شارژي 18 ولت توسن مدل 9018scl,,9898000,11319300
115842707,اور فرز توسن مدل 1013,,15345000,16146900
115842706,پيستوله برقي 550 وات توسن مدل 2055,,5400000,5878100
115842705,مرمر بر توسن مدل 5083,,8140000,8952000
115842704,پروفيل بر نووا مدل 3515,,16950000,18247100
115842703,تابلو برچسب a4,,17000,
115842702,تابلو مثلث كارتون پلاست,,50000,
115842701,جعبه كمك هاي اوليه فلزی قفل دار ( با لوازم کامل ),,1500000,1600000
115842700,اهم متر مستك MS 8211,,2100000,
115842699,اهم متر مستك MS 8910,,1650000,
115842698,اهم متر مستك MS 8233 D,,1400000,
115842697,اهم متر مستك MS 8251 A,,4080000,
115842696,لامپ 30 وات مهتابي پارس اروند,,185000,
115842695,لامپ 20 وات حبابي مهتابي پارس اروند,,112000,
115842694,لامپ15وات حبابي آفتابي وين شيد,,77000,
115842693,صفحه لولا گازور,,15000,
115842692,لامپ ال اي دي 15 وات حبابي آفتابي فرنام,,88600,99200
115842691,لامپ ال اي دي 50 وات استوانه آفتابي فرنام,,392200,427900
115842690,لامپ ال اي دي 50 وات استوانه مهتابي فرنام,,392200,420800
115842689,لامپ ال اي دي12 وات حبابي مهتابي فرنام,,65500,72400
115842687,صفحه سراميك بر نووا سايز 230,,739800,834200
115842686,قيچي باغباني نووا 2311,,1575500,1851500
115842685,صفحه نصب شير مخلوط نيوپايپ,,15000,
115842682,دستمال جذب روغن ياكند,,70000,
115842681,فيلتر يكبار مصرف چايي ياكند,,55000,
115842680,كيسه جارو برقي مكث كد 32,,150000,
115842678,كيسه جارو برقي مكث كد 31,,150000,
115842677,كيسه جارو برقي مكث كد 27,,150000,
115842676,كيسه جارو برقي مكث كد 26,,150000,
115842675,كيسه جارو برقي مكث كد 25,,150000,
115842674,كيسه جارو برقي مكث كد 19,,150000,
115842673,كيسه جارو برقي مكث كد 8,,150000,
115842672,كيسه جارو برقي مكث كد 7,,150000,
115842671,كيسه جارو برقي مكث كد 5,,150000,
115842670,كيسه جارو برقي مكث كد 3,,150000,
115842669,كيسه جارو برقي مكث كد 2,,150000,
115842668,كيسه جارو برقي مكث كد 1,,150000,
115842667,شير فلكه برنجي 3/4 ايتاليايي,,950000,
115842665,دنباله باد كليپسي برنجي,,130000,
115842664,كوپلينگ نري شيلنگ باد فنري سايز 8,,35000,
115842663,كوپلينگ مادگي شيلنگ باد فنري سايز 8,,70000,
115842662,گان فلزي چسب كاشت ميلگرد,,750000,
115842661,جارو استخري,,80000,
115842658,تي خشكن 75 سانتي,,70000,
115842657,تي خشكن 40 سانتي,,85000,
115842656,قيف بزرگ,,35000,
115842655,جارو 30 سانت سايا,,45000,
115842654,رنگ روغني نقره اي حلب نيلگون,,3354000,
115842653,ضد زنگ حلب طوسي ساعي,,1300000,
115842652,تابلو خروج شب نما 30*10,,90000,
115842651,الكترود آما 2/5,,380000,
115842648,لامپ ال اي دي 9 وات حبابي آفتابي فرنام,,54000,62900
115842647,مايع ظرف 20 ليتري آتي,,790000,
115842646,مايع ظرف 1 ليتري اكتيو,,78000,
115842645,شامپو فرش بس,,61500,
115842644,شامپو فرش من,,24000,
115842643,كيسه زباله 3 رول بزرگ,,25000,
115842639,چند منظوره سيف قرمز,,78000,
115842638,شير يك طرفه فنري ّ2 اينچ سيتكو,,1200000,
115842637,چند منظوره اكتيو,,38500,
115842636,سفيد كننده 4 ليتري معطر كيجا,,105000,
115842635,سفيد كننده 4 ليتري معطر گلرنگ,,96000,
115842634,سفيد كننده 4 ليتري اكتيو,,52000,
115842633,مايع ظرف 10 ليتري گل سنگ,,510000,
115842632,اسپري شيشه شور راپيدو,,82000,
115842631,اسپري شيشه شور گلرنگ,,60000,
115842630,اسپري شيشه شور اكتيو,,67000,
115842629,مايع دست شون 500 گرمي,,55000,
115842628,جرم گير 10 ليتري گل سنگ,,140000,
115842626,شيشه شور 10 ليتري نيلاوان,,160000,
115842625,سفيد كننده 10 ليتري گل سنگ,,142000,
115842624,مايع دست 10 ليتري گل سنگ,,510000,
115842623,مايع ظرف 20 ليتري گل سنگ آبيك,,790000,
115842622,مايع دست 20 ليتري سيو,,790000,
115842621,مايع دست 20 ليتري گلرنگ,,1000000,
115842620,مايع جرم گير ( جوهر نمك ) 10 ليتري كيجا,,225000,
115842619,مايع شيشه شور 10 ليتري كيجا,,330000,
115842618,مايع دست 10 ليتري كيجا,,540000,
115842617,مايع ظرف 10 ليتري كيجا,,540000,
115842616,مايع ظرف 20 ليتري كيجا,,1020000,
115842615,مايع دست 20 ليتري كيجا,,1020000,
115842614,مايع ظرف 10 ليتري رويال,,510000,
115842613,مايع ظرف پريل 1 ليتري,,115000,
115842612,مايع دست گلرنگ 500 گرم,,55000,
115842611,تيغ اره آهن بر پيلانا نارنجي,,70000,
115842610,گوني چتايي,,55000,
115842608,بتونه همه كاره افرا گالن,,275000,
115842607,دسته غلطك 4 متري,,310000,
115842606,پنل توكار 60*60مهتابي 65وات,,665000,
115842605,كوپلينگ ّ1.5 آتش نشاني آريا (جفت),,740000,
115842604,كوپلينگ ّ2.5 آتش نشاني اينترلوك,,395000,
115842603,كوپلينگ ّ2 آتش نشاني اينترلوك,,300000,
115842602,كوپلينگ ّ3 آتش نشاني اينترلوك,,800000,
115842601,كلاه ايمني زرد ايراني,,95000,
115842600,جارو سالني 50 سانتي,,125000,
115842599,نازل شير دار آتش نشاني 1.5 آريا,,1300000,
115842598,نازل شير دار آتش نشاني 1.5 اينترلوك,,480000,
115842597,شيلنگ جمع كن آتش نشاني با شيلنگ,,1050000,
115842596,كپسول 4 كيلو پودري سپهر,,660000,
115842595,كپسول 30 كيلو co2,,10800000,
115842594,كپسول 25 كيلو پودري سپهر,,3060000,
115842593,كپسول 2 كيلو پودري سپهر,,530000,
115842592,كپسول 1 كيلو پودري سپهر,,378000,
115842591,كپسول 10 كيلو co2 هوناميك,,3540000,
115842590,كپسول 6 كيلويي co2 هوناميك,,2600000,
115842588,چرخ 200 سطل زباله 4 عدد,,1600000,
115842585,مينياتوري 6 آمپر تك فاز هيوندا,,290000,
115842584,ساعت نجومي شيوا امواج,,1225000,
115842583,تراز بنايي آهنربايي 20 سانت LEVEL TIME,,930000,
115842582,شيلنگ توالت برنجي,,132000,
115842581,قلم پاروي توسن سايز 50*400*18,,373000,393600
115842580,جعبه ابزار پلاستيكي بزرگ,,220000,
115842579,چسب چوب 3000 پارس گالن,,500000,
115842578,كيف ابزار برزنتي لاچين 105,,400000,
115842577,كيف ابزار برزنتي لاچين 103,,155000,
115842576,كيف ابزار برزنتي لاچين 102,,250000,
115842574,سري پيك نيك چدني اعلا,,260000,
115842573,قفل سوييچي 4/5 پرستو,,220000,
115842572,ميخ طويله,,10000,
115842571,قلم مو اوستا سايز 2,,55000,
115842570,كاردك دسته چوبي سايز 16,,80000,
115842569,سنباده چتري 30*60,,85000,
115842568,سنباده چتري 30*50,,100000,
115842567,صندلي تاشو,,250000,
115842563,سينك فانتزي اخوان مدل 14 توكار لگن چپ 50*80,,5836600,6737100
115842562,جا مايع ايمن آب مدل كنزو سفيد,,180000,
115842561,فلاش تانك فلت دوكاره محك bl 850,2671052018220,1090000,
115842560,تيغ اره عمود بر ام دي اف بسته,,110000,
115842559,فرچه فرش شوري دريلي كوچك,,85000,
115842558,فرچه فرش شوري دريلي بزرگ,,120000,
115842557,دسته قلاويز 12-1,,230000,
115842556,چسب پارچه اي عرض 2 يارد بالا,,125000,
115842553,عينك توتاص 119 سبز,,105000,
115842552,عينك توتاص 119 قرمز,,115000,
115842551,شيلد محافظ صورت توتاص سفيد,,690000,
115842550,كلاه ماسك اتومات توتاص مدل 1001,,3000000,
115842549,دستكش تمام نيتريل توتاص,,50000,
115842548,دستكش ضد برش استاد كار,,65000,
115842546,مخزن 2000 عمودي,,15300000,
115842543,پيچ متري سايز 4,,15000,
115842542,پيچ متري سايز 16,,135000,
115842541,پيچ متري سايز 14,,85000,
115842537,تفنگي گان پلي اورتان ميكا,,600000,
115842536,چرخ 200 ترمز دار رولبرينگ,,800000,
115842535,چرخ 200 گردون رولبرينگ,,550000,
115842532,چرخ 75 ثابت رينگ طلائي,,324000,
115842531,چرخ 100 ثابت رينگ طلائي,,355000,
115842530,يدك نخ تي چرخشي,,65000,
115842529,زمين شور سطلي چرخشي پدالي همارا,,1500000,
115842528,كاسه پيستوله داخل و بيرون رزوه پلاستيك,,80000,
115842527,سنباده چتري 30*30,,75000,
115842526,كوپلينگ سه راهي باد sater,,340000,
115842525,كوپلينگ دو راهي باد sater,,280000,
115842524,قلاب S سايز 5,,6500,
115842523,صفحه نمد پوليش پشت كركي 11.5 سانت,,125000,
115842522,صفحه نمد پوليش پشت كركي 18 سانت,,170000,
115842520,صفحه قرمز فيبرونكس kapo 22*115,,100000,
115842519,كوپلينگ مادگي شيلنگ خور نمره 10 ster,,80000,
115842518,كوپلينگ نري شيلنگ خور نمره 8 hydro,,30000,
115842517,كوپلينگ مادگي sater 1/2 بيرون رزوه,,110000,
115842516,كابل شو 35,,25000,
115842515,فلاش تانك آنسه سفيد,,650000,
115842514,چراغ خطي (براكت )80وات 1متري مهر لايت,,380000,
115842513,كلاهك گرد لوله بخاري 10,,70000,
115842512,علم شير ظرفشويي استيل دو خم 28 ميل متر سيتكو,,200000,
115842511,ژل خوشبو كننده 180 گرم لمسر,,60000,
115842510,خوشبو كننده خودرو لمسر,,95000,
115842509,اسپري خوشبو كننده ي هوا 250 لمسر,,153000,
115842504,شگل 12,,50000,
115842503,شگل 10,,30000,
115842502,شگل 8,,25000,
115842501,شگل 6,,20000,
115842500,پارت كليد روكار دو پل باراني,,62700,
115842499,چرخ 100 ثابت دايكاست pu,,610000,
115842498,چرخ 75 ثابت دايكاست pu,,535000,
115842497,كاسه توالت گاتريا مدل تيتان بزرگ طبي خطدار /,,1200000,
115842496,سيم افشان 1 * 1 زرد (نيرو كابل البرز),,19500,22200
115842495,سيم افشان 1/5 * 1 زرد (نيرو كابل البرز),,27500,30500
115842494,روشويي گلسا,,1400000,
115842493,سينك اخوان كد 38 روكار لگن چپ 60*100,,5153700,6004000
115842492,كيسه زباله 90*70,,65000,
115842487,قيچي انبر دستي,,690000,
115842475,انبر آچار كروز,,250000,
115842474,انبر وايرشو دستي تولز,,420000,
115842473,هويه تفنگي 30- 100 سومو,,680000,
115842472,هويه 100 وات سومو,,1000000,
115842470,هويه 60 وات سومو,,500000,
115842469,هويه 40 وات سومو,,450000,
115842468,چاقو كابل بر جتك مدل 160402,,320000,
115842441,سيم لخت كن انگشتي پروسكيت مدل 8pk-ct001,,300000,
115842402,انبر كف چين پي كاف,,170000,
115842401,ست پيچ گوشتي نووا مدل 1792,,1207500,1372800
115842400,ست پيچ گوشتي نووا مدل 1791,,1092500,1264600
115842399,ست پيچ گوشتي نووا مدل 1790,,1035000,1149400
115842398,بوگير لاستيكي تو كاسه,,15000,
115842397,بوگير لاستيكي همه كاره,,20000,
115842396,سر شيلنگ 1 اينچ كروم ( 32 ),,50000,
115842395,سر شيلنگ كرم 3/4 در 1/2,,20000,
115842394,سر شيلنگي فولادي 25 در 25,,20000,
115842392,زير آب اتومات پلاستيكي كروم,,150000,
115842391,زير آب اتومات پلاستيكي طلايي,,100000,
115842389,شير سماوري,,40000,
115842386,رابط شيلنگ 6 پلاستيكي,,15000,
115842385,رابط شيلنگ 5 پلاستيكي,,12000,
115842384,رابط شيلنگ 4 پلاستيكي,,10000,
115842383,رابط شيلنگ 3 پلاستيكي,,10000,
115842382,رابط شيلنگ 3.4 پلاستيكي,,7000,
115842381,رابط شيلنگ 1/2 پلاستيكي,,6000,
115842380,آچار مغزي برنجي زير ظرفشويي,,25000,
115842379,مغزي برنجي  زير ظرفشويي 42,,60000,
115842378,مغزي برنجي  زير ظرفشويي 34,,50000,
115842377,مغزي برنجي  زير ظرفشويي 37,,50000,
115842376,مغزي شير بالا و پايين حمام ( سوپاپي ),,85000,
115842375,تبديل برنجي پمپ باد,,30000,
115842374,كابل 1 متري hdmi,,100000,
115842373,پنل صوتي وتصويري 3 واحد سوزوكي,,2165000,
115842372,گوشي صوتي و تصويري سوزوكي مدل 413,,2245000,
115842371,گوشي صوتي و تصويري سوزوكي مدل 727 M سفيد,,4350000,
115842370,گوشي صوتي و تصويري سوزوكي مدل 415,,2550000,
115842369,پنل صوتي وتصويري 6 واحد سوزوكي,,2305000,
115842368,پنل صوتي وتصويري 2 واحد سوزوكي,,2120000,
115842367,پنل صوتي وتصويري 1 واحد سوزوكي,,1940000,
115842366,پنل صوتي وتصويري 4 واحد سوزوكي,,2240000,
115842365,گوشي صوتي 2S سوزوكي,,460000,
115842363,ميخ تيپو T,,370000,
115842360,ست پيچ گوشتي موبايلي نووا 32 پارچه مدل 1328,,1150000,1266400
115842359,مداد,,15000,
115842356,ضد زنگ طوسي آيسان كيلو,,145000,
115842355,رنگ روغني سبز چمني افشار گالن 970,,1040000,1153000
115842353,فشار شكن شيلنگ توالت,,15000,
115842352,پيچ دستي فك 14 سايز 30,,515000,
115842349,پرشر سوئيج المنت مدل 2-11,,1250000,
115842348,جعبه ابزار فلزي 30 سانت 3 طبقه,,500000,
115842347,فرچه سيمي طلايي,,40000,
115842346,چراغ قوه ويداسي 562,,650000,
115842345,لامپ زير كابينت 30 سانت,,40000,
115842344,لامپ زير كابينت 0.5 متري,,45000,
115842343,لامپ زير كابينت 1 متري,,50000,
115842342,چراغ قوه استيل كوچك,,70000,
115842341,چراغ قوه ويداسي 837,,520000,
115842340,محافظ 8 خانه با كابل 3 متري افق مدل 802,,360000,
115842339,محافظ 6 خانه با كابل 3 متري افق,,240000,
115842338,محافظ يخچال 2 خانه 3 متري افق مدل 201,,325000,
115842337,چراغ قوه ويداسي 858,,800000,
115842336,چراغ قوه ويداسي سولاردار 871,,650000,
115842335,چراغ قوه ديپينگ 538,,620000,
115842334,چاي نپتون,,75000,
115842333,چراغ قوه ويداسي 808,,510000,
115842332,تايمر پريزدار tele,,310000,
115842331,كابل 10 متري hdmi,,330000,
115842330,كابل 5 متري hdmi,,380000,
115842329,كابل 1/5 متري hdmi,,60000,
115842328,پنل صوتي 4 واحد سوزوكي,,695000,
115842327,پيچ گوشتي 12 سري سيتكو مدل st - 501,,425500,
115842326,پنل صوتي 2 واحد سوزوكي,,660000,
115842325,پنل صوتي 1 واحد سوزوكي,,640000,
115842324,پنل صوتي 3 واحد سوزوكي,,670000,
115842323,قفل زنجير دربازكن سوزوكي,,400000,
115842322,ترانس دربازكن سوزوكي 1.5,,545000,
115842321,محافظ تك خانه پريز دار افق,,210000,
115842320,ليوان كاغذي,,1200,
115842319,كابل aux فلزي چپقي مدل NL- 403,,60000,
115842318,كلگي شارژر مشكي,,95000,
115842317,لامپ رشد گياه 11 وات,,200000,
115842316,حشره كش پريزدار مدل HK-628,,60000,
115842315,فازمتر تستر سبز مدل ST-4601,,200000,
115842314,كابل شارژر سفيد تايپ c,,45000,
115842313,محافظ كولر گازي 103 افق,,250000,
115842311,چراغ ويداسي 802,,390000,
115842310,كمپرسور باد بدون روغن 50 ليتر آروا مدل 5684,,19900000,22213700
115842309,بلوور آروا 680 وات مدل 5641,,4199000,4572900
115842308,سشوار صنعتي آروا مدل 5611,,3198000,3613600
115842307,فارسي بر ثابت 10 اينچي آروا مدل 5430,,19990000,22417200
115842306,چكش تخريب آروا 7 كيلو مدل 5226,,7998000,8709000
115842305,چكش تخريب آروا 17.5 كيلو مدل 5256,,34990000,40505300
115842304,جليقه ابزار آروا مدل 4506,,1199000,1351700
115842303,چكش دو شاخ آروا 500 گرم مدل 4231,,700000,750500
115842302,سر پيك جوش آروا مدل 2211,,3999000,4199200
115842301,اتو لوله آروا مدل 2301,,3399000,3692500
115842300,دستگاه جوش آهن آروا 200 آمپر 2 ولم مدل 2177,,12990000,15027800
115842299,آچار فرانسه واستر 12,,747000,
115842298,قند شكسته,,90000,
115842297,فارسي بر كشويي آروا مدل 5431,,26990000,31823300
115842296,اسپيسر هارد 4 سانت(500),,1000,
115842295,چسب آكواريوم تيوب همه كاره شفاف كاسپين 30 گرم,,30000,
115842294,روشويي آينه سفيد 40*60,,290000,
115842293,روشويي باكس آرنيكا سفيد,,860000,
115842290,مخزن 500 ليتري بلند,,5780000,
115842288,دستگاه جوش 200 آروا ديجيتالي  مدل 2160,,16990000,18444300
115842287,چسب چوب پمادي 60 گرمي شمال,,20000,
115842286,رنگ روغني مخصوص بتونه سحر گالن,,590000,
115842285,دريل شارژي 030-12 وات لكا,,5100000,5300000
115842284,آبچكان 9,,690000,
115842283,آبچكان 6,,420000,
115842282,آبچكان 4,,390000,
115842281,آبچكان 2,,450000,
115842280,سفره يكبار مصرف,,50000,
115842279,فويل آلومنيومي 70 ميكرون,,80000,
115842278,مايع چسب تي فيكس,,50000,
115842271,صفحه سنگ سفيد روميزي 175,,890000,
115842270,صفحه سنگ سفيد روميزي 150,,720000,
115842269,زير آب ظرفشويي,,25000,
115842268,پد پشت كركي 11.5,,37000,
115842267,فوم پوليش نارنجي 15 سانت,,250000,
115842266,شيلنگ باد پنماتيك نارنجي 12,,60000,
115842264,سنباده مكعبي,,30000,
115842263,كپسول 6 كيلويي پودري سپهر,,780000,
115842262,كپسول 25 كيلويي آب وگاز روناك,,3060000,
115842261,قلاب ميخي كپسول,,25000,
115842260,كپسول 12 كيلويي آب و گاز روناك,,962000,
115842258,تيوپ فرغون ياسا,,134000,
115842257,مشعل ايزوگام كوچك برنجي,,160000,
115842256,انبر اتصال باتري به باتري متوسط,,40000,
115842255,پك الماسه فرز انگوشتي 3 شقت 6 ( 6 عددي ),,200000,
115842254,چكش ميخ كش ميكا 250 گرم,,160000,
115842253,پيچ گوشتي موبايلي چيني,,150000,
115842252,تلمبه چاه باز كني پمپ دار بلند ابتكار,,210000,
115842251,قرقره بنايي زرد درجه يك بزرگ,,330000,
115842250,چسب قطره اي 3 گرمي رازي,,15000,
115842249,گوشي صدا گير تك پلاست,,220000,
115842248,مايع چسب 123 مارك 714,,50000,
115842247,پيچ دستي نارنجي چيني 20 سانت,,200000,
115842246,زمين شور پي وي آ چيني,,300000,
115842245,دستگيره دو خم درب آهني دلفين,,95000,
115842244,جرم گير پودري سماور,,37000,
115842243,پيك نيك مسافرتي حامي,,410000,
115842242,الكترود سوپر نورين 2/5 ميكا,,530000,
115842241,الكترد سوپر نورين 2.5ميكا,,2000,
115842240,الكترود سوپر ميكا 3,,585000,
115842239,پرسلان بر اسليور سايز230,,1165000,
115842236,دريل شارژي زيمبرگ 12 ولت,,3150000,
115842235,بلوور DWT,,1998000,
115842234,آلن كارتي نوك گرد واستر,,468000,
115842233,كف چين فوكي,,210000,
115842232,ست آچار دو سر رينگي 12 عدد توسن,,4485000,4758600
115842231,آچار يكسر تخت رينگي هامبورگ سايز 13,,75000,
115842230,نوك پيچ گوشتي دو سر 15 سانت توسن,,190670,205100
115842229,گيره فولادي صنعت گران سايز 100,,1150000,
115842228,گيره فولادي صنعت گران سايز 75,,900000,
115842227,تايليور 30 سانت,,98000,
115842226,تايليور 20 سانت,,85000,
115842225,تايليور 50 سانت,,300000,
115842224,ست پيچ گوشتي توسن 35 عدد مدل T814-S35,,1709500,1889100
115842223,انبر گوه فلزي,,250000,
115842222,متر ليزري توسن 60 متر كد M1060,,5285000,5882100
115842215,رنگ روغني زرد كاتر پيلار افشار حلب كد 808,,3530000,
115842214,فيتيله والور 600,,40000,
115842213,بالا تنه شير فلكه 25آذين,,230000,
115842212,پمپ كفكش شناور 1/5 اسب 75 متري SENKOUN مدل 125SCM406A,,10800000,
115842211,چسب كاشي اكتيو كيلو,,80000,
115842210,كاتر نووا مدل 1302,,300000,
115842209,كاتر نووا مدل 1301,,166700,186200
115842208,قفل فرمان دوبل نووا مدل L 600 كد 8204,,2380000,
115842207,سشوار صنعتي نووا مدل 4410,,6270000,6687300
115842204,تبر نووا 800 گرم مدل 6280,,1265000,1378600
115842203,بخاري نفتي 3300 گرماي جنوب,,3100000,
115842202,رول پلاك پروانه اي,,45000,
115842199,چانه بند,,18000,
115842198,ال گونيا 0.5,,33000,
115842197,گونيا چهار سوراخ بزرگ,,2000,
115842196,رنگ روغني سفيد نيم براق اطلس گالن,,888000,
115842195,فشار شكن علمك,,6000,
115842193,سه راهي گاز شير دار,,100000,
115842192,جك سوسماري 2 تن,,3300000,
115842189,جارو خاك انداز دسته بلند ارج,,300000,
115842188,تي ماكاروني 40 سانت با دسته ارج,,385000,
115842187,تي خشكن 55 سانتي ارج,,70000,
115842186,تي خشكن 40 سانتي ارج,,68000,
115842185,جارو خاك انداز  كوتاه ارج,,100000,
115842184,فرچه فرش شوري سفيد,,40000,
115842183,قيچي خياطي كوچك,,60000,
115842182,قيچي خياطي بزرگ,,90000,
115842178,كمان اره آهن بر استوار,,145000,
115842177,ست گرد بر 16 پارچه,,380000,
115842176,سيم چين الكترونيك توسن,,264000,304200
115842175,تله موش,,40000,
115842173,تراز ليزري نووا 360 درجه دو خط مدل 2667 پايه دار,,15000000,17501800
115842172,سيلندر 7 سانتي كامپيوتري داف,,520000,
115842171,پيستوله كاسه رو ورتكس مدل s506,,900000,
115842170,كاتر نووا مدل 1304,,264500,283700
115842169,چراغ سقفي دو لامپ سرويس,,110000,
115842168,سه راهي برق قرمز دينا,,45000,
115842166,سه راهي صنعتي فرحان الكتريك,,135000,
115842165,محافظ دو خانه يخچال و فريزر با كابل 1.5 متري نمودار كنترل,,210000,
115842164,محافظ دو خانه يخچال و فريزر با كابل 3 متري نمودار كنترل,,260000,
115842163,محافظ دوشاخه دار تكخانه پكيچ و صوتي تصويري نمودار كنترول,,170000,
115842162,رنگ زرد ترافيكي حلال كلرا گالن,,1283000,
115842161,روغن زير كار پايه تينر گالن افرا,,176000,
115842160,بست پايه دار 3,,18000,
115842159,روشويي ديواري كابينت سفيد آتيلا,,3000000,
115842158,روشويي ديواري روكابينت آتيلا,,600000,
115842157,روشويي ديواري كابينت چام آتيلا ساده 40*25,,1080000,
115842156,روشويي ديواري كاسه سيمكان لاستيكي,,1155000,
115842155,روشويي ديواري سنگ سيمكان مدل روكار سايز 70*40,,630000,
115842154,روشويي ديواري سنگ سيمكان مدل روكار سايز 60*40,,1230000,
115842153,كاسه توالت گاتريا مدل اورانوس تخت /,,920000,
115842152,كاسه توالت مينا مدل شقايق تخت,,950000,
115842151,كاسه توالت مينا مدل شقايق گود,,850000,
115842150,آهنربا آنتني نارنجي,,140000,
115842148,كشو 15 خانه بزرگ,,630000,
115842147,كشو 18 خانه,,550000,
115842146,جا مايع پاندا تك 122,,70000,
115842145,گالن 20 ليتري,,120000,
115842143,كباب پز ساحلي سناتور,,200000,
115842142,آبچكان طلايي كوچك دو طبقه,,370000,
115842141,آبچكان يك طبقه طلايي دكورال مدل سوپر,,600000,
115842140,آبچكان دو طبقه استيل,,400000,
115842139,جعبه پيچ ORG 3,,280000,
115842138,جعبه پيچ ORG 4,,400000,
115842136,جعبه پيچ ORG 5,,480000,
115842135,آبچكان سناتور دو طبقه مشكي,,600000,
115842134,كتري 45,,260000,
115842133,كابل افشان 2/5 * 4,,206500,236600
115842132,كابل افشان 2/5 * 3 (نيرو كابل البرز ),,158500,168700
115842131,كابل افشان 1/5 * 3,,93500,105100
115842130,رنگ روغني نارنجي صفاشيمي كيلو 725,,150000,
115842129,بوشن ترمز دار لوله برق PVC,,400000,
115842126,شيلنگ باد پنماتيك نارنجي 5*8,,35000,
115842125,اسپري قالب سيليكون پاكران,,80000,
115842124,توالت فرنگي گلسار بيددار,,5200000,
115842123,بست شيلنگ 92-76,,35000,
115842122,بست شيلنگ 19-13,,15000,
115842121,بست شيلنگ 13-8,,10000,
115842120,چسب 8888 كيلو,,280000,
115842119,شير حياطي دسته گازي ريابي 3/4,,390000,
115842118,برگ جمع كن بدون دسته,,100000,
115842117,چسب پارچه اي عرض 4 تزا,,360000,
115842115,المنت بخاري 30 سانت,,30000,
115842113,آچار فرانسه 12 كربن استيل توسن,,1471400,1614200
115842112,فرچه سيمي سردريلي كاسه اي نمره 4.5,,80000,
115842111,فرچه سيمي سردريلي كاسه اي نمره 3,,75000,
115842108,استانبولي پلاستيكي سبز درجه يك,,203000,
115842107,سطل زباله 120 ليتري پدال دار,,1700000,
115842106,سطل زباله 60 ليتري پدال دار,,920000,
115842105,چسب پارچه اي عرض 2 تزا برزنتي,,180000,
115842103,آچار فرانسه پنج ستاره سايز 12,,400000,
115842102,آلن 12 توسن,,287000,315500
115842101,شيلنگ باد نمره 12 فنري 10 متر,,650000,
115842100,شيلنگ ورودي لباسشويي 3 متر,,145000,
115842099,شيلنگ ورودي لباسشويي 2 متر,,110000,
115842097,شيمي ساختمان ملات گروت 30 كيلو z100,,440000,
115842096,كابشو 8*25,,15000,
115842095,جك روغني 2 تن وينكس,,960000,
115842086,ست گرد بر 18 پارچه,,460000,
115842085,كمچه دسته چوبي مهره دار,,75000,
115842084,آچار يكسر تخت رينگي تك تولز سايز 14,,65000,
115842083,آچار يكسر تخت رينگي تك تولز سايز 12,,90000,
115842082,آچار يكسر تخت رينگي نووا سايز 14,,161900,188500
115842081,آچار يكسر تخت رينگي نووا سايز 12,,142900,152100
115842080,انبر جوش 800 خارجي,,140000,
115842079,قيچي شمشاد زن نووا مدل 2380,,2702500,3033000
115842078,توري كناف fiex,,80000,
115842077,تسمه برزنتي 3 سانتي,,450000,
115842076,قفل كمدي دو پله رجبي,,250000,
115842075,بند رخت آكاردئوني استيل,,560000,
115842074,آچار فرانسه نووا سايز 6 مدل 3001,,460000,496200
115842072,سيم چين كله گاوي نووا سايز 7 مدل 8017,,736000,861100
115842064,سه راه 90*63تهران,,37500,
115842060,فشار سنج 315 بار توسن,,320000,341100
115842059,فشار سنج 6 بار توسن,,320000,341400
115842058,فشار سنج 10 بار توسن,,320000,336300
115842057,فشار سنج 4 بار توسن,,320000,340300
115842054,رنگ روغني سفيد براق كيلو اطلس,,252000,
115842053,سيم چين نووا سايز 4/5 مدل 8120,,345000,392100
115842052,فرز انگوشتي مينياتوري توسن مدل 3513 مدل 253,,5898000,6437800
115842051,قلم تخريب نوك تخت توسن ph65,,680000,741200
115842050,قلم تخريب نوك تخت توسن 17/400/22,,323000,345900
115842049,قلم 4 شيار نوك پارو توسن 14/400/50,,330000,363600
115842048,پرسلان بر كاتليون سايز 180,,480000,
115842047,قفل كمدي دو پله رويان,,160000,
115842046,فوم 10 ميل,,50000,
115842045,الكترود استيل 3,,1000000,
115842044,ميله فرغون نازك,,85000,
115842043,اسلپ گير دو دسته باتومي مدريت V-M 4P,,2500000,
115842042,كاور پلاستيكي سوكت شبكه cat6,,2000,
115842041,ترمينال فشاري دو خانه,,6000,
115842040,لوله فلكسي سايز 36,,82000,
115842039,بست كابل عايق دار 20,,1500,
115842038,جعبه تقسيم دوربين 15*15 دانوب,,91000,
115842037,تراكينگ ماژول شبكه,,228000,
115842035,پايه ميله پرده ديواري,,5000,
115842034,مشعل كوره اي گاز كوچك,,470000,
115842033,چرخ زير يخچال,,350000,
115842032,سرتاس كوچك دسته دار استيل,,60000,
115842031,سرتاس متوسط دسته دار استيل,,200000,
115842030,سرتاس بزرگ دسته دار استيل,,270000,
115842028,فوم 3 ميل 100 متري,,25000,
115842026,كلاه ايمني زرد كار در ارتفاع,,350000,
115842025,دستكش لاتكس جراحي وينيل سفيد 100 تايي,,230000,
115842024,چسب اورجينال غفاري مدل مزدا بزرگ,,160000,
115842023,سرتاس متوسط استيل,,200000,
115842022,شيارزن دو تيغ هيوندا 2125,,6000000,7000900
115842021,دريل همزن تك 1800 وات با كيف هيوندا 1859,,8800000,10191200
115842020,سمپاش موتوري هيوندا 3930,,16500000,17843200
115842018,سمپاش خرطومي موتوري هيوندا 7515,,13999900,14832000
115842017,ايزوگام 117,,1100000,
115842016,رنگ روغني مشكي براق افشار گالن,,765000,815400
115842015,فرچه سيمي دسته مشكي,,25000,
115842014,سوكت 8 پين كته 6,,20000,
115842013,كابل cat6 sftp با تست فلوك  legrand اصل,,23000,
115842012,ترانس مهتابي fpl ماهور,,130000,
115842011,ترانس مهتابي 40 وات كاوه,,120000,
115842010,كباب پز موتوردار 10 سيخ,,1850000,
115842009,بخاري گازي جنرال شعله اي,,1700000,
115842008,بخاري نفتي توري مشهد,,1200000,
115842007,بخاري نفتي ساده كوچك,,960000,
115842006,بخاري نفتي توري بزرگ,,2400000,
115842005,آبگرمكن 30 ليتري برقي,,3705000,
115842004,آبگرمكن 20 ليتر برقي,,3445000,
115842003,آبگرمكن 15 ليتر برقي,,2400000,
115842002,اجاق گاز پروفيلي 3 قلو,,1620000,
115842001,اجاق گاز پروفيلي 2 قلو,,1260000,
115841997,دستمال ميكرو فايبر 3 عدد 40*48,,85000,
115841996,كاور توالت فرنگي,,40000,
115841995,دستمال جادويي مخصوص سطوح كابان,,40000,
115841992,شير فلكه برنجي 2 اينچ سيتكو,,2950000,
115841990,دستگاه جوش آهن 200 صبا A4,,11500000,12300000
115841989,شمشه 6 متري,,1900000,
115841988,دسته بيل بوفالو 1/5,,200000,
115841987,بست كابل عايق دار 32,,4400,
115841986,بست كابل عايق دار 40,,6000,
115841985,بست لوله دو پيچ 1/2,,12000,
115841982,قير گالن,,210000,
115841980,كنج حمام چهار گوش طلايي 3 طبقه,,480000,
115841979,كنج حمام 4 طبقه طلايي,,650000,
115841978,كنج حمام چهار گوش طلايي 4 طبقه,,650000,
115841977,كنج حمام چهار گوش آلومينيوم 4 طبقه,,650000,
115841976,كنج حمام چهار گوش آلومينيوم 3 طبقه,,480000,
115841975,ضد يخ بتن 20 ليتري كلرايد,,120000,
115841974,سبد آبچكان استيل 90,,550000,
115841973,سبد آبچكان استيل 80,,550000,
115841965,لقمه جوش 63,,500000,
115841964,سر شيلنگ 11/4 اينچ كروم (40 ),,75000,
115841963,بخاري نفتي توري متوسط,,2040000,
115841962,هالوژن تو كار كامل 9وات مهتابي مهر لايت,,45000,
115841961,كابل افشان 6 * 4 (سيمپود),,310000,
115841960,كابل افشان 6 * 3 (سيمپود),,258000,
115841959,پريز بدون ارت سراميكي روكار آرين,,32000,
115841957,كابل افشان  4 * 2 (نيرو كابل البرز),,169000,197400
115841955,آبچكان 116 سانت,,180000,
115841954,چسب دوقلو زيپر,,60000,
115841953,اسكوپ زد,,1800,
115841951,سيم چين نووا سايز 6 مدل 8006,,632500,671400
115841949,پيستوله برقي نووا 400 وات بيصدا 2741,,4400000,4794200
115841948,چايساز برقي آردزيا مدل 1800,,5400000,
115841946,تراكينگ ماژول تلفن,,132000,
115841945,جك آرام بند پشت درب ريوبي 8004,,7200000,8256000
115841944,جك آرام بند پشت درب ريوبي 2550,,6850000,7731600
115841943,رنگ روغني مخصوص بتونه پارس بهار گالن,,660000,
115841942,فلاش تانك توكار زميني ايران,,6500000,
115841940,بتونه سنگي 2 كيلو تام,,295000,
115841939,بتونه سنگي 1 كيلو تام,,188000,
115841936,باكت بالابر مصالح,,1850000,
115841935,رنگ فوري آستر طوسي كيلو تام 3000,,215000,
115841934,رنگ فوري بتونه قرمز كيلو تام 1119,,215000,
115841933,رنگ فوري بتونه طوسي كيلو تام 1120,,215000,
115841932,لامپ مهتابي قديم 60 وات,,80000,
115841930,سيمان سفيد (40 كيلويي),,240000,
115841929,فشار شكن مسواك شور چرخشي,,125000,
115841928,شير روگازي پيشرو بيزانس كروم,,7500000,
115841927,شير روگازي پيشرو طلا,,7500000,
115841926,شير روگازي پيشرو بيزانس طلا مات,,7500000,
115841925,شير ظرفشويي شاوري پيشرو بيزانس كروم مات,,11910000,
115841924,شير ظرفشويي شاوري پيشرو بيزانس طلامات,,11910000,
115841923,قير مخلوط بشكه,,7000000,
115841922,كيسه جارو برقي ناسيونال پانا 671,,185000,
115841921,كيسه جارو برقي ال جي 3700,,185000,
115841920,كيسه جارو برقي بوش زيمنس 50 - 90   5 عددي,,185000,
115841919,كيسه جارو برقي پروگرس پارس خزر 104,,185000,
115841918,كيسه جارو برقي بوش پارس خزر ELB 424,,185000,
115841917,كيسه جارو برقي ناسيونال 7540,,185000,
115841916,كيسه جارو برقي بوشن 2000 ERGOMAXX,,185000,
115841915,كيسه جارو برقي ااگ P3...P5,,185000,
115841914,كيسه جارو برقي دياموند ( پاسا ),,185000,
115841913,كيسه جارو برقي صنام و سامسونگ,,185000,
115841912,فرچه تفنگ ميخ كوب چاشني بزرگ,,70000,
115841911,فرچه تفنگ ميخ كوب چاشني كوچك,,40000,
115841910,متر فلزي 10 متري كيان,,370000,
115841909,متر فلزي 7.5 متري كيان,,400000,
115841908,متر فلزي 5.5 متر كيان,,470000,
115841907,متر فلزي 5 متري كيان,,280000,
115841906,متر فلزي 3 متري كيان,,180000,
115841903,بخاري سري پيك نيك سراميكي كوچك,,200000,
115841902,بخاري سري پيك نيك سراميكي بزرگ,,200000,
115841901,فوم لوله سايز 32,,7000,
115841900,فوم لوله سايز 25,,6000,
115841899,فوم لوله سايز 20,,5000,
115841898,المنت سماور 2000 برليان اتحاد,,190000,
115841897,فيلتر هود ذغالي,,100000,
115841896,شير پيك نيك 5 كيلو پرسي,,90000,
115841895,شير پيك نيك 2 كيلو پرسي,,85000,
115841893,دنباله گرد بر چهار شيار بتن 40 سانت,,400000,
115841892,دسته بكس رانگسي,,1200000,
115841891,اسپري رنگ دوپلي كالر بزرگ,,490000,
115841890,دستگاه جوش آهن آروا 200 مدل 2111 سه برد,,16999000,18928100
115841889,تبديل هود 10 به 12 پلاستيك,,25000,
115841888,ورق پشت گاز,,40000,
115841887,رنگ پلاستيك اطلس,,536000,
115841886,كاتر سربي باريك سنگين,,75000,
115841885,كاتر سربي باريك رنگي,,60000,
115841884,آچار بكس تي T سايز 10,,80000,
115841883,باراني پانچو,,320000,
115841878,سر پيچ لامپ خياري,,55000,
115841876,سنباده ابري,,50000,
115841861,جا حوله اي ميله اي كروم سيتكو 4802CR,,802000,
115841860,جا مايع صابوني كروم سيتكو 4813CR,,584000,
115841859,جا حوله اي حلقه اي كروم سيتكو 4807CR,,535000,
115841858,جا حوله اي حلقه اي كروم سيتكو 4802CR,,802000,
115841857,چراغ قوه پليس 332,,320000,
115841856,هدلايت 7243,,227000,
115841855,تبديل پريز 2به3ناركن,,160000,
115841854,تلفن پانسونيك 310,,2700000,
115841853,تلفن پانسونيك 510,,2650000,
115841852,كابل auxاستريو,,58000,
115841851,چراغ قوه كوچك پليسي,,95000,
115841850,هدلايت كوب مستطيل,,150000,
115841849,چراغ قوه پليسي 265,,490000,
115841848,ست 5 عددي فرچه سيمي دريل,,150000,
115841847,بخاري برقي روميزيn7,,600000,
115841846,تلفن روميزي دكو 31,,630000,
115841843,شيلنگ خروجي لباسشويي 1/5 متر,,75000,
115841842,بخاري برقي مربع 010,,550000,
115841841,بخاري برقي مربع 01,,500000,
115841840,چراغ قوه آويز ويداسي 873,,520000,
115841839,تلفن روميزي تاب تل 2خط7740,,2700000,
115841838,تلفن دكو 880,,650000,
115841837,تلفن روميزي دكو 839,,630000,
115841836,تلفن پاشافون روميزي,,440000,
115841835,هدلايت 3 لنزه,,335000,
115841833,چراغ قوه لنترن 541,,400000,
115841832,چراغ قوه اضطراري 843,,445000,
115841831,چراغ قوه ويداسي 838,,550000,
115841830,چراغ قوه ويداسي 839,,775000,
115841829,چراغ قوه ويداسي 823,,350000,
115841828,چراغ قوه ويداسي 809,,380000,
115841824,انبر آرماتور بندي كنيپكس اصل,,1880000,
115841822,نايلون حباب دار دانه درشت 2 متري درجه 1,,125000,
115841821,پمپ آكواريوم كوچك مشكي,,670000,
115841820,دريچه بازديد 25*25,,40000,
115841819,چسب ميل پوكس سفيد جلاسنج,,115000,
115841818,مايع دستشويي 10 ليتري,,510000,
115841808,براكت تلويزيون Z8 ثابت 43-75,,360000,
115841807,براكت تلويزيون Z2 ثابت 55-26,,400000,
115841804,براكت تلويزيون دوبازو متحرك,,500000,
115841803,سيم سيار چهار خانه بدون ارت 3متري فردان,,190000,
115841802,سيم سيار چهار خانه بدون ارت 1.8متري فردان,,150000,
115841801,سيم سيار سه خانه بدون ارت 5متري فردان,,220000,
115841797,سيم سيار سه خانه,,170000,
115841796,سيم سيار سه خانه بدون ارت 1.8متري فردان,,140000,
115841795,پودر رنگ دوده كيسه 30 كيلو,,600000,
115841794,پودر رنگ دوده نيمي,,10000,
115841793,كفشور 2008 برودنت,,470000,
115841792,كفشور 7000 برودنت,,500000,
115841791,شير جا مايع پلاستيكي,,70000,
115841790,"سه راهي گالوانيز """"11/2",,165000,
115841789,براكت تلويزيون 65-26,,350000,
115841788,همزن رنگ 70,,250000,
115841787,همزن رنگ 50,,240000,
115841786,همزن رنگ 40,,140000,
115841785,چسب دوطرفه شفاف 3 سانت,,120000,
115841784,شير صافي 11/2 سيتكو,,1406000,
115841781,سه راهي قطره اي دريپر دار 16,,5000,
115841780,شير انشعاب آبياري قطره اي 1/2*16,,16000,
115841779,شير انشعاب آبياري قطره اي 16*16,,16000,
115841778,دريپر آبياري قطره اي 16 پليرود,,5000,
115841777,سه راه قطره اي 16,,4000,
115841774,مغزي شير تصفيه پيچي كوچك,,80000,
115841773,مغزي شير تصفيه احرمي,,80000,
115841772,چهار شاخ طلايي خارجي,,350000,
115841771,چهار شاخ آهني,,100000,
115841770,كاتر فلزي كوچك,,25000,
115841763,سر پيك فندك دار نارنجي,,120000,
115841762,فتيله چراغ 2500 بزرگ,,160000,
115841761,بوشن فولادي برق 16,,10000,
115841760,بوشن فولادي برق 13,,8000,
115841758,كنج حمام 3طبقه آلومنيومي,,480000,
115841757,سنباده گير ثابت بزرگ,,110000,
115841755,رنگ اكريليك سفيد نيم براق اطلس دبه,,1977000,
115841754,رنگ اكريليك سفيد نيم براق اطلس گالن,,686000,
115841753,روشويي ديواري سنگ سيمكان مدل توكار سايز 60*40,,2715000,
115841752,روشويي ديواري كابينت پتينه مدل خط دار سايز 40*70,,2500000,
115841751,روشويي ديواري آينه چام مدل متوسط دور قاب,,515000,
115841750,روشويي ديواري كابينت چام مدل ساده سايز 60*40,,2285000,
115841749,سينك گرانيتي DEF كد 1602 سفيد مرمر مشكي دو لگن سايز 116.5*52.5,,9100000,9951500
115841748,روشويي چام با متعلقات,,2500000,
115841747,روشويي آرنيكا سفيد همراه با متعلقات,,2500000,
115841746,فلاكس چايي 1.3 ليتري,,270000,
115841745,زير انداز ( زيلو ) 12 متري,,700000,
115841744,زير انداز ( زيلو ) 4 متري,,250000,
115841743,پاك كننده حلال فوم,,110000,
115841742,پاك كننده چسب آكواريوم مپل سيل,,130000,
115841741,جوهر رنگ سبز زرفام,,120000,
115841740,بكس ستاره اي t 30,,300000,
115841739,قلاب لباس كروم بلند,,60000,
115841732,نوك پيچ گوشتي 5 سانت سبز يكطرفه تام تايواني,,50000,
115841729,شگل تناژ دار9.5,,750000,
115841728,زانو ديواري پرسي 1/2*16 نيوپايپ,,124500,
115841727,سه راهي سر گازي پكيج و گاز,,45000,
115841726,المنت سماور 1000 پلان اتحاد,,160000,
115841725,سر پيك تورچ دو حالته,,200000,
115841724,سر پيك تورچ ايزوگام كد 001,,200000,
115841723,سر پيك تورچ برنجي نازك كد 002,,200000,
115841722,رنگ لكه گير مبل,,45000,
115841715,المنت فنري 5000,,35000,
115841714,كفشور چدني 20*20,,220000,
115841712,بوشن پرسي 25*25,,200000,
115841711,بوشن پرسي 25*25,,130000,
115841710,بوشن پرسي 20*20,,275000,
115841709,بوشن پرسي 16*16 نيوپايپ,,170000,
115841697,شيلنگ يخچال سايد,,8000,
115841696,شيلنگ تراز 8,,370000,
115841694,شيلنگ تراز 6 جديد,,190000,
115841693,شيلنگ تراز 4,,190000,
115841681,پيچ ورشوي سايز 8,,1500,
115841680,پيچ ورشوي سايز 7,,1200,
115841679,پيچ ورشوي سايز 6,,1000,
115841678,بيلچه 5 كاره اكروو,,900000,
115841677,قفل كتابي روكشدار HKF سايز 70,,310000,
115841676,قفل حياطي دو شيار كيان,,640000,
115841675,آچار جغجغه 6 تيكه,,500000,
115841674,پيچ گوشتي جغجغه 20 تيكه,,455000,
115841672,سيم لحيم 100گرمي,,450000,
115841671,قفل گارد مشكي طرح آبوس,,510000,
115841670,زنجير فولادي قطر 12 -1.5متري,,1000000,
115841669,قفل دوشاخ موتوري,,600000,
115841668,سيم قپون,,200000,
115841667,لقمه جوش لوله  50,,400000,
115841666,سيلندر آپارتمان يتنسر تمام برنج,,420000,
115841665,سيلندر آپارتماني حديد,,210000,
115841663,تفنگي گان پلي اورتان,,580000,
115841662,قفل آويز HKF طرح ويرو سايز 80,,320000,
115841661,قفل آويز HKF طرح ويرو سايز 70,,260000,
115841660,قفل آويز HKF طرح ويرو سايز 60,,255000,
115841659,قفل آويز گارد دار HKF كد 2970,,650000,
115841658,قفل آويز گارد دار HKF كد 2960,,580000,
115841657,قفل آويز گارد دار HKF كد 2950,,550000,
115841656,قفل آويز استيل كوتاه,,590000,
115841655,قفل آويز استيل بلند,,530000,
115841654,قفل ديسك موتور HKF,,850000,
115841653,قفل كتابي مخصوص زنجير HKF,,800000,
115841652,قفل روكشدار SK كد 290,,620000,
115841651,قفل كتابي فولادي HKF كد 1085,,950000,
115841650,قفل كتابي روكشدار HKF سايز 90,,360000,
115841649,قفل كتابي روكشدار HKF سايز 80,,650000,
115841648,قفل آويز روكشدار HKF سايز 70,,580000,
115841647,قفل آويز روكشدار HKF سايز 60,,500000,
115841646,قفل آويز طلايي 70 كامپيوتري HKF,,600000,
115841645,قفل آويز طلايي 60 كامپيوتري,,290000,
115841644,پيچ ورشوي سايز 5,,800,
115841643,پيچ ورشوي سايز 4,,600,
115841642,پيچ ورشوي سايز 3,,500,
115841641,جا مايع صابوني كروم سيتكو 4413CR,,930000,
115841640,جا مسواكي كروم سيتكو 4409CR,,762000,
115841639,تيغ اره عمود بر چوب 15 سانت بسته,,110000,
115841638,شير روگازي كيان كروم آريانا,,4525000,
115841637,شير روگازي كيان طلا آريانا,,4762000,
115841636,شير روگازي سورن مشكي آريانا,,5632000,
115841635,شير چشمي سزار طلا آريانا,,7857000,
115841634,شير چشمي رابو كروم مات آريانا,,8176000,
115841633,شير چشمي بامبو زيتوني آريانا,,7433000,
115841631,فتينگ 11/2 اينچ برنجي,,400000,
115841630,چسب پلي اورتان سفيد (سوسيسي) ترك سان,,285000,
115841629,نايلون 10 سانتي,,230000,
115841628,المنت بخاري 40 سانت,,30000,
115841627,چسب تارگت تيوپي,,58000,
115841625,جا كليدي 120تايي,,900000,
115841624,جا كليدي 30تايي,,550000,
115841623,جا كليدي 20 تايي,,440000,
115841622,سيلندر ساچمه برنج BS,,220000,
115841621,سيلندر 7 سانتي سولا,,120000,
115841620,سيخ جيگر,,12000,
115841618,دريچه كولر 25*50,,150000,
115841617,دريچه كولر 25*60,,210000,
115841616,دريچه كولر 30*40,,140000,
115841615,دريچه كولر 20*40,,110000,
115841614,دريچه كولر 25*35,,110000,
115841613,دريچه كولر 25*40,,180000,
115841612,ماله شونه اي فلزي موسوي,,270000,
115841611,زير پايه مبل چسب دار سفيد,,10000,
115841610,دسته شير گازي 1/2 و 3/4,,10000,
115841609,زير پايه مبل شفاف,,15000,
115841608,ترمز فرش كوچك,,15000,
115841607,بخاري نفتي پلار كوچك,,2280000,
115841606,قفل موتور كياكو,,580000,
115841605,المنت سماور 1000 3 پيچ,,350000,
115841604,شير پيسوار 3/8 رهانه,,160000,
115841603,سبد آبچكان پلاستيك,,250000,
115841602,سري گريس خور كج و نيم كج,,14000,
115841601,سري گريس خور راست 10,,12000,
115841600,سري گريس خور راست 8,,2000,
115841598,آچار فرانسه چيني 10,,300000,
115841597,لباس بادگير نمدي,,580000,
115841596,اسپري رنگ دوپلي كالر كوچك,,290000,
115841595,دسته شير گاز 1 اينچ,,15000,
115841594,سنباده چتري 51 پارچه,,210000,
115841593,سنباده چتري سري,,210000,
115841592,جك 3 تن ونيكي,,1050000,
115841591,متر فيكو 5 متر,,60000,
115841590,بكس 53 پارچه هامبورگ,,1260000,
115841589,بكس 46 پارچه هامبورگ,,1050000,
115841588,پاك كننده نانو مجيك 0.5 ليتر,,145000,
115841587,پاك كننده نانو مجيك 1 ليتر,,240000,
115841586,دريل چكشي HB-70 حديد,,2300000,
115841585,ميني فرز ديمردار HB-57D حديد,,3000000,
115841584,ميني فرز HB-67 حديد,,3000000,
115841583,فرز آهنگري HB-31 حديد,,4800000,
115841582,ميني فرز VR6515 ويواركس,,1500000,
115841581,ميني فرز VR6015 ويواركس,,1200000,
115841580,دريل ديمردار VR6013 ويواركس,,1300000,
115841579,دريل چكشي VR7613 ويواركس,,1600000,
115841578,دريل چكشي VR7413 ويواركس,,1700000,
115841577,دريل چكشي VR7313 ويواركس,,1500000,
115841576,دريل چكشي VR6113 ويواركس,,1200000,
115841575,شيلنگ رابط پكيج 1/2 اينچ 40 سانت,,185000,
115841574,عايق رطوبتي سما پايه قير گالن,,210000,
115841573,قيچي لوله نووا مدل 1177,,1322500,1539900
115841572,مغزي برنجي 1/2 سنگين,,50000,
115841566,پيچ گوشتي ستاره اي T 20 تاپكس,,130000,
115841565,سرپيك جوش توسن 1054,,4830000,5532800
115841564,جا مايع صابوني طلايي مات سيتكو 4413MG,,1100000,
115841563,جا دستمالي طلايي مات سيتكو 4410MG,,851000,
115841562,جا مسواكي طلايي مات سيتكو 4409MG,,841000,
115841561,جا حوله اي حلقه اي طلايي مات سيتكو 4407MG,,841000,
115841560,جا حوله اي ميله اي طلايي مات سيتكو 4402MG,,1040000,
115841559,جا مايع صابوني طلايي سيتكو 4413TG,,1070000,
115841558,جا دستمالي طلايي سيتكو 4410TG,,841000,
115841557,جا مسواكي طلايي سيتكو 4409TG,,895000,
115841556,جا حوله اي حلقه اي طلايي سيتكو 4407TG,,950000,
115841555,چسب DM5 معراج گالن,,454000,
115841554,چسب آب بندي نانو صنعت گالن,,360000,
115841551,چسب آب بندي نانو صنعت حلب,,1440000,
115841550,چسب آب بندي نانو صنعت دبه,,550000,
115841549,مادگي صنعتي 5 شاخ 32 پارت,,232000,
115841548,پارت سيم سيار 3 خانه 12 متري,,1382250,
115841547,نري صنعتي 5 شاخ 32  پارت,,173000,
115841546,پريز  مخفي تو كار كابينت,,2400000,
115841545,ماله پتينه كاري بلكا بزرگ,,35000,
115841544,ماله پتينه كاري بلكا كوچك,,50000,
115841543,اسپري چسب 123,,65000,
115841542,تي حوله اي 40 سانت با دسته ارج,,360000,
115841541,آلن 16 دسته بلند توسن,,990000,1072900
115841540,بكس توسن 27 بلند,,467000,491800
115841539,كابل جوش 16دلتا,,190000,
115841538,كابل جوش 14دلتا,,160000,
115841537,كابل جوش 12 دلتا,,320000,
115841536,چكش لاستيكي دسته چوبي,,60000,
115841535,فيتيله چراغ نفتي 4400,,65000,
115841530,روغن چرخ خياطي,,15000,
115841527,صفحه فلاپ بزرگ,,75000,
115841526,كارواش 130بار VR زغالي 4 كاره,,6000000,
115841525,نوك پيچ گوشتي ستاره اي t 20,,50000,
115841522,كفش كار كلار 41,,780000,
115841521,جا مسواكي برنزي 4509BR,,891000,
115841520,جا حوله اي حلقه اي برنزي 4507BR,,782000,
115841519,جا حوله اي ميله اي برنزي 4502BR,,1060000,
115841518,جا مايع صابوني برنزي سيتكو 5113AB,,805000,
115841517,جا دستمالي برنزي سيتكو 5110AB,,598000,
115841516,جا مسواكي برنزي سيتكو 5109AB,,930000,
115841514,جا حوله اي حلقه اي برنزي سيتكو 5107AB,,540500,
115841513,جا حوله اي ميله اي برنزي سيتكو 5102AB,,977500,
115841512,جا مايع صابوني رزگلدسيتكو 5113RG,,1070000,
115841511,جا دستمالي رزگلد سيتكو 5110RG,,802000,
115841510,جا مسواكي رزگلد سيتكو 5109RG,,930000,
115841509,رنگ روغني جلا ربي,,75000,
115841508,جا حوله اي حلقه اي رزگلد سيتكو 5107RG,,723000,
115841507,جا حوله اي ميله اي رزگلد سيتكو 5102RG,,1386000,
115841506,جا دستمالي سفيد كروم 5010CR+W,,901000,
115841505,جا مسواكي سفيد كروم 5009CR+W,,891000,
115841504,جا حوله اي حلقه اي سفيد كروم 5007CR+W,,634000,
115841503,جا حوله اي ميله اي سفيد كروم سيتكو 5002CR+W,,960000,
115841502,جا مايع صابوني كروم سيتكو 5013CR,,1672000,
115841501,جا مسواكي كروم سيتكو 5009CR,,891000,
115841500,جا حوله اي حلقه اي كروم سيتكو 5007CR,,624000,
115841499,جا حوله اي ميله اي كروم سيتكو 5002CR,,960000,
115841498,جا مايع صابوني برنزي سيتكو 4513BR,,900000,
115841497,جا دستمالي برنزي سيتكو 4510BR,,891000,
115841496,جا مايع صابوني طلايي سيتكو 4513TG,,960000,
115841495,جا دستمالي طلايي 4510TG,,891000,
115841494,جا مسواكي طلايي سيتكو 4509TG,,861000,
115841493,جا حوله اي حلقه اي طلايي سيتكو 4507TG,,831000,
115841492,جا حوله اي ميله اي طلايي سيتكو 4502TG,,1070000,
115841491,جا مايع صابوني طلايي مات سيتكو 4513MG,,1000000,
115841490,جا دستمالي طلايي مات سيتكو4510MG,,930000,
115841489,جا مسواكي طلايي مات سيتكو 4509,,891000,
115841488,جا حوله اي حلقه اي طلايي مات سيتكو 4507MG,,891000,
115841486,جا حوله اي ميله اي طلايي مات سيتكو 4502MG,,1210000,
115841485,جا مايع صابوني رزگلد سيتكو 3113RG,,911000,
115841484,جا دستمالي رزگلد سيتكو 3110RG,,891000,
115841483,جا مسواكي رزگلد سيتكو 3109RG,,762000,
115841482,جا حوله اي حلقه اي رزگلد سيتكو 3107RG,,891000,
115841481,جا حوله اي ميله اي رزگلد سيتكو 3102RG,,1111000,
115841480,جا مايع صابوني طلايي سيتكو 3113TG,,911000,
115841479,جا دستمالي طلايي سيتكو 3110TG,,891000,
115841475,جا مسواكي طلايي سيتكو 3109 TG,,762000,
115841474,جا حوله اي حلقه اي طلايي سيتكو 3107 TG,,891000,
115841473,جا حوله اي ميله اي طلايي سيتكو 3102-TG,,1122000,
115841470,جوهر رنگ آبي زرفام,,120000,
115841413,كفشور 1007 برودنت OS طلايي مات,,351800,
115841412,كفشور 2004 برودنت,,440700,
115841411,چسب موش پمادي,,60000,
115841409,ميخ فولادي,,180000,
115841408,دسته فلزي سبك,,45000,
115841407,زمين شور ماكاروني اسپري همارا,,800000,
115841406,بست دوبل,,12000,
115841405,ريل پرده,,18000,
115841404,لامپ 200,,80000,
115841403,قلم بنايي 45 سانت,,135000,
115841402,جا حوله اي ميله اي طلايي سيتكو 4402TG,,1188000,
115841401,جا مايع صابوني برنزي سيتكو 4413BR,,1000000,
115841400,جا دستمالي برنزي سيتكو 4410BR,,866000,
115841399,جا مسواكي برنزي سيتكو 4409BR,,865000,
115841398,جا حوله اي حلقه اي برنزي سيتكو 4407BR,,812000,
115841397,جا حوله اي ميله اي برنزي سيتكو 4402BR,,1100000,
115841396,شيلنگ آبگرمكن 1/2 50 سانت صلابت,,60000,
115841395,شيلنگ آبگرمكن 1/2 40 سانت صلابت,,55000,
115841394,شيلنگ آبگرمكن 1/2 30 سانت صلابت,,50000,
115841393,شيلنگ تكپايه 3/8  45 سانت صلابت,,60000,
115841392,شيلنگ دو سر مهره 1/2 اينچ به 3/8 اينچ 50 سانت,,125000,
115841391,شيلنگ دو سر مهره پكيج 3/4 اينچ 30 سانت,,240000,
115841390,شيلنگ رابط پكيج 1 اينچ 40 سانت,,700000,
115841389,شيلنگ رابط پكيج 1 اينچ 30 سانت,,640000,
115841388,شيلنگ آبگرمكن 3.4 30 سانت سيتكو,,86250,
115841387,شيلنگ دو سر مهره آبگرمكن 1/2 اينچ 50 سانت,,200000,
115841386,شيلنگ دو سر مهره آبگرمكن 1/2 اينچ 40 سانت,,190000,
115841384,شيلنگ دو سر مهره آبگرمكن 1/2 اينچ 30 سانت,,180000,
115841383,آبچكان 76 سانت,,160000,
115841382,آبچكان 96 سانت,,180000,
115841381,شيلنگ رابط 3/8 40 سانت,,50000,
115841379,پنج راهي برنجي,,370000,
115841378,گوشي كفگيري سه حالته سفيد,,160000,
115841377,گوشي سوباني دوش,,160000,
115841376,گوشي آچار دار كروم,,140000,
115841375,گوشي كروم سه حالته دوش,,150000,
115841374,گوشي سفيد سه حالته دوش,,120000,
115841371,سه راهي 45*63,,40400,
115841368,شير اطمينان 3/4,,270000,
115841367,چسب كاغذي 2/5سانتي سريش 50ياردي,,40000,
115841366,چسب كاغذي 2/5سانتي سريش 25ياردي,,17000,
115841365,مهره و رابط برنجي با فتينگ كولر آبي,,120000,
115841364,تسمه كش دستي ام اي,,1650000,
115841362,شير فلوتر 1/2ساليكو,,175000,
115841361,شير فلوتر با توپي 1 اينچ سيتكو,,1000000,
115841360,سشوار سيتكو مدل 90290,,2620000,
115841359,شير پروانه اي يكسر روپيچ 3/4 سيتكو,,415000,
115841358,شير پروانه اي يكسر روپيچ 1/2 سيتكو,,300000,
115841357,شير فلكه برنجي 1 اينچ سيتكو,,1030000,
115841356,شير گازي دسته آبي 1 اينچ سيتكو,,740000,
115841355,شير گازي دسته زرد 1/2 سيتكو,,126500,
115841354,شير قفلي 1 اينچ سيتكو,,480000,
115841353,شير گازي دسته قرمز 11/2 سيتكو,,1400000,
115841352,شير گازي دسته قرمز 11/4 سيتكو,,1000000,
115841350,فرچه سيمي كاسه اي افشان سايز 75 معمولي,,110000,
115841349,پوليش واكس جلاسنج نيمي,,150000,
115841348,مادگي دستگاه جوش 75,,135000,
115841347,مادگي دستگاه جوش 50,,98000,
115841346,نري دستگاه جوش 75,,160000,
115841345,نري دستگاه جوش 50,,100000,
115841344,دريچه كنتور 55*60,,770000,
115841343,دريچه كنتور 40*60,,700000,
115841342,شير گازي دسته آبي 3/4 سيتكو,,410000,
115841341,مهره ماسوره طلايي 3/4,,150000,
115841340,مهره ماسوره طلايي 1/2,,90000,
115841339,نوك پيچ گوشتي تك چهار سويي بلند,,60000,
115841338,بكس ستاره اي تيتانيوم T 50 لايت,,250000,
115841337,تيغ اره عمود بر چوب 15سانت,,150000,
115841336,پمپ 5/5 ابارا cmb5/5,,18200000,
115841335,فلوتر برقي 5 متري,,700000,
115841333,منبع تحت فشار 24 ليتري امرا,,1275000,
115841332,لوله بخاري 15 نيم متري,,80000,
115841331,زانو لوله بخاري 15,,75000,
115841330,رنگ فوري سيلر تانيل كيلو,,190000,
115841329,فوم 5 ميل 50 متر,,25000,
115841328,آچار فرانسه 6 كربن استيل توسن,,551400,643800
115841323,چسب همه كاره پاتكس 700 ميلي,,400000,
115841322,پيچ گوشتي توسن 3*150 ضربه خور,,317000,348500
115841321,دستگيره روزت زیتونی سوئیچی 2662,,850000,950000
115841320,دستگيره روزت طوسی سوئیچی 2192,,850000,950000
115841319,دستگيره روزت مشکی سوئیچی 2182,,1150000,1300000
115841318,دستگيره روزت کروم سوئیچی 2032,,1000000,1200000
115841317,دستگيره روزت زیتونی سوئیچی 2062,,1000000,1200000
115841316,دستگيره روزت طلایی سوئیچی 1972,,1000000,1200000
115841315,دستگره روزت 2572,,350000,
115841314,دستگيره روزت طلایی سوئیچی 1572,,1000000,1200000
115841313,دستگيره روزت زیتونی سوئیچی 1562,,1000000,1200000
115841312,سيلندر زيتوني سرويس,,130000,
115841311,سيلندر استيل سرويس,,130000,
115841310,سيلندر طلايي سرويس,,130000,
115841309,دستگيره روزت  طلایی سوئیچی 2672,,1000000,1200000
115841307,چسب درزگير كاسپين 300 ميلي,,120000,
115841306,چسب آهن كاسپين تيوپ 50 ميلي,,23000,
115841305,چسب كاسپين همه كاره تيوپي 100 ميلي,,45000,
115841304,سيلندر مشكي سرويس,,130000,
115841303,چسب زه تيوب شفاف كاسپين 30 گرم,,50000,
115841302,بوگير ژله اي كج و صاف,,25000,
115841300,شيلنگ دو سر مهره 1/2 اينچ 60 سانت,,120000,
115841299,شيلنگ دو سر مهره پكيج 1/2 اينچ 50 سانت,,210000,
115841298,شيلنگ دو سر مهره 1/2 اينچ 50 سانت,,120000,
115841297,قرص آتش زا,,35000,
115841296,قرص شيشه پاكن تروپيكال,,90000,
115841295,قرص بوگير فاضلاب,,45000,
115841294,قرص تميز كننده كابين خودرو,,100000,
115841293,قرص شيشه پاكن خانگي لوتوس,,90000,
115841292,قرص چربي بر (چند منظوره),,90000,
115841287,سينك فانتزي اخوان مدل 36 روكار لگن چپ 50*120,,7277000,7679100
115841286,سينك فانتزي اخوان 2 لگنه مدل 36 روكار لگن راست 50*120,,7277000,7689500
115841285,سينك فانتزي اخوان 2 لگنه مدل 161 توكار لگن راست 50*120,,4425400,4946100
115841284,سينك زير صفحه اي اخوان 2 لگنه مدل 410 توكار 40*71,,16016700,18471700
115841283,سينك گرانيتي DEF كد 8003 مشكي مرمر نقره اي تك لگن سايز 80*49.5,,7800000,8859300
115841280,نوار تفلن تهران,,17000,
115841279,شيلنگ منبع تحت فشار 1 متري چپقي دار,,780000,
115841278,اره چوب بري 35 سانت لايت,,950000,
115841277,اره چوب بري 33 سانت لايت,,900000,
115841276,دريل برقي DWT كد C10-04,,1958000,
115841275,دريل برقي DWT كد 10-04,,1285000,
115841274,ميخ كوب بادي نووا T50 مدل 2050,,6900000,7621900
115841273,چسب دوقلو 160 شفاف روكا,,60000,
115841272,بست نعل اسبي  دو پيچ زير شير اهرمي,,30000,
115841270,لوله دودكش پكيج 20 سانت,,20000,
115841269,لوله بخاري 10 دوازده سانت,,30000,
115841268,لوله بخاري 10 بيست و پنج سانت,,37000,
115841267,پيستوله برقي 400وات نووا,,2498000,2683700
115841266,آچار يكسر تخت 24 توسن - ورتكس,,420000,450800
115841265,سمپاش 9 ليتري نكستول,,1070000,
115841264,متر ليزري توسن تايواني 100متري مدل m0100,,7814200,8499700
115841262,متر ليزري توسن 50متري تايواني مدل m0050,,6204000,6587200
115841261,بست پايه دار 1/2 ايدال,,30000,
115841260,شير گازي 1/2 سارا _ آذين,,155000,
115841258,لوله 1/2اينچ گازي مانيسمان,,1500000,
115841257,شير دريچه اي 1/2 رهانه,,160000,
115841256,شاپان مشكي سما گالن,,175000,
115841255,هواكش صنعتي,,3800000,
115841254,مگس كش برقي,,1500000,
115841240,كيستون cat3 (داكت),,40000,
115841237,كيستون cat6 (داكت),,45000,
115841236,تك پل باريك تراكينگ (داكت),,72000,
115841235,مادگي صنعتي همت,,35000,
115841234,جوهر نمك 33 درصد حلب,,300000,
115841233,لولا گازور آرام بند توكار اميت,,30000,
115841232,جا سيخي,,110000,
115841230,رنگ روغني قرمز روشن افشار كيلو,,280000,299400
115841229,رنگ روغني مشكي مات افشار گالن,,740000,790500
115841228,روغن جلا كيلو افشار,,135000,
115841227,جوهر رنگ نارنجي زرفام,,120000,
115841226,جوهر رنگ بنفش زرفام,,120000,
115841225,جوهر رنگ زرد زرفام,,120000,
115841224,رنگ پاك كن عرشه طلايي 1 ليتر,,300000,
115841223,جوهر رنگ قهوه اي زرفام,,120000,
115841222,جوهر رنگ طلايي زرفام,,150000,
115841221,والف باز كن كوچك,,7000,
115841220,والف باز كن بزرگ,,12000,
115841219,جوهر رنگ مشكي زرفام,,120000,
115841218,جوهر رنگ آلبالويي زرفام,,120000,
115841217,جوهر رنگ لاك الكل زرفام,,150000,
115841216,گيره مشكل گشا 160 خارجي,,190000,
115841215,جوهر رنگ گردويي زرفام,,120000,
115841213,جوهر رنگ فندوقي زرفام,,120000,
115841211,جوهر رنگ قرمز زرفام,,120000,
115841210,چسب برق سيريش 8 يارد,,9000,
115841209,مغار 4 عدد دينگي,,720000,
115841206,شير ظرفشويي پيشرو بيزانس تصفيه دار,,7500000,
115841205,شير ظرفشويي اهرمي پيشرو كانته كروم,,7500000,
115841204,شير ظرفشويي شاوري پيشرو بيزانس 2 كاره طلايي آنتيك,,13500000,
115841203,شير ظرفشويي شاوري پيشرو بيزانس 2 كاره طلايي براق,,13500000,
115841202,شير ظرفشويي شاوري پيشرو بيزانس 2 كاره استيل آنتيك,,13500000,
115841201,شير ظرفشويي شاوري پيشرو بيزانس 2 كاره كروم,,13500000,
115841200,قفل دلتا 3.5 غلطكي,,330000,
115841199,دستكش نخي سفيد,,25000,
115841198,چسب دوطرفه شفاف 5 سانت,,186000,
115841197,چسب دوطرفه شفاف 4 سانت,,160000,
115841196,چسب دوطرفه شفاف 2 سانت,,80000,
115841194,چسب دوطرفه شفاف 1 سانت,,40000,
115841192,كابل جوش 12,,320000,
115841191,فيلتر الياف يخچال سايد,,120000,
115841190,فيلتر تصفيه آب كربن تايوان جانبو,,500000,
115841189,كيسه زباله 100*120,,65000,
115841187,دستكش نيتريل,,30000,
115841171,كف خواب كنار 10,,80000,
115841170,مادگي صنعتي 3 شاخ 16 آمپر پارت,,151000,
115841169,نري صنعتي 3 شاخ 16 آمپر پارت,,125000,
115841168,بند رخت خاص,,840000,
115841167,كلمن 1 ليتري كيش,,100000,
115841166,كابل شارژر تايپ C به C,,110000,
115841165,كابل شارژر تايپ C  كنفي,,75000,
115841164,كابل شارژر تايپ C به آيفون,,150000,
115841160,منقل 50,,240000,
115841159,پايه كباب پز,,400000,
115841158,دوشاخه صنعتي همت,,35000,
115841157,سيم شبكه 3 متري,,45000,
115841155,سيم AVI سه به سه 5 متري,,75000,
115841154,سيم AVI سه به سه كوتاه,,40000,
115841153,سيم شبكه 10 متري,,95000,
115841152,سيم شبكه 20 متري,,190000,
115841151,سرسوكت سيم شبكه,,2500,
115841150,سرسوكت سيم تلفن,,1000,
115841149,دوشاخه خانگي مشكي تخت,,30000,
115841148,جت لايت 5 وات فرانوين,,160000,
115841147,شارژر 4 تايي چيني,,90000,
115841133,كابل شارژر تايپ سي pvc,,80000,
115841130,كابل شارژر آيفون pvc,,80000,
115841129,كابل شارژر اندرويد كنفي,,65000,
115841128,فيلتر تصفيه آب مينرال زرد CL10RO,,100000,
115841127,فيلتر تصفيه آب جانبو اليافي سنگين,,230000,
115841126,فيلتر تصفيه آب ممبران مرحله 4 DOW آبي,,950000,
115841125,فيلتر تصفيه آب اليافي خانگي سنگين pp,,210000,
115841124,فيلتر تصفيه آب اليافي خانگي سبك pp,,60000,
115841123,فيلتر تصفيه آب 2و3 كوكونات,,120000,
115841122,فيلتر تصفيه آب كربن فعال سفيد IRI,,100000,
115841121,هوزيينگ تصفيه آب  جامبو 20 اينچ,,480000,
115841120,فيلتر لباسشويي,,90000,
115841119,بكس بلند 16 توسن تايوان,,203000,225700
115841118,چراغ مطالعه كريم زاده 107 اس ام بي,,470000,
115841117,چراغ مطالعه كريم زاده 111,,350000,
115841116,چراغ مطالعه كريم زاده 105,,210000,
115841115,چراغ مطالعه كريم زاده 101,,350000,
115841114,پارت سه راهي صنعتي,,178000,
115841113,تابلو پلاك,,23000,
115841112,نوار تفلن آسيا,,7000,
115841111,چوب لباسي 5 خانه اي پشت دربي طلايي,,160000,
115841110,جا قاشوق آويز 3 قلو,,150000,
115841109,جا اسكاجي تسمه اي سناتور,,110000,
115841108,جا ليواني آويز استيل 6 عدد,,75000,
115841107,جا دستمال رولي سناتور,,110000,
115841106,آويز دستمال كابينتي سناتور,,70000,
115841105,جا كتي (چوب لباسي ) كروم,,70000,
115841102,ضد زنگ طوسي اطلس حلب,,2216000,
115841101,سرويس كابين حمام آينه دار هوم كت مدل تيارا,,450000,
115841100,شيلنگ رابط 3/8 اينچ 50 سانت,,110000,
115841099,شير فلكه 1/2 برنجي,,590000,
115841098,آچار دو دسته (شلاقي) 1 اينچ ايران پتك,,600000,
115841097,كلاهك اچ لوله بخاري 15,,125000,
115841096,تگري پاش FIXTER,,650000,
115841095,دسته جارو شهرداري پوست دار,,58000,
115841094,مغزي درب چوبي,,10000,
115841093,تينر فوري 20 هزار تانيل ليتر,,55000,
115841092,چفت در كمدي,,90000,
115841090,هاردنر اپوكسي كف گالن,,900000,
115841089,آبگرمكن 50 ليتري گازي,,7930000,
115841088,الكل سنج,,250000,
115841087,پلاستيك زباله,,45000,
115841086,رنگ روغني مخصوص بتونه افشار گالن,,665000,731600
115841085,سينك باكس اخوان كد 355 تك لگن 52*105,,27257300,29919500
115841084,تينر فوري 20 هزار B تانيل ليتر,,78800,
115841083,فرچه سيمي دلر,,45000,
115841082,روغن اليف پايه آب رزين گل ليتر,,36000,
115841081,كباب پز استيل 60 سانتي,,1450000,
115841080,كباب پز استيل 50 سانتي,,1300000,
115841079,كباب پز استيل 40 سانتي,,1150000,
115841078,مگنت كابينت سفيد,,25000,
115841077,پيك نيك 1 كيلويي (بدون سري),,510000,
115841076,اجاق پروفيلي 2 شعله كوچك,,1020000,
115841075,دستكش كانواي 70 گرم,,22000,
115841074,اجاق پروفيلي تك چدن 30 همراه شير,,620000,
115841073,اجاق مسافرتي كيفي دو قلو چيني,,2500000,
115841072,اجاق مسافرتي كيفي تك چيني,,1350000,
115841071,اجاق پروفيلي 3 شعله كوچك,,2220000,
115841070,اجاق پروفيلي 3 شعله بزرگ,,4500000,
115841069,سري پيك نيك ساده بزرگ,,75000,
115841068,سري پيك نيك ساده بزرگ,,75000,
115841067,كليد دو پل سفيد آسيا,,66000,
115841066,زنگ بيز,,100000,
115841065,پريز آنتن سفيد آسيا,,55000,
115841064,پريز تلفن سفيد آسيا,,61000,
115841063,پريز برق ارت دار,,48000,
115841062,پريز برق ساده سفيد آسيا,,57000,
115841061,كليد تبديل سفيد آسيا,,58000,
115841060,شاسي زنگ,,45000,
115841059,كليد سه سفيد آسيا,,87000,
115841058,كليد تك سفيد آسيا,,54000,
115841057,چراغ ريلي زرد و سفيد,,320000,
115841056,ريل چراغ سقفي,,150000,
115841055,فنر سيم كشي برقي راحت,,7800000,
115841054,كابين 467 همراه سنگ روشويي ديواري,,3760000,
115841053,كابين 460 همراه سنگ روشويي ديواري,,3500000,
115841052,سرپيك نووا مدل 2586,,4898000,5342300
115841051,شير گاز دو خروجي,,75000,
115841050,فرغون پارس اصل پروفيلي,,2650000,
115841049,تله موش جعبه اي,,110000,
115841048,لوله فنري  آلومنيومي10,,270000,
115841046,پيچ گوشتي توسن 8*125,,220000,242500
115841044,شيلنگ دو سر مهره پكيج 1/2 اينچ 40 سانت,,200000,
115841043,ناودوني,,130000,
115841042,نخ نسوز,,400000,
115841041,گازيل پاش نورس ورتكس,,715000,
115841040,هواكش 10 دمنده دمپردار,,781000,
115841038,هواكش 10هايلوكس دمنده,,781000,
115841035,مايع چسب 123 باند,,50000,
115841034,چسب دريايي مپل مكس,,210000,
115841033,چسب 123 بزرگ 600ميل مپل مكس,,150000,
115841032,چسب فوري سانديسي,,80000,
115841024,پشت بند مانومتر چدن,,450000,
115841015,كابل آنتن صادراتي,,30000,
115841014,كابل تلفن 2 زوج,,23000,
115841013,كابل تلفن 6 زوج,,58000,
115841012,كابل تلفن 4 زوج,,39000,
115841010,ماسك بهداشتي 50 عددي,,85000,
115841009,مينياتوري محافظ جان 25 آمپر سه فاز هيوندا,,3740000,
115841008,مينياتوري محافظ جان 40 آمپر سه فاز هيوندا,,3740000,
115841007,مينياتوري محافظ جان 63 آمپر سه فاز هيوندا,,3740000,4100000
115841006,مينياتوري محافظ جان 63 آمپر تك فاز هيوندا,,1560000,1750000
115841005,مينياتوري محافظ جان 40 آمپر تك فاز هيوندا,,1560000,
115841004,مينياتوري 32 آمپر سه فاز هيوندا,,930000,
115841003,مينياتوري 25 آمپر سه فاز هيوندا,,930000,
115841002,مينياتوري 32 آمپر سه فاز هيوندا,,890000,
115841001,مينياتوري 40 آمپر سه فاز هيوندا,,930000,
115841000,مينياتوري 63 آمپر سه فاز هيوندا,,950000,
115840999,مينياتوري 16 آمپر سه فاز هيوندا,,930000,
115840998,مينياتوري 63 آمپر تك فاز هيوندا,,320000,
115840997,مينياتوري 50 آمپر تك فاز هيوندا,,320000,
115840996,مينياتوري 40 آمپر تك فاز هيوندا,,290000,
115840995,مينياتوري 32 آمپر تك فاز هيوندا,,290000,
115840994,مينياتوري 25 آمپر تك فاز هيوندا,,290000,
115840993,مينياتوري 16 آمپر تك فاز هيوندا,,290000,
115840991,اهم متر مگاتك VC97,,1740000,
115840990,اهم متر كيوريستو 1009,,3960000,
115840989,تبديل 16امپر 3 به دو,,130000,
115840988,تبديل 3 به 2 103p بزرگ تايمر دار هادرون,,440000,
115840987,تبديل 10امپر 3به يك,,90000,
115840984,تبديل 10E امپر 3به دو,,100000,
115840983,يك پل ساده پهن,,8000,
115840982,كليد بخاري تك پل باريك,,30000,
115840981,كليد بخاري دو پل باريك,,25000,
115840980,كليد بخاري تك پل پهن,,15000,
115840979,استاپلايزر پارت 1700,,7000000,
115840978,چراغ قوي 110 اميكس,,200000,
115840977,تلفن طوبي 700,,1100000,
115840976,تلفن چو 03,,400000,
115840964,تلفن پانافون 2007,,420000,
115840959,تلفن طوبي 200,,1300000,
115840958,نوك پيچ گوشتي 2 گريف,,15000,
115840957,مادگي آنتن,,4000,
115840956,رابط 1 به دو نري,,16000,
115840955,پارت سيم سيار 6 خانه رك مونت 1.8 متري,,588050,
115840954,پارت سيم سيار 8 خانه رك مونت 1.8 متري,,664050,
115840953,چراغ آهنربي كمپي,,80000,
115840952,اينورتر 2000,,4200000,
115840951,اينورتر 1000,,1500000,
115840950,اينورتر 1500,,1800000,
115840949,تلفن پانسونيك 6711,,2705000,
115840948,لامپ 8 وات فلامينگي,,250000,
115840947,لامپ 6 وات ستاره اي,,300000,
115840946,چراغ مثلثي كمپي 842,,350000,
115840945,چراغ خواب گويي,,80000,
115840944,تبديل 1به 5 سيم تلفن,,15000,
115840943,ريسه رنگي مولتي,,68000,
115840942,فازياب,,102000,
115840941,ريموت 4 كانل zfr,,520000,
115840940,ريموت 4 كانال مجزا  zfr,,1150000,
115840939,ريموت 4 كانال چيني,,145000,
115840938,تايمر پريز دار اطلس,,450000,
115840937,شارژر 4 تايي جنرال پاور,,185000,
115840936,شارژر 2 تايي جنرال پاور,,135000,
115840935,چراغ قوي پليسي,,287000,
115840934,هدلايت ديپكينگ,,190000,
115840933,هدلايت ويداسي 542,,350000,
115840932,نري  آنتن,,3000,
115840930,تبديل  3به 2 ناركن اصلي,,48000,
115840929,چراغ تونلي سردخانه,,90000,
115840928,هويه 60 وات امگا,,245000,
115840927,سراهي سيم دار لوكس,,68000,
115840926,محافظ دوخانه پريزي افق,,235000,
115840925,محافظ 3 خانه پريزي افق,,200000,
115840924,محافظ يخچال و پكيج تك خانه,,145000,
115840923,محافظ تك خانه لباسشويي نموداري تك,,165000,
115840922,محافظ كولر گازي 101 افق,,165000,
115840921,محافظ يخچال 2500 فلزي,,335000,
115840920,اهم متر كلمپي,,310000,
115840919,كليد بين راهي سفيد,,30000,
115840918,محافظ پريز خوش منظر,,2500,
115840917,استارت مهتابي جنرال,,3800,
115840916,استارت مهتابي اسرام,,6500,
115840915,زنگ موزيكال ماني,,47500,
115840914,زنگ پيانوي ماهان,,47500,
115840913,زنگ بلبلي,,45000,
115840912,جعبه تقسيم 10*10 دوربين,,24000,
115840911,تايمر راه پله تايم ايران,,320000,
115840910,فوتسل 30 آمپر افق,,195000,
115840909,فوتسل 16 آمپر افق,,175000,
115840908,فتوسل 10 آمپر,,145000,
115840907,سراهي كله گاوي خوش منظر,,75000,
115840906,تفنگ حرارتي بزرگ,,130000,
115840905,هويه تفنگي,,95000,
115840904,فيش دوربين بي ان سي,,10000,
115840903,دوشاخه برق ايران برنجي,,30000,
115840890,مادگي خوش نظر,,14000,
115840889,لامپ مهتابي fpl,,210000,
115840888,مهتابي ايران 36*2,,185000,
115840887,مهتابي ايران 36*4,,345000,
115840886,چراغ شارژي ويداسي 809,,380000,
115840885,چراغ سقفي سنسور دار 886طلقي شيله,,225000,
115840884,چراغ خواب دوشاخه دار كليددار,,18000,
115840883,ليزر دستي,,290000,
115840882,زنگ بي سيم,,146000,
115840880,سيم سيار جمع شو رولي 5 متري,,345000,
115840879,پارت محافظ 6 خانه 1.8متري,,890150,
115840878,پارت محافظ 2 خانه 1.8 متري,,480000,
115840877,پارت محافظ 4 خانه 1.8 متري,,666900,
115840876,چراغ مطالعه ويداسي 6039,,550000,
115840875,منبع تغذيه هاني,,260000,
115840874,سيم تلفن تكنو 2 زوج,,3500,3900
115840873,چراغ قوي 576 لنترن زرد,,760000,
115840872,چراغ قوي 545 لنترن آبي,,410000,
115840871,تلفن پاشافون ديواري,,368000,
115840870,سيم تلفن تكنو 2 زوج,,3500,3700
115840869,قاب باروني پنل سوزوكي,,254000,
115840868,هدلايت 105,,275000,
115840867,ميخ 2 پا,,15000,
115840866,8سيم سر سوكت كت 6,,2500,
115840865,تبديل مسافرتي,,135000,
115840864,كارواش 120 بار توسن زغالي 1115,,15050000,
115840863,قلم 4 شيار توسن تخت 25*400*14,,300000,317600
115840862,قلم 5 شيار توسن تيز 400*18,,312000,355000
115840860,قلم 5 شيار توسن تخت 50*400*18,,373000,402900
115840859,نخ ريسمان 400 نولان,,50000,
115840858,صفحه گرانيت بر توسن 230,,2046000,2374600
115840854,كمپرسور 25 نووا سايلنت كد 9125,,22660000,24271000
115840853,كمپرسور 50 نووا سايلنت دو سيلندر مدل 9151,,40700000,43245100
115840852,قفل پدال نووا 700 L,,1098000,1246200
115840851,قفل فرمان و پدال نووا L 800 كد 8206,,3105000,3297000
115840850,قفل فرمان نووا L 400 كد 8200,,2040000,
115840849,چكش تخريب توسن 7 كيلويي كد 6006,,11520000,
115840848,بكس بادي توسن كد P 0780 IW,,9020000,10607400
115840847,ترازليزري توسن دو خط قرمز كامپكت 10 كد M1013,,11354000,13032500
115840846,بتن كن توسن 5 كيلويي كد 8048,,9800000,
115840845,چكش تخريب توسن 5.6 كيلو مدل 6065DH,,16500000,19373600
115840844,كارواش 150 بار توسن 1222,,29370000,34184700
115840843,عايق رطوبتي 10ليتري سما,,550000,
115840841,بست تخت 6 پيچ,,5000,
115840839,سرسيم گرد6-2.5,,135000,
115840838,فيش نري 1.5,,92000,
115840837,فيش مادگي 3.5 ساده,,170000,
115840836,فيش مادگي 2.5 ساده,,98000,
115840835,فيش مادگي 1.5ساده,,92000,
115840834,سرسيم گرد 6-10,,310000,
115840833,سرسيم گرد 6-8,,290000,
115840832,سرسيم گرد 6-6,,260000,
115840831,سرسيم گرد 6-4,,230000,
115840830,سرسيم گرد 2.5-8,,140000,
115840829,سرسيم گرد 2.5-4,,100000,
115840828,سرسيم گرد 1.5-8,,140000,
115840827,سرسيم گرد 1.5-6,,135000,
115840826,سرسيم گرد 1.5-4,,90000,
115840825,واير شو دوبل 12-10 قهويي,,175000,
115840824,واير شو دوبل 6012 سبز,,172000,
115840811,واير شو دوبل 4010 زرد,,95000,
115840810,واير شو دوبل 2510 طوسي,,91000,
115840809,واير شو دوبل 1508 مشكي,,69000,
115840808,واير شو دوبل 1008 قرمز,,45000,
115840807,واير شو دوبل 7508 آبي,,40000,
115840806,واير شو دوبل 0508 سفيد,,40000,
115840805,واير شو 16-35 قرمز,,200000,
115840803,واير شو 12-16 سفيد,,95000,
115840802,واير شو 12-10 قهويي,,80000,
115840801,واير شو 6012 سبز,,74000,
115840800,واير شو 4010 زرد,,58000,
115840799,واير شو 2508 طوسي,,38000,
115840798,واير شو 1508 مشكي,,32000,
115840797,واير شو 1008 قرمز,,21000,
115840796,واير شو 7508 آبي,,17000,
115840795,واير شو 0508 سفيد,,17000,
115840794,روكش حرارتي مشكي 16,,17000,
115840793,روكش حرارتي مشكي 14,,12000,
115840777,روكش حرارتي مشكي 12,,10000,
115840776,روكش حرارتي مشكي 10,,8500,
115840775,روكش حرارتي مشكي 8,,7300,
115840774,روكش حرارتي مشكي 7,,7000,
115840773,روكش حرارتي مشكي 6,,6000,
115840772,روكش حرارتي مشكي 5,,5500,
115840771,روكش حرارتي مشكي 4,,5000,
115840770,روكش حرارتي مشكي 3,,4000,
115840769,روكش حرارتي مشكي 2,,3000,
115840768,پايه بست كمربندي بزرگ ايراني,,50000,
115840767,پايه بست كمربندي كوچك ايراني,,35000,
115840766,پلاك چسب دار بزرگ,,85000,
115840765,پلاك تابلو چسب دار كوچك,,75000,
115840764,پلاك كابل بزرگ,,45000,
115840763,پلاك كابل كوچك,,25000,
115840762,فيش نري 4-6لول,,210000,
115840761,فيش نري 2.5 لول,,110000,
115840760,فيش نري 1.5 لول,,105000,
115840759,فيش مادگي 4-6 لول,,165000,
115840758,فيش مادگي 2.5 لول,,165000,
115840757,فيش مادگي 1/5 لول,,150000,
115840756,سرسيم دو شاخ 6-6,,205000,
115840755,سرسيم دو شاخ 6-4,,195000,
115840754,سرسيم دو شاخ 2.5-4,,93000,
115840753,سرسيم دوشاخ 1.5-4,,85000,
115840752,سرسيم دو شاخ 1.5-3,,75000,
115840751,فيش مادگي 6-4 تمام روكش,,228000,
115840750,فيش مادگي 2.5 تمام روكش,,195000,
115840749,فيش مادگي 1.5 تمام روكش,,185000,
115840748,فيش نري 6.4,,170000,
115840747,فيش نري  2.5,,98000,
115840746,فر توكار برقي داتيس مدل 655,,29170000,31675200
115840745,هود مورب داتيس مدل اميلو,,14486000,16611100
115840744,اجاق گاز 5 شعله داتيس DS566,,20170000,21657300
115840742,دستكش نخي,,35000,
115840741,بست كابل عايق دار15,,1900,
115840740,بست كابل عايق دار 18,,2000,
115840739,بست كابل عايق دار 12,,1800,
115840738,بست كابل عايق دار 10,,1700,
115840737,بست كابل عايق دار 8,,1600,
115840736,بست كابل عايق دار 6,,1500,
115840735,فازمتر ديجيتال نووا,,129900,151400
115840734,ترمينال شاخه اي پلاستيكي 35,,310000,
115840733,ترمينال شاخه اي پلاستيكي 25,,185000,
115840732,ترمينال شاخه اي پلاستيكي 16,,69000,
115840731,ترمينال شاخه اي پلاستيكي 10,,46000,
115840730,ترمينال شاخه اي پلاستيكي 6,,22000,
115840729,ترمينال شاخه اي پلاستيكي 4,,22000,
115840728,ست پرس كابل دوربين,,1750000,
115840727,ست پرس كاپشو كابل,,1750000,
115840726,شانه فيوز سه فاز ايراني,,150000,
115840725,شانه فيوز تك فاز ايراني,,47500,
115840724,ريل مينياتوري درجه يك,,62000,
115840723,كليد قارچي طرح تله,,400000,
115840722,كليد استپ طرح تله,,200000,
115840721,كليد استارت طرح تله,,200000,
115840720,كليد دوپل تله,,90000,
115840719,كليد دوطرفه طرح تله,,400000,
115840718,كليد يك طرفه طرح تله,,350000,
115840717,چراغ سيگنال LED220V,,25000,
115840716,روكش حرارتي مشكي35,,57500,
115840715,روكش حرارتي مشكي30,,44500,
115840714,روكش حرارتي مشكي 25,,33500,
115840713,روكش حرارتي مشكي 22,,32000,
115840712,روكش حرارتي مشكي 20,,27500,
115840711,روكش حرارتي مشكي 18,,22000,
115840710,داكت دانوب 16*16,,31000,
115840709,داكت دانوب 15*10,,19000,
115840708,داكت دانوب 12*12,,21000,
115840707,داكت دانوب 20*20,,36000,
115840706,داكت دانوب 25*25,,44000,
115840705,ترمينال باكاليت درب شيشه اي 12خانه,,75000,
115840704,ترمينال باكاليت درب شيشه اي 10خانه,,65000,
115840703,ترمينال باكاليت درب شيشه اي 8خانه,,50000,
115840702,ترمينال باكاليت درب شيشه اي 6خانه,,40000,
115840701,ترمينال باكاليت درب شيشه اي 5خانه,,35000,
115840700,ترمينال باكاليت درب شيشه اي 4خانه,,29000,
115840699,ترمينال باكاليت درب شيشه اي 3خانه,,25000,
115840698,نوار فرم نمره 16,,3800,
115840697,نوار فرم نمره 14,,3200,
115840696,نوار فرم نمره 12,,2600,
115840694,نوار فرم نمره 10,,2000,
115840693,نوار فرم نمره 8,,1500,
115840692,سيم زيپ نمره 25(كلاف 25متري),,430000,
115840691,سيم زيپ نمره 20(كلاف 30متري),,410000,
115840690,شماره سيم حلقه اي چين عدد3-EC,,45000,
115840689,شماره سيم حلقه اي چين عدد1-EC,,90000,
115840688,بست عايق دار 30EG,,4000,
115840687,بست عايق دار 28EG,,3600,
115840686,بست عايق دار 25EG,,3200,
115840685,بست عايق دار 22EG,,2800,
115840684,بست عايق دار 20EG,,2400,
115840683,بي متال هيونداي 12*18,,860000,
115840682,كنتاكتور 32 آمپر هيونداي,,2465000,
115840681,كنتاكتور 25 آمپر هيونداي,,2000000,
115840680,كنتاكتور 18 آمپر هيونداي,,1435000,
115840679,كنتاكتور 12 آمپر هيونداي,,1115000,
115840678,كنتاكتور 9 آمپر هيونداي,,1090000,
115840677,جعبه تابلو برق 25*70*50 دانوب,,2755000,
115840676,جعبه تابلو برق 21*60*40 دانوب,,1292000,
115840675,جعبه تابلو برق 21*50*40 دانوب,,1045000,
115840674,جعبه تابلو برق 17*40*30 دانوب,,650000,
115840673,جعبه تابلو برق 15*35*25 دانوب,,511000,
115840672,جعبه تابلو برق شيشه اي 13*30*20 دانوب,,669000,
115840670,قاب سه فاز مينياتوري دانوب,,50000,
115840669,قاب تك فاز مينياتوري دانوب,,30000,
115840668,جعبه تقسيم 20*15دانوب,,44000,
115840667,جعبه تقسيم 15*10دانوب,,45000,
115840666,جعبه تقسيم 10*10 سهند,,65000,
115840665,داكت دانوب 30*30 چسب دار,,107000,
115840664,داكت دانوب 25*25 چسب دار,,70000,
115840663,داكت دانوب 20*20 چسب دار,,66000,
115840662,داكت دانوب 16*16 چسب دار,,53000,
115840661,داكت دانوب 12*12 چسب دار,,30500,
115840660,داكت دانوب 40*100,,231000,
115840659,داكت دانوب 60*80,,264000,
115840658,داكت دانوب 60*60,,173000,
115840657,داكت دانوب 40*60,,120000,
115840656,داكت دانوب 40*50,,116000,
115840655,داكت دانوب 40*40,,102000,
115840654,داكت دانوب 40*35,,88000,
115840653,داكت دانوب 30*30,,66000,
115840652,فازمتر تستر MV400ايران,,250000,
115840651,بست كمربندي استيل 4/6*30,,350000,
115840650,بست كمربندي استيل 4/8*20,,305000,
115840649,كليد حرارتي هيونداي 9تا14,,1065000,
115840648,كليد حرارتي هيونداي 6تا10,,1065000,
115840647,رادياتور حوله خشك كن استيل كروم لوله 80 سانت,,2100000,
115840646,رادياتور حوله خشك كن استيل كروم لوله 60 سانت,,1800000,
115840645,پين طبقه,,1000,
115840644,فازمتر  نووا بزرگ آبي اسلووني,,139900,162300
115840643,فازمتر كوچك نووا آبي اسلووني,,129900,150700
115840642,فازمتر بزرگ نووا آبي,,70000,77300
115840641,فازمتر كوچك نووا آبي,,60000,66500
115840640,نوار آپارات پهن برق,,280000,
115840639,نوار آپارات باريك برق,,140000,
115840638,جا قفلي كوتاه,,15000,
115840637,داكت كف خواب عرض 3 (2 متري),,48000,
115840636,داكت كف خواب عرض 5 (2 متري),,165000,
115840635,فنر لوله برق 15 متري,,60000,
115840634,آچار يكسر تخت 24 تولز,,210000,
115840632,قفل آويز سايز 25 بلند,,55000,
115840630,سرب پلمپ,,345000,
115840629,داكت كف خواب عرض 7.5 (2 متري),,262000,
115840628,زمين شور سطلي ساده همارا,,750000,
115840627,دستكش ظرفشويي 1,,77000,
115840626,جا دستمالي سفيد روكشدار,,160000,
115840625,جا دستمال كروم روكشدار,,185000,
115840624,تي خشكن شيشه 30 سانتي,,35000,
115840623,تي خشكن شيشه 20 سانتي,,30000,
115840621,پيچ يو 40*8 بلند همراه با روبند,,30000,
115840620,پيچ يو 150*10 با روبند,,50000,
115840619,پيچ يو 12,,30000,
115840613,پيچ يو 80*8,,18000,
115840611,پيچ يو 70*8,,18000,
115840610,پيچ يو 50*8,,16000,
115840609,پيچ يو 50*6,,15000,
115840608,پيچ يو 45*8,,15000,
115840607,پيچ يو 45*6,,10000,
115840605,پيچ يو 40*8,,13000,
115840604,پيچ يو 40*6,,10000,
115840603,روبند بزرگ پيچ يو,,15000,
115840602,روبند كوچك پيچ يو,,13000,
115840601,پيچ يو 60*8,,18000,
115840600,شيلنگ ورودي لباسشويي 1/5 متر,,100000,
115840596,پيچ 50*12,,4500,
115840595,پيچ 20*12,,3500,
115840593,پيچ آهني 8,,2000,
115840592,پيچ 50*6,,1500,
115840591,پيچ 40*6,,1500,
115840590,پيچ 30*6,,1000,
115840589,شير سايد,,110000,
115840588,باتري كتابي يونومات,,35000,
115840587,بوگير ژله اي توالت فرنگي,,15000,
115840586,لوله صاف فلاش تانك,,60000,
115840585,لوله عصايي فلاش تانك,,60000,
115840584,باتري نيم قلم پاناتچ,,15000,
115840583,كلاه ايمني طوسي,,95000,
115840582,باتري نيم قلم پاناتچ آلكالاين,,30000,
115840581,آچار شمع 16,,120000,
115840580,تستر ضد يخ,,340000,
115840579,مسدود كننده دريچه كولر,,35000,
115840578,صفحه سنگ بر 230 سيلور,,70000,
115840577,بخاري برقي گرد ساده,,175000,
115840576,بخاري  برقي ديواري آراسته,,670000,
115840575,بخاري برقي فن دار روميزي آراسته,,1060000,
115840574,بالا تنه 20 آذين,,134000,
115840573,بخاري برقي فن دار آراسته 5 شعله,,2850000,
115840572,بخاري برقي مهر فن دار,,1300000,
115840571,شير مغزي برنجي 32,,521000,
115840569,بخاري برقي مهر ساده,,900000,
115840568,دستگاه تصفيه آب 6 مرحله تايوان,,12000000,
115840566,شير تصفيه اهرمي بزرگ,,480000,
115840565,شير تصفيه اهرمي كوچك,,350000,
115840564,فيلتر يخچال سايد كوكونات اصل,,200000,
115840563,ترانس مسي تصفيه آب,,300000,
115840562,مخزن تصفيه آب چيني با شير,,1200000,
115840561,دستگاه تصفيه 7 مرحله گيج دار شاسي پلاستيكي,,5300000,
115840560,دستگاه تصفيه آب 7 مرحله تايوان و ويتنام,,9800000,
115840558,دستگاه تصفيه آب 8 مرحله تايوان,,10350000,
115840557,پيچ آلن,,2000,
115840556,اجاق گاز 5 شعله داتيس DG567,,25389000,29223700
115840555,سينك استيل داتيس 2 لگنه مدل 170 راست 51*116,,10450000,12260800
115840554,فر توكار برقي داتيس مدل 666,,23940000,26716100
115840553,هود مورب داتيس مدل ماتينا,,12972000,14970400
115840551,هود تو كار داتيس مدل فالكون,,13364000,14811100
115840550,شيلنگ آب لاستيكي (مشكي) طرح ياسا نمره 4 (11/4) (35 متري),,70000,
115840549,دستگيره ام دي اف,,7000,
115840547,كوبلينگ مادگي 3/8پاس,,170000,
115840546,كوبلينگ پرسي,,180000,
115840545,كوبلينگ شيلنگ باد,,200000,
115840544,كوبلينگ نري 3/8,,220000,
115840543,كوبلينگ مادگي 1/2,,220000,
115840542,كوبلينگ نري 1/2,,240000,
115840541,رابط كوبلينگ 1/2,,10000,
115840539,چسب زيپر قرمز,,65000,
115840531,دريل 10مدل 0022Da,,3998000,
115840530,تيغ اره آهن بر طرح فرانسه آبي,,40000,
115840528,شير زانو رادياتور سيتكو,,530000,
115840527,تفلن مايع فورس 50 گرمي,,150000,
115840526,چسب لاكتايت 542,,200000,
115840525,دسته كلنگ ماهوت,,130000,
115840524,دسته بيل,,200000,
115840523,كلاهك اچ لوله بخاري 10,,90000,
115840522,چسب لاكتايت 270,,200000,
115840521,چسب لاكتايت 262,,200000,
115840520,آچار بكس شيرواني 10,,40000,
115840519,چراغ قوه دستي فورد,,300000,
115840518,چراغ قوه شارژي 120 فورد,,1100000,
115840517,چراغ قوه شارژي 480 فورد,,2000000,
115840516,سنگ نفت 313,,80000,
115840515,كابل اتصال باتري 1200,,340000,
115840514,گرد بر چوب 11 پارچه,,200000,
115840512,استيكر مات كن شيشه,,660000,
115840511,لاك غلط گير,,25000,
115840510,پيچ آهني 10,,3000,
115840509,ميله كشويي پروانه,,8000,
115840508,زير آب سيفون نمره 5 محك,3200768024479,95000,
115840507,باتري قلمي قابل شارژ 2400 ميلي آمپر,,450000,
115840506,باتري نيم قلمي شارژي,,170000,
115840505,دستكش نخي خال دار,,40000,
115840504,چسب كاغذي نيوم,,18000,
115840503,چسب كاشت ميلگرد MEMO MAX,,335000,
115840502,اسپري خشك آرل,,40000,
115840501,چسب پلي اورتان مشكي (سوسيسي),,250000,
115840500,چسب پلي اورتان سفيد (سوسيسي),,250000,
115840499,چسب پلي اورتان طوسي (سوسيسي),,250000,
115840498,چسب آكواريوم شفاف بوندي bondi,,120000,
115840497,چسب 123 بوندي bonndi,,110000,
115840496,اسكاج,,35000,
115840495,چكش لاستيكي متوسط,,50000,
115840494,استانبولي پلاستيكي سفيد,,98000,
115840492,صفحه پروفيل بر اوسيس,,155000,163300
115840491,صفحه ساب اوسيس سايز 180,,92000,104100
115840490,چوب لباسي سه شاخه الماس,,57000,
115840489,جا مايع پاندا تك 125,,80000,
115840488,ترمز فرش پله,,8000,
115840487,صافي كف پانچ مربع,,35000,
115840480,فندك تفنگي امير,,55000,
115840479,چوب لباسي شش شاخه الماس,,130000,
115840478,دسته فلزي سبك,,50000,
115840472,سيلندر هفت سانتي HT,,136000,
115840471,قفل ام دي اف 32 بلند,,58000,
115840469,قفل ام دي اف طرح رونيس M.A.M,,90000,
115840468,كتري 50 روحي,,250000,
115840467,فويل آلومنيومي 70 ميكرون,,300000,
115840466,فندك اتمي پايه دار بزرگ,,180000,
115840465,ليسه 3 ميل داروك مخصوص اتومبيل 10*16,,14000,
115840464,ليسه مخصوص اتومبيل روور 16 سانت,,25000,
115840463,آسان پوش عرض 90,,35000,
115840462,كاور رنگ كاري آسان 50 متر مربع,,115000,
115840461,كاور رنگ كاري آسان 20 متر مربع,,50000,
115840460,لوله فنري آلومنيوم 15,,390000,
115840459,فازمتر اوسرام كوچك,,15000,
115840458,تينر روغني حلال حلب,,520000,
115840457,آچار يكسر رينگي 12 ساده,,45000,
115840456,صفحه پروفيل بر اندري,,115000,
115840455,گازوييل پاش نووا مدل 2921,,1380000,1591700
115840454,پيستوله قيرپاش نووا مدل 2707,,2530000,2765700
115840453,فيلتر رطوبت گير دو قلوي نووا مدل 2780,,3680000,3973200
115840452,پيستوله رنگ 3 تنظيم 827 H نووا مدل 2713 الي 15,,3220000,3573800
115840451,سيم مفتولي رابيتس,,78000,
115840450,چكمه سفيد,,390000,
115840449,صفحه ساب اوسيس سايز 115,,42000,47100
115840447,سيفون دو لگنه ظرفشويي همراه زير آب,,170000,
115840444,چسب 8888حلب,,3300000,
115840442,گلداني چاه سايز 50,,1150000,
115840441,علمك شير مخلوط كبري بلند,,115000,
115840438,هواكش صنعتي 50 تكفاز 1400 دور 4 پره تكنوتك,,4300000,
115840437,هواكش صنعتي 60 تكفاز 1400 دور 4 پره,,6500000,
115840436,چراغ خطي {براكت}20 وات مهتابي گلتاش,,155000,
115840435,هاردنر اپوكسي,,165000,
115840434,اپوكسي رويه صنعتي آبي 5015,,750000,
115840433,اپوكسي رويه صنعتي طوسي7047,,750000,
115840432,هاردنر اپوكسي رويه,,190000,
115840431,چراغ سقفي سنسور دار,,232000,
115840430,اپوكسي پرايمر طوسي 7040,,950000,
115840429,لوله فلكسي سايز 29,,51000,
115840428,لوله فلكسي سايز 21,,31000,
115840427,اپوكسي پوشش كف صنعتي آبي 5015,,4884000,
115840426,هاردنر اپوكسي سيلر,,190000,
115840425,كابل افشان 10 * 4,,812500,940700
115840424,سندان 3 كيلويي,,500000,
115840423,تينر 2 هزار حقايق گستر گالن,,35000,
115840406,زانو لوله بخاري سايز 10,,40000,
115840405,المنت آبگرمكن ترموسات,,680000,
115840404,صفحه آهن بر اوسيس سايز 115,,24000,26200
115840403,بيل همدان,,150000,
115840402,دستگاه چسب كش,,150000,
115840398,فندك يدك دار آشپزخانهICQ,,100000,
115840397,پيچ گوشتي مچي نارنجي,,25000,
115840396,فنر لوله برق 10 متري,,48000,
115840395,اتو لوله 2000 وات لكا مدل 200,,2990000,3200000
115840394,چكش تخريب گيريسي لكا 16 كيلو مدل DH16-15,,22400000,23500000
115840393,چكش تخريب روغني لكا 16 كيلو  مدل DH16,,16800000,17500000
115840391,چكش تخريب لكا 11 كيلو مدل DH11,,17500000,18000000
115840390,چكش تخريب 900 وات لكا 6 كيلو مدل DH06-09,,7500000,7900000
115840389,دريل دو دور ضربه اي 750 وات لكا مدل 07/1-13,,3390000,3800000
115840388,دريل بتن كن سه حالته 800 وات لكا مدل 08-26,,4990000,5300000
115840387,سنگ فرز سنگبري 2100 وات لكا مدل 21-230,,7450000,8000000
115840386,سنگ فرز آهنگري 2400 وات لكا مدل 24-180,,7790000,8100000
115840385,سنگ فرز آهنگري 2100 وات لكا مدل 21-180,,7450000,7800000
115840384,سنگ فرز آهنگري 2000 وات لكا مدل 20-180,,6950000,7150000
115840383,سنگ فرز متوسط 1200 وات لكا مدل 12-150,,4400000,4700000
115840382,ميني فرز 850 وات لكا مدل 08-115,7460356580350,3250000,3500000
115840381,ميني فرز 710 وات لكا مدل 07-115,8154572540432,2800000,2900000
115840380,سوهان ريز 10 عدد فريد,,250000,
115840379,سوهان ريز 5 عدد IRWIN,,125000,
115840375,دستكش ژله اي نارنجي,,38000,
115840372,رابط كوبلي 20پرسي,,230000,
115840370,بست تي 2 1ينچ ايده ال,,25000,
115840357,چسب كرافت يك كيلو رازي,,365000,
115840355,شيلنگ آب نمره 2 ژله ك,,600000,
115840354,فندك اتمي پايه دار متوسط,,180000,
115840351,كمك بكس 4اينچ 3/4لايت ژاپن,,420000,
115840350,دسته بكس كشويي فشار قوي 3/4,,3500000,
115840349,پايه ميله پرده سقفي,,3500,
115840348,دريچه بازديد 20*20,,15000,
115840347,اسپيسر هارد 3 سانت(500),,900,
115840345,لولا گازور آرام بند پمپ كوپك اميت مشكي,,25000,
115840344,لولا گازور آرام بند پمپ بزرگ اميت,,25000,
115840338,سيم افشان ارت 6 * 1,,72000,
115840337,نردبان آلومینیوم اطلس,,4427000,
115840332,نردبان آلومینیوم برلیان,,5376000,
115840330,بكس دسته تي T ثابت سايز 13,,280000,
115840327,لولا گازور چهار پيچ اميت,,17000,
115840323,هواكش صنعتي فلزي 50*50 دمنده,,3740000,
115840322,صفحه گرانيت بر ويپكس 230,,580000,
115840321,فرچه توالت اورين,,150000,
115840320,جعبه ابزار پلاستيكي كوچك,,175000,
115840318,هود توكار لاوان كد 103,,3960000,
115840317,سينك فانتزي اخوان 2 لگنه مدل 146 لگن راست 60*120,,8536000,9134600
115840316,شير دوش بهرمند,,550000,
115840315,شير توالت بهرمند,,520000,
115840314,شير روشويي بهرمند,,500000,
115840313,شير ظرفشويي بهرمند,,500000,
115840308,شگل 2 تن,,180000,
115840307,محافظ فرز سنگبري,,140000,
115840306,محافظ فرز آهنگري,,130000,
115840305,نايلون فنداسيون,,47000,
115840304,رابيتس 320 گرم,,39000,
115840301,چسب حرارتي كوچك,,6000,
115840300,چسب شيشه اي 1 سانتي,,12000,
115840299,سمپاش سوپاپ دار 2ليتري كروز,,300000,
115840298,شگل 1/4*3 (4تن),,200000,
115840296,شير فلكه برنجي 3/4,,850000,
115840295,شير فلكه برنجي 1 اينچ,,1250000,
115840294,رادياتور حوله خشك كن فولادي 7 لوله 50*80 ايران رادياتور,,820000,
115840293,پايه ميل پرده ديواري گرد,,12000,
115840292,چراغ سيار,,220000,
115840291,توري پنجره فلزي,,130000,
115840290,تلمبه باد دستي بزرگ تيز باد,,280000,
115840289,زنجير لوستر جوشي طلايي,,55000,
115840283,عينك دو جداره,,95000,
115840282,عينك سفيد ابري,,35000,
115840281,عينك سفيد معمولي بغل دار تك پلاست,,24000,
115840279,لوله 16 نيوپايپ,,23210,
115840278,لوله فوم 40,,6500,
115840277,لوله فوم 25,,4300,
115840276,لامپ 18 وات حبابي مهتابي وين شيد,,112000,
115840275,لامپ 15 وات حبابي مهتابي وين شيد,,77000,
115840274,تابلو كنتور 3*5,,20000,
115840273,توري مرغي فرنگي,,800000,
115840272,اسپيسر هارد 7 سانت(300),,1370,
115840271,جا كليدي 60 عدد,,670000,
115840270,كپسول 4 كيلو co2 هوناميك,,2000000,
115840269,رنگ روغني زرد ربي,,75000,
115840268,تيغ سراميك بر بزرگ,,230000,
115840267,ژلاتين درزگير لوله اي كرم پي كي,,85000,
115840266,ژلاتين درزگير لوله اي مشكي پي كي,,95000,
115840265,ژلاتين درزگير لوله اي طوسي پي كي,,85000,
115840264,ژلاتين پاششي كيلو كرم پي كي,,165000,
115840263,ژلاتين پاششي كيلو طوسي پي كي,,165000,
115840262,ژلاتين پاششي كيلو سفيد پي كي,,165000,
115840261,ژلاتين درزگير لوله اي سفيد پي كي,,85000,
115840260,ژلاتين درزگير يك كيلو سفيد پي كي,,160000,
115840259,ژلاتين درزگير نيم كيلو سفيد پي كي,,85000,
115840258,رنگ روغني سفيد نيم براق سحر كيلو كد 601,,238000,
115840257,رنگ روغني سفيد سحر نيم براق گالن كد 601,,677000,
115840256,رنگ روغني سفيد مات سحر كيلو كد 711,,197000,
115840255,قرقره بنايي آبي بزرگ,,295000,
115840253,فرچه خورشيدي تخت بافته 180,,160000,
115840252,فرچه خورشيدي تخت بافته 115,,60000,
115840251,صفحه سنگ الكترو پليت GMT سايز 115پرسلان,,1030000,
115840250,پروانه كوچك,,7000,
115840249,پروانه بزرگ,,8000,
115840230,زنجير چرخ سيموند,,780000,
115840229,چراغ مهتابي ال اي دي سيار,,150000,
115840228,فولي كش بزرگ,,2200000,
115840227,تلمبه باد پايي بادپا تك پمپ,,350000,
115840226,گريس پمپ بادي واستر,,1800000,
115840224,جرم گير من 4 ليتري,,135000,
115840223,علمك شيرمخلوط كبري كوتاه,,130000,
115840222,مغنعه جوشكاري پارچه اي,,70000,
115840221,قلاويز M6يوگسلاوي,,290000,
115840220,قلاويز M12 تك,,150000,
115840219,دستگيره حياطي گرد معمولي,,40000,
115840218,وصله پنچر گيري ژاپني,,50000,
115840217,سرتاس بزرگ استيل,,250000,
115840215,آلن ستاره اي T 8 تاپ تول,,110000,117700
115840214,آلن ستاره اي T 15 تاپ تول,,110000,121500
115840213,آلن ستاره اي T 10 تاپ تول,,110000,126900
115840212,آلن ستاره اي T 25 تاپ تول,,110000,120000
115840211,آلن ستاره اي T 50 تاپ تول,,325000,351000
115840210,آلن ستاره اي T 55 تاپ تول,,695000,801400
115840209,روشويي ديواري كابينت ديواري پتينه مدل ساده سايز 40*70,,2715000,
115840208,زانو دودكش پكيچ,,20000,
115840207,پايه پلاستيكي قوطي 60*60,,180000,
115840206,دستگيره سرويس خالدار,,220000,
115840205,دستگيره آپارتماني خالدار,,180000,
115840204,ابر كفش مشكي بزرگ ساتل,,30000,
115840203,توري كبابي بزرگ,,150000,
115840202,توري كبابي ماهي سناتور,,230000,
115840199,كاتر پلاستيكي,,15000,
115840197,بند رخت سيمي 15 متري,,25000,
115840196,سطل زباله كوچك قايقي,,1500000,
115840194,كاتر سربي TOYO,,48000,
115840193,قلاب كارابين نمره 10,,60000,
115840192,قلاب كارابين نمره 8,,40000,
115840191,قلاب كارابين نمره 6,,30000,
115840190,قلاب كارابين نمره 5,,25000,
115840189,قلاب كارابين نمره 4,,20000,
115840188,قلاب كارابين نمره 3,,15000,
115840187,كشو ميله استيل سايز 1,,40000,
115840186,دستكش ضد برش لاتكس پرو ورتكس,,85000,
115840185,چسب آهن رازي 50ميل,,10000,
115840184,چسب همه كاره رازي 50ميل,,13000,
115840183,انبر اتصال باتري به باتري بزرگ,,70000,
115840181,سرتاس كوچك استيل,,150000,
115840180,اسپري روان كننده WD-40,,60000,
115840179,بخاري فن دار روميزي پارس خزر 2000P,,2177000,
115840178,قلم بنايي 35 سانت,,105000,
115840177,قلم بنايي 25 سانت,,75000,
115840176,محافظ 4 خانه كامپيوتر با مغزي سراميكي با كابل 1/8 متري (فرحان الكتريك ),,290000,
115840175,صفحه پروفيل بر بزرگ مگي,,180000,
115840174,شير حياطي برنجي 1/2,,250000,
115840173,ريموت كنترل ريسه,,100000,
115840172,ريسه شلنگي هفت رنگ,,60000,
115840171,كشو ميله 20 سانت,,45000,
115840170,كشو ميله 45 سانت,,100000,
115840169,قلم بنايي 30 سانت,,90000,
115840167,الكترود 7018 ميكا سايز 2/5,,110000,
115840166,تيغ اره معمولي,,90000,
115840165,هواكش صنعتي 30 فلزي تكفاز 1400 دور 5 پره تكنوتك,,2500000,
115840164,آچار چهار چرخ,,320000,
115840163,ليسه 4 عددي فلزي,,45000,
115840159,پشم شيشه,,40000,
115840157,پيچ متري سايز 8,,40000,
115840156,سطل 25 ليتري بنايي,,200000,
115840155,دريچه نما استيل 20*20,,30000,
115840154,عينك جوشكاري غواصي,,95000,
115840153,آويز لباس 6 خانه,,75000,
115840152,پيچ گوشتي چهار سو M.T.T,,100000,
115840151,بيل شهرداري طلايي,,200000,
115840149,قيف خرطومي,,65000,
115840148,پايه روشويي جديد مينا,,543000,
115840140,گونيا بزرگ دو سوراخ,,7000,
115840139,گونيا چهار سوراخ كوچك,,1500,
115840137,قلاده سگ برزنتي,,90000,
115840136,صفحه گرانيت بر ورتكس 230,,880000,
115840135,انبر اتصال جوش,,70000,
115840134,انبر اتصال جوش بزرگ,,60000,
115840133,سر پيك ايزوگام كلاج دار,,210000,
115840117,دستكش صنعتي استاد كار,,45000,
115840116,ماله بند كشي {ايزوگامي},,50000,
115840115,سر پيك ايزوگامي بزرگ,,120000,
115840114,كاسه توالت گلسار مدل گلايل ريم بسته //,,2044500,
115840113,نيتون دسته دار,,85000,
115840112,دستكش ضد برش نووا,,68000,77500
115840111,روغن آب صابون گالن,,300000,
115840110,داكت سايز 12*12,,24000,
115840109,ضربه گير درب دور كروم,,25000,
115840108,دكمه فلاش تانك گاتريا,,800000,
115840107,سرپيك جوش نووا 2589,,4950000,5312300
115840106,دست خشك كن استيل بلندا,,12500000,
115840105,شيلنگ تبديل يك سر مهره 1/2 اينچ به 3/8 اينچ,,100000,
115840104,شيلنگ سفيد طلايي رابط دوش,,100000,
115840103,شيلنگ طلايي رابط دوش,,110000,
115840102,پودر بندكشي كرم 5 كيلو اكتيو,,450000,
115840101,پودر بندكشي قهوه اي 5 كيلو اكتيو,,450000,
115840100,پودر بندكشي مشكي 5 كيلو اكتيو,,450000,
115840099,متر ليزري ورتكس 80 متري,,3750000,
115840098,فازمتر كوچك آلماني,,25000,
115840097,بشكه بنايي نو,,600000,
115840096,تخته بنايي روس 25 سانت,,0,
115840095,محافظ 2 خانه يخچال با مغزي سراميكي با كابل 3 متري (فرحان الكتريك),,280000,
115840094,محافظ 2 خانه يخچال با مغزي سراميكي با كابل 5 متري (فرحان الكتريك),,330000,
115840093,محافظ 6 خانه ديجيتال صوتي و تصويري با كابل 5 متري (فرحان الكتريك),,480000,
115840092,چراغ خطي 80 وات مهتابي 120cm كياسو,,505000,
115840091,تبديل 3 به 2 ارت دار  16 آمپر خيام الكتريك,,48000,
115840090,چراغ خطي 60 وات مهتابي 80cm آلبو,,320000,
115840088,سيم سيار 6 خانه با كابل 2 متري آفتاب,,110000,
115840087,سيم سيار 4 خانه با كابل 3 متر آفتاب,,95000,
115840086,سيم سيار 4 خانه با كابل 1.5 متر آفتاب,,75000,
115840085,جارو سالني 35 سانتي,,75000,
115840084,پايه دينام,,90000,
115840081,ممگي كولر,,15000,
115840080,سر شيلنگ گاز 1/2 اينچ كروم ( 20 ),,25000,
115840079,دستمال لنگ,,45000,
115840078,صفحه دوخت بزرگ,,5000,
115840077,صفحه دوخت كوچك,,3000,
115840076,پيچ گوشتي شارژي قلمي توسن مدل 2036SC,,3300000,3789100
115840075,پروفيل بر توسن پلاس 180 ميلي مدل 5181C,,11550000,12990400
115840074,تبر 1500 گرم آلتونا اسپانيا,,2400000,
115840073,پيستوله واگما سه تنظيم,,880000,
115840072,پيستوله سايه پاش 125 ميلي ورتكس,,800000,
115840071,گونيا آلومينيومي 50 سانت رابين,,340000,
115840070,گونيا آلومينيومي 20 سانت رابين,,220000,
115840069,گازوييل پاش,,450000,
115840068,تيغ كاتر بزرگ آيرون كره,,70000,
115840067,جارو سالني 50 سانتي بدون دسته ارج,,140000,
115840066,جارو آسفالتي 30 سانتي,,80000,
115840065,آبچكان 86 سانت,,180000,
115840060,تينر فوري 20 هزار ممتاز بيات گالن,,396000,
115840059,مادگي برق سراميكي,,25000,
115840058,داكت دانوب 20*20 چسب دار,,57000,
115840057,لوله دودكش پكيج 25 سانت,,25000,
115840056,لوله دودكش پكيج 50 سانت,,25000,
115840054,علم دوش تك كاره,,450000,
115840052,بست دينام,,12000,
115840050,پودر درزگير 20 كيلويي كي پلاس,,270000,
115840049,پنل هالوژن كامل 7 وات 7سانت,,28000,
115840048,سفيد روغني مخصوص بتونه گالن پارس بهار,,660000,
115840047,رنگ روغني سفيد مات گالن پارس بهار,,950000,
115840046,رنگ روغني سفيد براق گالن پارس بهار,,1000000,
115840045,رنگ اكريليك نيم براق گالن سفيد پارس بهار,,800000,
115840044,رنگ اكريليك سفيد نيم براق دبه پارس بهار دكو اكريل,,2180000,
115840043,رنگ اكريليك پارس بهار اكريل گالن سفيد,,450000,
115840042,رنگ اكريليك سفيد مات پارس بهار اكريل دبه 9111,,1040000,
115840024,علمك شير مخلوط ال,,150000,
115840023,بشكه درب بسته,,600000,
115840022,بشكه در باز,,600000,
115840021,دريل شارژي 14 ولت رونيكس,,9970000,10891200
115840020,نوك پيچ گوشتي 2 سر چهار سو ميكا,,30000,
115840019,لولا گازور دو پيچ اميت,,10000,
115840018,كلاه ايمني سبز,,109000,
115840017,پودر رنگ دوده /,,20000,
115840016,پودر رنگ اخرا,,30000,
115840015,پودر ماستيك 20 كيلوي كي پلاس,,290000,
115840014,پودر بندكشي سفيد 5 كيلو اكتيو,,130000,
115840013,چسب گفر 5cm برزنتي MATISA مشكي,,125000,
115840012,بيلچه ارتشي كوچك,,200000,
115840011,بيل ارتشي دسته چوبي,,400000,
115840010,آچار دوسر رينگي داربستي 21 - 23 fms,,400000,
115840009,ميخ سياه بنفش,,120000,
115840008,گونيا چهار پيچ كوچك,,3000,
115840007,پودر كناف 5 كيلو اصل آلمان,,88000,
115840006,رنگ پلاستيك سفيد پارسيفام طوطي دبه,,680000,
115840004,رنگ نيم پلاستيك سفيد / پارس بهار گالن,,350000,
115840003,دسته يدك زمين شور چرخشي هوم آرا,,290000,
115840002,متر فلزي 30 متري ريما,,550000,
115840001,جارو آسفالتي 35 سانتي,,75000,
115840000,جارو شهرداري پلاستيكي دسته خور,,210000,
115839999,دسته فلزي سنگين,,90000,
115839998,يدك پي وي آ زرد,,105000,
115839993,شير حياطي پلاستيكي 1/2,,59000,
115839981,تي خشكن 40 سانتي,,40000,
115839980,تي خشكن 50 سانتي,,40000,
115839979,كنج حمام 4 طبقه آلومينيومي,,650000,
115839978,جارو خاك انداز مخزن دار,,270000,
115839977,فشار شكن پايه كوتاه ظرفشويي,,55000,
115839976,تي نخي گرد بدون دسته,,35000,
115839975,پيچ پروانه,,5000,
115839974,تي نخي 80 سانت با دسته,,560000,
115839973,خاك انداز ايستاده با دسته,,80000,
115839972,جارو رشتي پلاستيكي كدبانو,,65000,
115839971,جا حوله ميله اي اطلس,,55000,
115839970,تلمبه چاه باز كن كوچك,,100000,
115839969,تلمبه چاه باز كن بلند اسكار,,120000,
115839968,فرچه توالت پاكسال,,50000,
115839967,باد بزن دستي,,15000,
115839966,زير آينه پلاستيكي,,70000,
115839965,آينه كوچك درخشان,,300000,
115839964,گاز مسافرتي,,50000,
115839963,قلم مو خطاطي عدد,,20000,
115839962,آينه متوسط درخشان,,320000,
115839961,قيف كوچك,,30000,
115839960,نوار پرايمر مشكي كيلو,,160000,
115839958,لوله هواكش فنري 6متري سايز 12,,250000,
115839957,لوله هواكش فنري 6متري سايز 10,,200000,
115839956,آينه بزرگ درخشان,,350000,
115839955,ميخ كوب بادي نووا مدل 1850,,5635000,6196800
115839954,آبپاش سرماني,,45000,
115839953,تبديل آهني 1 اينچ به 3/4,,15000,
115839950,مينياتوري 25 آمپر تك فاز هيوندا,,290000,
115839948,پيچ متري سايز 6,,30000,
115839947,سه راهي توپي پرنسس فردان الكتريك,,80000,
115839946,سه راهي توپي مولتي فردان الكتريك,,50000,
115839945,سه شاخه صنعتي سه فاز فردان الكتريك,,69000,
115839944,مادگي صنعتي سه فاز فردان الكتريك,,60000,
115839943,جارو كف شور كوچك,,38000,
115839942,صفحه سراميك آب بر 30 آسرون,,2680000,
115839940,اسپري شيشه شور 3 كاره,,68000,
115839939,نخ نامرئي,,15000,
115839938,سيم آرماتور بندي 2/5 فابريك,,59000,
115839937,قلاب بالابر1 تن,,120000,
115839936,دسته بيل سوپر,,240000,
115839935,دسته بيل روس پرديس,,200000,
115839934,لامپ ال اي دي25 وات مهتابي فرنام,,166000,192400
115839933,لامپ ال اي دي 9وات حبابي مهتابي فرنام,,54000,57600
115839932,لامپ 7 وات شمعي مهتابي فرنام,,50600,54600
115839931,پرژكتور 30 وات فرنام مهتابي,,480000,
115839930,پرژكتور 50 وات فرنام مهتابي,,845000,969800
115839929,درب كفشوري چدني,,60000,
115839928,كوبلينگ مادگي آروا 3/8 كد 3464,,200000,219400
115839927,كوپلينگ دو شاخ آروا كد 3470,,700000,747300
115839926,كوبلينگ سه شاخ كد 3471,,350000,
115839925,دستگاه جوش آهن آروا كد 2019,,10000000,11575000
115839924,دستگاه جوش آهن آروا 160 آمپر كد 2116,,7499000,8013200
115839923,دستگاه خوشبو كننده هوا,,550000,
115839920,كفشور 15*15آريا,,55000,
115839919,سيم لحيم دانش آموزي,,25000,
115839917,چسب شيشه اي 2cm حلقه كوچك,,12000,
115839916,چراغ پيشاني شارژي RL,,200000,
115839915,ديلم فولادي,,500000,
115839914,پيچ گوشتي ضربه اي معمولي,,320000,
115839912,چسب 123  714 NEW  400 mm,,105000,
115839911,جارو خاك انداز ايستاده,,240000,
115839910,حلقه قلاب s,,1500,
115839909,روغن لحيم,,35000,
115839907,سيم لحيم توپي,,230000,
115839906,خط كش فلزي,,48000,
115839905,ماژيك,,26000,
115839904,خودكار آرتلاين,,20000,
115839902,سوزن آگراف,,60000,
115839900,آويز شيلنگي پلاستيكي,,85000,
115839899,چكش 1000 گرمي دسته چوبي,,255000,
115839898,چكش 500 گرمي دسته چوبي,,190000,
115839897,چكش 300 گرمي دسته چوبي,,145000,
115839896,گيره صافكاري قورباقه تك قلاب,,380000,
115839895,پيچ گوشتي ورتكس 6*150,,250000,
115839894,گيره صافكاري سوسماري,,380000,
115839893,گيره صافكاري تك قلاب پله اي,,430000,
115839892,چسب دوقلو رازي,,20000,
115839891,چسب دوقلو جلاسنج,,60000,
115839890,چسب دوقلو شفاف رازي,,38000,
115839882,توالت فرنگي گلسار مدل پلاتوس 19 ملانژ درجه يك,,13623700,
115839881,قفل سوئيچي آپاما,,110000,
115839880,قفل سوئيچي فاخر,,200000,
115839879,قفل سرويس فاخر,,200000,
115839878,قفل كليدي فاخر,,110000,
115839877,آلن يكسر گرد كارتي جيتك,,475000,
115839876,فولي كش سايز 5,,780000,
115839875,فولي كش سايز 4,,700000,
115839874,فولي كش سايز 3,,620000,
115839873,سه راهي توپي باركا,,40000,
115839872,قيچي ورق بر عينكي سايز 12,,500000,
115839871,قيچي ورق بر عينكي سايز 10,,460000,
115839870,قيچي ورق بر عينكي سايز 8,,440000,
115839869,آلن كارتي BM,,250000,
115839868,آلن ستارهاي كارتي BM,,290000,
115839867,آلن يكسر گرد كارتي BM,,270000,
115839866,چكش 1000گرمي دسته فايبري,,470000,
115839865,گريس تابان كاسپين 1 پوندي,,215000,
115839864,متر فلزي 30 متري  تيم,,580000,
115839863,بست شيلنگ فشار قوي 100,,35000,
115839861,بست شيلنگ فشار قوي 90,,29000,
115839860,بست شيلنگ فشار قوي 80,,25000,
115839859,بست شيلنگ فشار قوي 70,,21000,
115839858,بست شيلنگ فشار قوي 60,,20000,
115839857,بست شيلنگ فشار قوي 55,,19000,
115839856,بست شيلنگ فشار قوي 50,,17000,
115839855,بست شيلنگ فشار قوي 44,,15000,
115839850,بست شيلنگ فشار قوي 37,,13000,
115839838,بست شيلنگ فشار قوي 32,,13000,
115839837,سطل بنايي پلاستيك,,45000,
115839836,فنر لوله برق 20 متري,,75000,
115839834,صفحه سراميك بر آب بر اپكس سايز 300,,3400000,
115839833,دسته غلطك 3 متري,,230000,
115839832,چسب پشه,,6000,
115839831,دستگيره كليدي خالدار,,180000,
115839830,تبديل شيلنگ توالت,,12000,
115839829,چكمه مشكي,,280000,
115839828,دريل برقي ايوك 13F ivek وات   كد 7313,,4499000,4600000
115839827,بست شيلنگ فشار قوي 28,,13000,
115839826,بست شيلنگ فشار قوي 25,,12000,
115839825,بست شيلنگ فشار قوي 15,,15000,
115839824,بست شيلنگ فشار قوي هندلي 6,,90000,
115839823,بست شيلنگ فشار قوي هندلي 5,,75000,
115839822,بست شيلنگ فشار قوي هندلي 4,,70000,
115839821,بست شيلنگ فشار قوي هندلي 3,,62000,
115839820,بست شيلنگ فشار قوي هندلي 2.5,,60000,
115839819,بست شيلنگ فشار قوي هندلي 2,,58000,
115839818,چشمي درب 180 بلند,,80000,
115839817,رنگ سفيد روغني نيم مات سحر حلب 760,,3590000,
115839806,ايزوگام ستاره طلايي پودري,,148000,
115839805,ايزوگام ستاره طلايي دليجان,,152000,
115839804,ايزوگام ستاره  طلايي دليجان,,70000,
115839803,پشم شيشه آلومينيوم توپ 18 متري,,123000,
115839802,درايور ريسه شلنگي 10 وات (كمليون),,65000,
115839801,لوله استيل,,50000,
115839793,سيم آرماتور بندي,,37000,
115839792,ترمينال 25,,140000,
115839791,كليد تك پل روكار دلند,,40000,
115839787,مادر رنگ آبي ربي پارسيفام,,72000,
115839785,لامپ 20 وات مهتابي وين شيد,,112000,
115839784,گريس پايه ليتيوم تيوپي 100 غفاري,,40000,
115839783,شير دسته گازي 32 آذين,,372325,
115839782,پايه كابينت 5 سانت,,7000,
115839781,كفشور 15*15 محك,4315034575179,85000,100000
115839780,شير توالت پيشرو ونوس مرجان,,1000000,
115839779,تبديل پيسوار 1/2 به 3/8,,16000,
115839778,لوله فلاش تانك,,60000,
115839777,جا قفلي بلند,,35000,
115839776,جا قفلي كركره برقي,,78000,
115839775,منگنه كوب بادي نووا 8016 E,,4255000,4560500
115839774,پيستوله برقي نووا خرطومي 900وات 2743,,8030000,8752800
115839773,جا قفلي ال شكل,,50000,
115839772,تسمه كولر,,75000,
115839765,كلنگ مقني,,120000,
115839764,رنگ روغني سفيد نيم براق اطلس كيلو كد 4127,,197000,
115839763,آچار سه نظام 13,,30000,
115839762,كش موتوري 3 متري,,80000,
115839761,گونيا آلمينيومي 30 سانت رابين,,285000,
115839759,متر ليزري 100 متري شاران,,1950000,
115839757,ال گونيا 1( 13*10 سانت),,36000,
115839756,ال گونيا 2 (13*15 سانت ),,45000,
115839755,ال گونيا 3 (15*20 سانت),,53000,
115839754,لولا سرنيزه توهمي درب چوبي  6.5سانت,,15000,
115839753,فرچه سيمي كارك دار,,45000,
115839752,كشو ميله 12 سانت,,35000,
115839751,لولا سرنيزه بلبرينگي درب چوبي 9 سانت,,50000,
115839750,قفل سوئيچي كلون,,260000,
115839749,جا قفلي آكاردوني بزرگ,,40000,
115839748,اسپيسر هارد 5 سانت(500),,10500,
115839744,رنگ نيم پلاستيك سفيد // پارس بهار دبه,,820000,
115839743,رنگ نيم پلاستيك سفيد // پارس بهار گالن,,270000,
115839742,رنگ نيم پلاستيك سفيد / پارس بهار دبه,,1320000,
115839740,داكت تابلو,,200000,
115839739,كليد كولر توكار پانيز,,65000,
115839738,شمشه 3 متري,,950000,
115839737,شمشه 2 متري,,630000,
115839736,حلقه چادر سازي بدون قلاب,,8500,
115839732,كاربيت,,70000,
115839731,پيچ سرمته 3.8,,550,
115839729,كلاه ايمني آبي,,95000,
115839726,پيچ آهني  12,,4500,
115839725,دريچه نما گرد فنردار قطر 10,,25000,
115839724,ژيگلور گاز,,15000,
115839723,شيلنگ  گاز 2/5 نخ دار تكنو (50 متري),,40000,
115839722,كفي كولر (83*83) 4000,,650000,
115839721,دستگيره كشويي طلايي,,10000,
115839718,پارت پريز ارت دار,,54150,
115839717,پرژكتور 200 وات پارس اروند آفتابي رويال,,3000000,
115839716,پرژكتور 150وات پارس اروند آفتابي رويال,,2000000,
115839715,دستكش بنفش تكنيسين (240),,46000,
115839714,مينياتوري محافظ جان 25 آمپر تك فاز دنا,,800000,
115839713,مينياتوري محافظ جان 25 آمپر تك فاز دنا,,800000,
115839712,ترمينال 16 آمپر,,60000,
115839711,ترمينال 10 آمپر,,35000,
115839710,ترمينال تابلو 35 آمپر,,150000,
115839709,ترمينال تابلو 16 آمپر,,75000,
115839708,ترمينال تابلو 10 آمپر,,42000,
115839707,مينياتوري 63 آمپر سه فاز دنا,,370000,
115839706,مينياتوري 50 آمپر سه فاز دنا,,370000,
115839705,مينياتوري 32 آمپر سه فاز دنا,,350000,
115839704,چسب چوب گالن شمال,,480000,
115839703,اسپري فوم سيستا,,410000,
115839702,چسب بل صنعتي گالن,,1260000,
115839701,مينياتوري 32 آمپر تيپ B دنا,,120000,
115839700,مينياتوري 25 آمپر تيپ B دنا,,120000,
115839699,مينياتوري 6 آمپر تيپ B دنا,,120000,
115839698,مينياتوري 16 آمپر تيپ B دنا,,120000,
115839697,مينياتوري 10 آمپر تيپ B دنا,,100000,
115839696,پرژكتور 200وات پارس اروند مهتابي رايا,,1950000,
115839695,پرژكتور 150وات پارس اروند مهتابي رايا,,1350000,
115839679,شير پيسوار لباسشويي,,160000,
115839678,سيم مسوار,,6000,
115839677,تخته ماله پلاستيكي شفاف,,90000,
115839676,صفحه سنگ الماسه روميزي سايز 175,,790000,
115839672,صفحه سنگ الماسه روميزي سايز 150,,590000,
115839671,صفحه سنگ الماسه روميزي سايز 125,,490000,
115839670,روپيچ تو پيچ كروم 5سانت,,60000,
115839669,شير يك طرفه فنري 1 اينچ سيتكو,,600000,
115839668,صفحه سنگ سنباده روميزي 200,,680000,
115839667,صفحه سنگ سنباده روميزي 175,,590000,
115839666,صفحه سنگ سنباده روميزي 150,,460000,
115839665,صفحه سنگ سنباده روميزي 125,,270000,
115839663,ترازو آويزي فنري 50 كيلو,,200000,
115839662,ترازو آويزي فنري 25 كيلو,,170000,
115839661,ترازو آويزي گلابي ديجيتال 50 كيلو,,330000,
115839660,ترازو آويزي عقربه اي 10 كيلو,,170000,
115839659,تيغ كاتر بر كلون سايز بزرگ,,30000,
115839658,قفل آويز ميكا سايز 75,,150000,
115839657,آبپاش فشنگي اوپگريد,,220000,
115839656,دستمال وايت,,140000,
115839655,كاور لباس (مانتو - كت و شلوار),,30000,
115839654,دستمال 2 رو كابان 30*40,,85000,
115839653,دستمال دستكشي طرح ماكاروني,,55000,
115839652,دستمال نخي رنگي,,52000,
115839651,ابر جادوئي,,55000,
115839650,دستمال مخصوص شيشه كابان,,40000,
115839649,دستمال نانو 30*40 كابان 3عددي,,150000,
115839648,دستمال فوم 5 عددي آلماني,,170000,
115839647,دستمال LCD وايت,,70000,
115839646,دستمال وايت اصلي,,220000,
115839644,دستمال نخي سفيد,,58000,
115839643,اسپري فوم ارازيم,,130000,
115839642,چسب چوب سوپر گالن دلتا,,450000,
115839641,چسب 123 تي فيكس 400 ميل,,95000,
115839640,صليب 10 ميل,,32000,
115839639,كليپس همتراز مارك 3 ميل مخصوص سنگ,,90000,
115839638,سيم اسكوپ سفيد,,78000,
115839637,كليپس همتراز 3 ميل,,40000,
115839636,چسب 123 ميترااپل,,300000,
115839635,رابط شير پيسوار,,10000,
115839634,لنس تفنگي كارواش ايراني,,690000,
115839633,حلقه چادر سازي با قلاب,,7000,
115839630,اره موتوري 45 سانت STA,,7760000,
115839629,سرسيم كولر,,1000,
115839628,جارو رشتي,,160000,
115839626,پايه كابينت 10 سانت,,18000,
115839625,رابط  چشمي برنجي,,50000,
115839624,انبر دست آيرون مكس سايز 4/5 مدل IM-CP4/5,,240000,
115839623,انبر دست نووا سايز 4/5 مدل 8121,,345000,377400
115839622,رنده برقي توسن مدل 4950,,10670000,12339800
115839619,دنباله گرد بر كوچك,,85000,
115839618,اره افقي بر كرون مدل CT15133,,6200000,
115839617,صفحه پوليش كوچك پلاستيك درجه يك,,40000,
115839616,صفحه پوليش بزرگ پلاستيك درجه يك,,60000,
115839615,صفحه پوليش بزرگ آلومينيوم,,80000,
115839612,صفحه پوليش بزرگ مهره دار,,60000,
115839611,صفحه پوليش كوچك مهره دار,,40000,
115839610,سوهان سه گوش طرح ماه نشان 12,,220000,
115839605,سوهان 12 تخت,,175000,
115839604,سوهان سه گوش نمره 8,,150000,
115839603,چراغ قوه چند كاره,,200000,
115839601,شاقول نمره 4,,130000,
115839600,شاقول نمره 3,,80000,
115839594,ميني فرز DWT WS08-115F,,2858000,
115839592,قفل سرويس و سوئيچي ترك PVC,,170000,
115839591,اسپانوليت لادري سوئيچي UPVC,,250000,
115839590,شيلنگ پيسوار 1/2 اينچ 50 سانت,,110000,
115839589,سر شيلنگ 1/2 برنجي (2),,30000,
115839587,قفل دينام كولر,,90000,
115839586,عينك غواصي توتاص,,150000,
115839585,عينك غواصي توتاص دور ابري,,165000,
115839584,عينك توتاص 119 برشكاري,,93000,
115839583,عينك غواصي فيلتر دار توتاص دور آبي,,110000,
115839582,عينك غواصي فيلتر دار توتاص دور سفيد,,110000,
115839581,عينك توتاص 119 سفيد,,93000,
115839578,عينك توتاص 119 زرد,,93000,
115839577,عينك توتاص 116 برشكاري,,108000,
115839576,عينك توتاص 116 جوشكاري,,108000,
115839575,عينك توتاص 116 دودي,,103000,
115839574,عينك توتاص 116 سفيد,,110000,
115839573,گوني نما 2.20 سانت,,180000,
115839572,مينياتوري 50 آمپر سه فاز,,350000,
115839571,پريز پارت روكار ضد آب سراميكي,,66000,
115839570,كفشور استيل درجه يك,,465000,
115839569,سيمان,,72000,
115839567,چسب آهن رازي 100 ميلي ليتر,,33000,
115839566,ميني فرز 860 وات ديمردار دسته بلند DWT مدل WS08-115TNV,,3358000,
115839565,ميني فرز 860 وات ديمردار DWT مدل WS08-115V,,2358000,
115839564,ميني فرز 860 وات دسته بلند DWT مدل WS08-115TN,,3098000,
115839563,چسب 123 فاينال كوچك 200mm,,50000,
115839562,چكش تخريب آروا 21.5 كيلويي مدل 5261,,42990000,49083800
115839561,دستگاه جوشكاري اينورتر 200آمپر آروا هوم مدل 2178,,4999800,
115839560,دستگاه جوش آهن آروا  200 دو ولوم مدل 2175,,14999000,16572600
115839559,دستگاه جوش آهن  آروا 200 آمپر بدون متعلقات  مدل 2103,,10490000,11346600
115839558,رنگ روغني سفيد براق سحر مدل 701 كيلو,,280000,
115839557,رنگ روغني سفيد براق سحر مدل 701 گالن,,1067000,
115839556,الكترود چدن نيكو,,4100000,
115839555,لنس تفنگي كارواش صنعتي ايتاليايي,,8000000,
115839554,آبپاش ترك قرمز رنگ,,175000,
115839553,آبپاش چمن چرخان MRT,,80000,
115839552,ماله كويتي سايز 32,,220000,
115839551,ماله كويتي سايز 30,,260000,
115839550,ماله كويتي سايز 28,,200000,
115839549,رنگ فوري سبز كيلو تام  1069,,350000,
115839548,مانومتر 10 بار خشك,,110000,
115839544,پرشر سوئيج اسكوار مدل 9013,,300000,
115839543,پرشر سوئيج امرا مدل PM5,,350000,
115839542,پرشر سوئيج امرا مدل PM12,,420000,
115839541,شير كلمن اهرمي,,25000,
115839540,شير كلمن فشاري,,25000,
115839539,شير كلمن پيچي,,25000,
115839538,كلمن 25 ليتر كتابي كيش,,180000,
115839537,كلمن 18 ليتر كتابي كيش,,150000,
115839536,كلمن 12 ليتر كتابي كيش,,140000,
115839535,يخدان 22 ليتري مجهز به شير و درب محفظه دار كيش,,560000,
115839534,يخدان 19 ليتري با درب دوراني و سيني كيش,,770000,
115839533,يخدان 18 ليتري شيردار و پايه دار كيش,,600000,
115839532,يخدان 11 ليتري كيش,,420000,
115839531,يخدان 5/5 ليتري كيش,,270000,
115839530,كلمن 46 ليتري تك شير كيش,,930000,
115839529,كلمن 22 ليتري كيش,,470000,
115839528,كلمن 21 ليتري بادي كيش,,390000,
115839527,كلمن 20 ليتري قفلي پايه دار كيش,,450000,
115839526,كلمن 18 ليتري با درب پيچي پايه دار كيش,,430000,
115839525,كلمن 15 ليتري قفلي پايه دار كيش,,390000,
115839524,كلمن 10 ليتري پايه دار بدون ليوان كيش,,300000,
115839523,كلمن 8 ليتري با درب پيچي پايه دار كيش,,250000,
115839522,كلمن 6 ليتري پايه دار بدون ليوان كيش,,230000,
115839521,كلمن 4 ليتري دوشير كيش,,190000,
115839520,كلمن 4 ليتري پايه دار بدون ليوان كيش,,180000,
115839519,كلمن 3 ليتر ليواندار كيش,,170000,
115839516,لباس كار دوبنده كتان زرشكي,,580000,
115839509,اسپري فوم دركسلر 600 گرم,,150000,
115839508,چسب 5cm كاغذي يارد بالا مس فيكس,,120000,
115839507,رنگ روغني مشكي براق ربي,,75000,
115839506,بست كمربندي  300*3.6مشكيMST,,81000,
115839505,بست كمربندي 300*3.6سفيد MST,,81000,
115839504,بست كمربندي  150*3.6سفيد MST,,44000,
115839503,بست كمربندي 150*2.5سفيد MST,,35000,
115839502,بست كمربندي 100*2.5 سفيد MST,,23000,
115839501,بست كمربندي 200*2.5 سفيد MST,,44000,
115839500,بست كمربندي 550*7/6مشكي MST,,380000,
115839499,بست كمربندي 550*7/6سفيد MST,,380000,
115839498,بست كمربندي 350*3.6 مشكي MST,,104000,
115839497,بست كمربندي 200*4.8 مشكي MST,,87000,
115839496,بست كمربندي 200*4.8 سفيد MST,,87000,
115839495,بست كمربندي 300*4.8 سفيد MST,,122000,
115839494,بست كمربندي 300*4.8 مشكي MST,,122000,
115839493,بست كمربندي 370*7.6 مشكي MST,,270000,
115839492,بست كمربندي 370*7.6 سفيد MST,,270000,
115839491,بست كمربندي 370*4.8 سفيد MST,,140000,
115839490,بست كمربندي  370*4.8 مشكي MST,,140000,
115839489,بست كمربندي 250*3.6 مشكي MST,,79000,
115839488,بست كمربندي 250*3.6 سفيد MST,,79000,
115839487,بست كمربندي200*2.5 مشكيMST,,44000,
115839486,بست كمربندي  150*2.5مشكيMST,,35000,
115839485,بست كمربندي  100*2.5مشكي MST,,23000,
115839484,تينر اپوكسي گالن بيات,,335000,
115839482,تينر فوري 12000 حلب بيات,,1549700,
115839481,تينر فوري 10 هزار B بيات حلب,,1125500,
115839480,جارو كف شور,,70000,
115839479,تي ماكاروني بدون دسته,,170000,
115839477,پودر كناف 5 كيلويي كنام,,95000,
115839476,پيچ روكا,,15000,
115839474,شيلنگ رابط كوتاه علم دوش به شير حمام,,40000,
115839473,دسته شير اهرمي اسپانيا,,130000,
115839471,فشار شكن سر شير ظرفشويي طلايي براق,,170000,
115839467,فشار شكن سر شير ظرفشويي كروم,,130000,
115839466,گچ صنعتي بسته 100 عدد,,12000,
115839465,خوشبو كننده چوبي (ريد ديفيوزر) لمسر,,348000,
115839464,ژل خوشبو كننده 90 گرم لمسر,,30000,
115839463,بوگير سرويس بهداشتي لمسر,,26000,
115839462,اسپري خوشبو كننده پرده و مبل لمسر,,157000,
115839461,چسب 123 گيزير فيكس 400mm,,100000,
115839460,چسب آهن كاسپين قوطي 700 mm,,190000,
115839459,چسب آهن كاسپين قوطي 200 mm,,75000,
115839458,گريس تابان كاسپين نيم پوندي,,135000,
115839457,گريس همه كاره كاسپين نيم پوندي,,160000,
115839456,گريس همه كاره كاسپين 2پوندي,,520000,
115839455,رنگ اكريليك نيم براق افشار دبه,,1910000,2173600
115839454,ابر,,9000,
115839453,لوله عصايي فلاش تانك بلند,,36000,
115839452,سر شيلنگ گاز,,15000,
115839451,رو كابينتي گاتريا مدل هما دايره شير سر خود درجه 1,,950000,
115839450,روكابينتي گاتريا مدل هما بيضي شير سر خود درجه 1,,680000,
115839449,يونيورست كسري مدل ديبا طلا براق,,8760000,9918700
115839448,عينك جوشكاري 112 اتومات توتاص,,880000,
115839447,دستكش ضد برش 505 توتاص,,64000,
115839446,فوم 10mm عرض1 متري,,50000,
115839445,بست پايه دار 1 اينچ,,35000,
115839444,بست پايه دار 3/4,,31000,
115839442,بست آهني 1/2 پايه دار,,15000,
115839441,بست آهني 3/4 دو پيچ,,10000,
115839440,بست آهني 1/2 دو پيچ,,8000,
115839439,بست آهني 3 پيچ,,8000,
115839438,بست آهني 3/4 تك پيچ,,10000,
115839437,بست آهني 1/2 تك پيچ,,5000,
115839436,تي كابينت سايز 5,,30000,
115839435,تي كابينت سايز 3,,15500,
115839434,داس اره چيني,,80000,
115839433,داس ايراني بزرگ,,120000,
115839432,شيلنگ باد فنري 15 متر سايز 8 تايوان,,490000,
115839431,شير دسته گازي 25 آذين,,212020,
115839430,شير مغزي برنجي 20,,218000,
115839429,شير فلكه كامل 32 آذين,,274030,
115839428,شير فلكه كامل بستدار 25 آذين,,343000,
115839427,شير فلكه كامل بستدار 20 آذين,,229000,
115839408,بست لوله 32,,1900,
115839407,بست لوله 25,,1110,
115839406,بست لوله20,,1000,
115839404,درپوش پايه بلند پاستيكي 20آذين,,4300,
115839395,دستكش آرگون چرم,,75000,
115839394,دستكش جوشكاري تمام چرم كوتاه,,120000,
115839393,روپوش شلوار (لباس كار ) زنانه بلند,,1050000,
115839392,لوله خم 32 آذين,,65800,
115839390,لوله خم 25 آذين,,41000,
115839389,لوله خم 20,,26500,
115839388,شابلون نصب كوتاه 1/2آذين,,4600,
115839387,سه راه ناف فلزي بستدار 32*1 آذين,,129600,
115839386,سه راه ناف فلزي بستدار 25*3/4 آذين,,85000,
115839385,سه راه ناف فلزي بستدار 25*1/2 آذين,,67300,
115839384,سه راه ناف فلزي بستدار 20*1/2 آذين,,61700,
115839381,"مهره ماسوره تلفيقي بوشن فلزي""""1*32آذين",,154000,
115839374,مهره ماسوره تلفيقي بوشن فلزي3/4*25آذين,,106000,
115839373,مهره ماسوره تلفيقي بوشن فلزي1/2*20آذين,,80000,
115839372,قفل 4 لول تينا,,690000,
115839371,خرطومي 1.5 متر بدون زير آب,,30000,
115839370,شيلنگ رابط 3/8 اينچ 20 سانت,,85000,
115839369,توري كناف اصل,,135000,
115839368,رابط مستقيم كپسول پرسي,,35000,
115839367,مهره ماسوره دو سر جوش 32آذين,,55000,
115839366,مهره ماسوره دو سر جوش 25آذين,,31000,
115839365,مهره ماسوره دو سر جوش 20 آذين,,23000,
115839364,"مهره ماسوره يكسر جوش  """"2*63آذين",,1807000,
115839363,مهره ماسوره يكسر جوش 11.2*50آذين,,1354000,
115839362,مهره ماسوره يكسر جوش 11/4*40آذين,,900000,
115839361,بست 8 چدن,,7000,
115839360,آچار يكسر تخت جغجغه اي سوباشي سايز 13,,150000,
115839359,بست 12 چدن,,25000,
115839358,بست 10 چدن,,10000,
115839357,بست 6 چدن,,5000,
115839356,بست 5 چدن,,5000,
115839355,بست 3 چدن,,5000,
115839354,مهاركش گالوانيزه 24  mm,,500000,
115839353,مهاركش گالوانيزه 22  mm,,220000,
115839352,مهاركش گالوانيزه 18  mm,,165000,
115839351,مهاركش گالوانيزه 16 mm,,130000,
115839350,مهاركش گالوانيزه 14 mm,,110000,
115839341,آچار يكسر تخت رينگي ست 8 عددي پلكاني سان تولز,,680000,
115839340,مهاركش گالوانيزه 8  mm,,45000,
115839339,آچار يكسر تخت رينگي ست 12 عددي پلكاني سان تولز,,870000,
115839338,مهاركش گالوانيزه 6  mm,,30000,
115839337,وينچ برقي تك فاز 600-300,,12800000,
115839336,وينچ برقي تك فاز 500-250,,10800000,
115839335,وينچ برقي تك فاز 400-200,,9800000,
115839318,"مهره ماسوره يكسر جوش """"1*32آذين",,466000,
115839317,مهره ماسوره يكسر جوش 3/4*25آذين,,378000,
115839316,مهره ماسوره يكسر جوش 1/2*20 آذين,,270000,
115839315,زانوي يكسر بوشن بستدار 3/4*25آذين,,82400,
115839314,زانوي يكسر بوشن بستدار1/2*25آذين,,69500,
115839313,زانوي يكسر بوشن بستدار 1/2*20آذين,,59000,
115839312,زانوي يكسر مغزي بستدار 3/4*25 آذين,,118600,
115839311,زانوي يكسر مغزي بستدار 20*3/4 آذين,,67060,
115839310,زانوي يكسر مغزي بستدار 3/4*20 آذين,,111000,
115839309,زانوي يكسر مغزي بستدار 1/2*20 آذين,,98200,
115839308,پريز توكار دلند,,55000,
115839307,پريز روكار دلند,,40000,
115839306,پارت كليد تك پل باراني,,60800,
115839305,سيفون روشويي,,68000,
115839304,شيلنگ رابط پكيج 3/4 اينچ 50 سانت,,210000,
115839303,شيلنگ رابط 1/2 اينچ 30 سانت,,105000,
115839302,شيلنگ رابط  1/2 اينچ 20 سانت,,100000,
115839301,شيلنگ پيسوار 3/8 اينچ 50 سانت,,110000,
115839300,سرسيم كولر,,1500,
115839299,تيشه بنايي ميكا,,130000,
115839298,چسب آلومينيوم پهن,,150000,
115839296,زير سري فلزي نيم گرد كمد ديواري,,10000,
115839295,توپي فلوتر 1 اينچ و 11/4 اينچ,,120000,
115839294,سه راهي آب كولر,,25000,
115839293,مغزي شير مخلوط پارس,,65000,
115839292,مغزي شير مخلوط نيو كرمان,,60000,
115839291,توپي فلوتر 1/2و 3/4,,80000,
115839290,فلوتر 1 اينچ برنجي,,1400000,
115839289,فلوتر 3/4 برنجي,,620000,
115839288,فلوتر 1/2 برنجي,,500000,
115839287,دوغاب ريز,,16000,
115839286,يونيورست درخشان مدل آتوسا 111  گلد مات,,11623000,
115839285,پايه روشويي جديد مبينا سمن 42,,543000,
115839284,پودر رنگ امرا,,30000,
115839283,شاپان قهوه اي سما كيلو,,45000,
115839282,رنگ روغني سفيد براق اطلس گالن,,961000,
115839281,سينك فانتزي اخوان 2 لگنه مدل 72 توكار لگن راست 50*120,,7493700,8076300
115839280,رابط شيلنگ گاز,,5000,
115839279,پودر رنگ نقره اي 50 گرمي,,150000,
115839278,پودر كاشي 20 كيلو شيمي ساختمان BK 2 F,,780000,
115839277,دستكش جوشكاري نسوز طرح فرانسه بلند,,264000,
115839276,توالت فرنگي گاتريا مدل گاتريا طوسي براق درجه يك,,5000000,
115839275,روشويي ديواري سنگ پرشين مدل روكار سايز 70*40,,890000,
115839274,اجاق گاز پنج شعله اخوان مدل Z7 روميزي شيشه اي  شعله راست,,12015900,14109900
115839273,جا دستمال توالتي استيل,,250000,
115839272,پيچ كله قارچي  3*3/16,,1500,
115839271,اسيد 98 درصد گالن,,90000,
115839270,ديسكيلر گالن,,75000,
115839269,جوهر نمك 33درصد گالن,,65000,
115839268,رنگ سفيد روغني سفارشي حلب,,2200000,
115839267,شن كش,,150000,
115839266,گريس تابان كاسپين 4/540 كيلو,,1730000,
115839265,نوار درز گير عرض 1 سانت,,12000,
115839263,كلمن باران 18 ليتري,,400000,
115839262,زانوي يكسر بوشن فلزي 11/4*40آذين,,420000,
115839261,كلاه ايمني قرمز,,95000,
115839260,"زانوي يكسر بوشن فلزي """"1*32آذين",,121000,
115839259,زانوي يكسر بوشن فلزي 3/4*32 آذين,,86000,
115839258,زانوي يكسر بوشن فلزي 3/4*25 آذين,,83000,
115839257,زانوي يكسر بوشن فلزي 1/2*25آذين,,60000,
115839252,زانوي يكسر بوشن فلزي 1/2*20 سفيد,,58000,
115839251,"اتصال يكسر مغزي فلزي  """"2*63آذين",,1216000,
115839250,اتصال يكسر مغزي فلزي 11/2*50آذين,,606000,
115839249,اتصال يكسر مغزي فلزي 11/4*40آذين,,502100,
115839248,ميخ دو پا,,28000,
115839233,"اتصال يكسر مغزي فلزي """"1*32 آذين",,192300,
115839231,اتصال يكسر مغزي فلزي  3/4*25آذين,,113700,
115839230,اتصال يكسر مغزي فلزي  1/2*25آذين,,98100,
115839229,اتصال يكسر مغزي فلزي  1/2*20 آذين,,92900,
115839228,تيغ شيشه پاك كن تارا پلاس (زرد),,8800,
115839227,فرچه سيمي (برسي )مسواكي اكو,,50000,
115839226,مادر رنگ زرد ربي پارسيفام مدل 11028,,72000,
115839225,مادر رنگ قرمز ربي پارسيفام مدل 13020,,72000,
115839224,بست كمر بندي 30,,0,
115839223,سلفون بهداشتي بزرگ 1000ويتال,,1300000,
115839222,دستكش لاتكس جراحي,,130000,
115839221,شير دسته گازي 2اينچ برنجي,,1350000,
115839220,فتينگ 1 اينچ برنجي,,220000,
115839219,فتينگ 3/4 اينچ برنجي,,180000,
115839218,فتينگ 1/2 اينچ برنجي,,75000,
115839217,چراغ قوه فانوسي STA,,1200000,
115839216,الماس شيشه اكو,,90000,
115839215,الماس شيشه فيلبر استاين,,320000,
115839214,چكش دو شاخ توسن 500 گرمي دسته بلند,,805000,915100
115839212,دسته غلطك 2 متري,,180000,
115839211,اجاق دوشعله پروفيل,,726000,
115839210,قفل حياطي سپه كليد معمولي,,560000,
115839209,كفش كار ولكس,,690000,
115839208,رطوبت گير تكي تاپكس,,1950000,
115839207,فيلتر هوا كمپرسور سايلنت فلزي3/8,,110000,
115839204,فيلتر هوا كمپرسور روغني پلاستيكي3/8,,65000,
115839203,فيلتر هوا كمپرسور روغني فلزي3/8,,90000,
115839202,آچار يكسر تخت رينگي GK هندي 9,,60000,
115839201,آچار يكسر تخت رينگي GK هندي 10,,95000,
115839200,آچار يكسر تخت رينگي GK هندي 13,,70000,
115839199,آچار يكسر تخت رينگي GK هندي 17,,135000,
115839198,آچار يكسر تخت رينگي GK هندي 22,,200000,
115839197,محافظ قاب بزرگ سنگبري,,150000,
115839196,قاپك 3 عددي C3-D115 مدريت,,1500000,
115839195,شير 1 اينچ گازي سيتكو,,340000,
115839193,شير گازي دسته قرمز 3/4 سيتكو,,390000,
115839192,شير گازي دسته قرمز 1/2 سيتكو,,250000,
115839191,شير حياطي دسته گازي ا اينچ رهانه,,312000,
115839190,ميني فرز شارژي براشليس 20 ولت با دو باطري  آروا مدل 5882,,11998000,13072600
115839189,دريل بتن كن اروا مدل 5831,,14298000,
115839188,پرژكتور دستي كوچك آروا مدل 4724,,2000000,2161700
115839187,دريل شارژي براشلس 20 ولت دو باطري آروا مدل 5815,,5999000,6322900
115839186,عايق سفيد افرا 31 دبه,,1900000,
115839185,دريل شارژي 21 ولت آروا مدل 5823,,5499000,5818000
115839184,جعبه ابزار فلزي آروا 50 سانت 2 طبقه مدل 4708,,1190000,1276000
115839183,جعبه ابزار فلزي آروا 40 سانت 3 طبقه مدل 4706,,1290000,1508900
115839182,جعبه ابزار فلزي آروا 40 سانت 2 طبقه مدل 4705,,1049000,1152400
115839181,جعبه ابزار فلزي آروا 30 سانت 3 طبقه مدل 4703,,1090000,1158900
115839180,جعبه ابزار فلزي آروا 30 سانت 2 طبقه مدل 4702,,899000,955300
115839179,دستگاه جوش آهن 250 آروا مدل 2115,,26990000,29261400
115839178,عينك غواصي معمولي برشكاري,,30000,
115839177,دستگاه جوش آهن آروا 220 مدل 2102,,23900000,25857300
115839176,نوار خطر,,50000,
115839175,سيم برنج آلماني,,75000,
115839174,كلاه ايمني سفيد,,95000,
115839173,شيلنگ دو سر مهره پكيج 3/4 اينچ 50 سانت,,200000,
115839172,شيلنگ پكيج 3/4 استيل 50سانت دوسر مهره,,100000,
115839171,دستگيره پنجره زيتوني وطلايي,,150000,
115839170,دستگيره پنجره كروم,,120000,
115839168,چرخ,,98000,
115839167,اره چوب بري 50 سانت دست چوبي,,60000,
115839166,بيل پارويي ميكا,,270000,
115839165,بيل پارويي پرديس,,200000,
115839164,بيلچه مقني,,70000,
115839163,عينك جوش كاري معمولي تك پلاست,,40000,
115839162,كله قندي استوانه اي,,215000,
115839161,جك 120 نيوتن كابينت,,70000,
115839160,سر پيك نيك ساده كوچك,,75000,
115839159,شير اجاق تك شعله,,70000,
115839158,سر پيك تورچ سفيد كد 920,,180000,
115839157,سر پيك تورچ آبي كد 915,,180000,
115839156,چهار راه شيلنگ گاز,,13000,
115839155,سه راهي شيلنگ گاز,,15000,
115839154,رگلاتور پرسي كوچك,,250000,
115839153,رگلاتور پرسي نيمه كوچك,,120000,
115839152,رگلاتور پرسي فشار قوي,,420000,
115839151,رگلاتور بوتان كوچك,,124000,
115839150,رگلاتور بوتان نيمه قوي كوچك,,136000,
115839149,رگلاتور بوتان فشار قوي,,190000,
115839147,رگلاتور ايران نيمه قوي,,170000,
115839146,رگلاتور ايران معمولي,,155000,
115839145,رگلاتور ايران قوي,,211000,
115839144,پيك نيك 0/5 كيلويي (بدون سري),,500000,
115839143,پيك نيك 5 كيلويي (بدون سري),,1100000,
115839142,پيك نيك 2 كيلويي (بدون سري),,700000,
115839141,پيك نيك 1/5 كيلويي (بدون سري),,680000,
115839140,اجاق گاز روميزي تك شعله صبا,,720000,
115839139,اجاق گاز سه شعله روميزي لعابي پولاد,,1270000,
115839138,اجاق گاز دو شعله روميزي لعابي پولاد,,1100000,
115839137,اجاق پروفيلي دوقلو,,1020000,
115839136,اجاق پروفيلي تك چدن 20همراه شير,,430000,
115839134,اجاق پروفيلي 27*27,,470000,
115839132,اجاق پروفيلي 25*25,,430000,
115839131,اجاق پروفيلي 10*10,,300000,
115839130,اجاق 50*50 پولاد گاز,,910000,
115839129,اجاق 40*40 دو شعله پولاد گاز,,770000,
115839128,اجاق 40*40پولاد گاز,,680000,
115839127,اجاق 30*30 گرد سراجيان,,490000,
115839126,اجاق 30*30 آهني,,690000,
115839125,اجاق 20*20گرد سراجيان,,440000,
115839124,اجاق 20*20 چدن,,394000018.4,
115839123,اجاق 20*20 آهني,,280000,
115839122,اجاق 15*15آهني,,166000,
115839120,اجاق 10*10 آهني,,154000,
115839119,جك 100 نيوتن كابينت,,70000,
115839118,چرخ دوقلو صندلي (پيچي),,55000,
115839117,كلاه ايمني گپ,,130000,
115839116,صليب 3 ميل,,25000,
115839114,كابل آنتن,,20000,21300
115839113,كابل هوايي 06*2*10 (تك كابل كرمان),,13000,
115839112,سيم نايلون 0/5 * 2 (سيمپود),,23000,24300
115839111,سيم نايلون 1 * 2 (سيمپود),,45500,49000
115839110,سيم نايلون 0/75 * 2 (سيمپود),,34000,36600
115839109,سيم نايلون 2.5 * 2 (البرز ابهر) (نيروكابل البرز),,97500,106700
115839108,آنتن 2018 روميزي (هاني),,540000,
115839107,آنتن 90 ثابت هوايي هاني,,700000,
115839106,ريسه شلنگي 10 وات 24 لومن بر چيپ آبي (كمليون),,42000,
115839105,ريسه شلنگي 10 وات 24 لومن بر چيپ بنفش(كمليون),,42000,
115839104,ريسه شلنگي 10 وات 24 لومن بر چيپ قرمز (كمليون),,42000,
115839103,ريسه شلنگي 10 وات 24 لومن بر چيپ انبه اي (كمليون),,44000,
115839102,ريسه شلنگي 10 وات 24 لومن بر چيپ آفتابي (كمليون),,42000,
115839101,ريسه شلنگي 10 وات 24 لومن بر چيپ مهتابي (كمليون),,42000,
115839100,ريسه شلنگي 10 وات 24 لومن بر چيپ صدفي (كمليون),,42000,
115839099,چراغ سيار خودرو 9 وات گيره دار(آريانا),,65000,
115839098,كيف كمري,,250000,
115839097,سر شير حياطي 1/2,,25000,
115839096,چراغ سيار خودرو 30 وات گيره دار,,130000,
115839095,باتري ريموتي -آ-23 تكي,,40000,
115839094,باتري ريموتي -آ-27 تكي,,35000,
115839093,باتري نيم قلمي آلكالاين 2 عددي - AAA,,75000,
115839092,باتري قلمي آلكالاين 2 عددي - AA,,75000,
115839091,باتري 4 عدد قلمي 2 عدد نيم قلمي سوپر انرژي,,40000,
115839090,باتري متوسط سوپر انرژي 2 عددي SIZE C,,65000,
115839087,باتري بزرگ سوپر انرژي 2 عددي  SIZE  D  WH-R20p-BP2,,52000,
115839086,باتري كتابي 9 ولت آلكالاين,,130000,
115839085,باتري 4 عددي قلمي و 2 ععدي نيم قلمي پلاس آلكاين,,75000,
115839084,باتري متوسط وستينگهاوس 2 عددي آلكالاين LR14-Bp2D,,130000,
115839083,باتري بزرگ وستينگهاوس 2 عددي آلكالاين LR20-BP2C,,220000,
115839082,لامپ 60 وات استوانه مهتابي اروند تاپ,,450000,
115839081,لامپ 80 وات هاي پاور مهتابي E27 (البو),,950000,
115839080,لامپ 80 وات مهتابي سفينه اي(سيدكو),,950000,
115839079,لامپ 15 وات حبابي مهتابي (البو),,77000,
115839078,لامپ 6 وات كريستال اشكي شمعي مهتابي (البو),,44000,
115839077,لامپ 6 وات كريستال اشكي شمعي آفتابي (البو),,44000,
115839076,ال اي دي اشكي 7 وات مهتابي  (وين شيد),,35000,
115839075,ال اي دي اشكي 7 وات آفتابي (وين شيد),,35000,
115839074,پرژكتور 50 وات بيلبوردي 12 ولت,,180000,
115839073,لامپ اضطراري LED مگنتي شارژي,,320000,
115839072,هواكش دمنده سايز 20 فلزي 1400دور c4s كم دور (دمنده),,858000,
115839071,هواكش دمنده سايز 20 فلزي 2800دور c2s پر دور (دمنده),,945000,
115839070,هواكش خانگي اكسي لاين 10 دمنده 2400 دور,,285000,
115839069,هواكش خانگي دمنده سايز 15,,398000,
115839068,پرژكتور 200 وات پارس اروند مهتابي رويال,,3000000,
115839067,پرژكتور 150 وات پارس اروند مهتابي رويال,,2000000,
115839066,پرژكتور 100 وات پارس اروند مهتابي رويال,,1600000,
115839065,پرژكتور 50 وات پارس اروند مهتابي رويال,,800000,
115839064,پرژكتور 30 وات پارس اروند مهتابي رويال,,600000,
115839063,لامپ هالوژن 7 وات SMD آفتابي با پايه 10GU (وين شيد ),,50000,
115839062,كليد تك پل رو كار باراني,,32000,
115839061,مادگي صنعتي بهداد,,31000,
115839060,پريز ارتدار مغزي سراميك رو كار باراني (خيام الكتريك),,35000,
115839059,باتري نيم قلمي سوپر انرژي دوعددي AAA,,25000,
115839058,باتري قلمي سوپر انرژي 2 عددي AA,,15000,
115839057,باتري سكه اي ليتيوم 2016 وستينگهاوس,,30000,
115839056,باتري سكه اي ليتيوم 2032 وستينگهاوس,,30000,
115839055,باتري نيم قلمي شرينك 4 عددي سوپر انرژي,,25000,
115839054,باتري قلمي شرينك 4 عددي سوپر انرژي,,40000,
115839053,لامپ ال اي دي 12وات حبابي مهتابي (وين شيد),,57000,
115839051,لامپ ال اي دي 12وات  حبابي آفتابي (وين شيد),,57000,
115839050,لامپ ال اي دي 20وات استوانه آفتابي ( وين شيد,,112000,
115839049,لامپ ال اي دي 30وات استوانه  آفتابي  ( وين شيد,,185000,
115839048,لامپ ال اي دي 30وات استوانه مهتابي  ( وين شيد,,185000,
115839047,لامپ ال اي دي 40وات استوانه آفتابي ( وين شيد ),,256000,
115839046,لامپ ال اي دي 40وات استوانه مهتابي پارس اروند,,256000,
115839043,لامپ ال اي دي 50 وات استوانه مهتابي (وين شيد -ليتومكس ),,341000,
115839042,لامپ 50 وات استوانه آفتابي پارسه شيد,,341000,
115839023,سر پيچ دوشاخه دار كليددار (BEST),,15000,
115839022,تبديل E40به E27 ( پارس اروند ),,15000,
115839021,سر پيچ لامپ مشكي,,35000,
115839020,محافظ4 خانه كامپيوتر با مغزي سراميكي با كابل 3 متري (فرحان الكتريك),,340000,
115839019,محافظ ولتاژورودي 40 آمپر (فرحان الكتريك ),,360000,
115839018,محافظ 6 خانه ديجيتالي صوتي و تصويري با كابل 1.8 متري ( فارحان الكتريك ),,400000,
115839017,محافظ 6 خانه ديجيتال صوتي و تصويري با كابل 3 متري (فرحان الكتريك),,430000,
115839016,محافظ كولر گازي با مغزي سراميكي (فرحان الكتريك ),,260000,
115839015,محافظ 2 خانه يخچال با مغزي سراميكي با كابل 1.8 متري (فرحان الكتريك),,250000,
115839014,سيم سيار  3 خانه ارت دار با كليد و با كابل 5 متري (فرحان الكتريك),,240000,
115839013,محافظ 6 خانه صوتي و تصويري با كابل 1.5 متري (فرحان الكتريك),,220000,
115839012,محافظ يخچال ساده با كابل 1.5 متري (فرحان الكتريك),,210000,
115839011,سيم سيار  3 خانه ارت دار با كليد با كابل 3 متري (فرحان الكتريك ),,185000,
115839010,سيم سيار 4 خانه ارت دار با كليد و با كابل 1.8 متري ( فرحان الكتريك ),,160000,
115839009,شفت كولر 7000,,75000,
115839007,منقل 40,,230000,
115839006,سيم نايلون 1.5 * 2 (نيرو كابل البرز),,59500,66200
115839000,قاپك تكي دام,,550000,
115838999,آچار يكسر تخت رينگي ست 25 عدد جت مستر,,8500000,
115838997,قفل درب حياطي برقي كاويان مدل 8907,,2800000,
115838996,فيلتر جسپي,,110000,
115838995,ماسك جسپي طوسي,,170000,
115838994,فيلتر بلوگر تايوان,,100000,
115838993,فيلتر زيتوني 3M,,175000,
115838992,ماسك و فيلتر 3M دو فيلتره,,600000,
115838989,پوشال گير كولر,,15000,
115838987,خاك انداز پلاستيكي,,40000,
115838986,تيغ شيشه پاكن قابل جابجايي,,30000,
115838985,صفحه استيل بر كلينگ سايز 180,,75000,
115838984,صفحه استيل بر كلينگ سايز 115,,40000,
115838983,صفحه سنگ بري اوسيس سايز 230,,86000,94200
115838982,قفل درب حياطي برقي اكسيناژ مدل 102002,,2050000,
115838981,گونيا 25 سانت,,150000,
115838980,كمان اره آهن بر سبز okboons,,230000,
115838979,قفل درب حياطي برقي اكسيناژ مدل 102003,,2200000,
115838978,قفل درب حياطي برقي اكسيناژ مدل 102004,,2100000,
115838977,گلداني چاه سايز 70,,1600000,
115838976,كله قندي 75 سانت,,225000,
115838975,سيم افشان 4 * 1 آبي (سيمپود),,71500,81700
115838974,سيم افشان 2/5 * 1 مشكي (نيرو كابل البرز),,44000,49100
115838973,سيم افشان 2/5 * 1 آبي (نيرو كابل البرز),,44000,48200
115838972,سيم افشان 2/5 * 1 قرمز (نيرو كابل البرز),,44000,46700
115838971,سيم افشان 1/5 * 1 مشكي (كرمان ),,27500,29600
115838970,سيم افشان 1/5 * 1 آبي (كرمان ),,27500,30100
115838969,سيم افشان 1/5 * 1 قرمز,,27500,29200
115838967,سيم افشان ارت 1/5 * 1 (سيمپود),,19000,
115838966,سيم افشان 1 * 1 قرمز (سيمپود),,19500,21400
115838965,سيم افشان 1 * 1 آبي (سيمپود),,19500,21100
115838964,سيم افشان 1 * 1 مشكي (سيمپود),,19500,22700
115838963,سيم افشان 0/5 * 1 قرمز (سيمپود),,11000,12500
115838962,سيم افشان 0/5 * 1 آبي (سيمپود),,11000,11800
115838961,قفل 2/5 درب آهني DAF ترك,,490000,
115838960,قفل كتابي ايساتيس سايز 70,,220000,
115838959,قفل سپه كليدي,,110000,
115838957,قفل غلطكي كمدي دلتا,,150000,
115838956,چرخ 125 ترمز دار دايكاست,,270000,
115838955,چرخ 125 ثابت دايكاست,,350000,
115838952,سيلندر طرح IISEO,,150000,
115838951,چرخ 125 گردون دايكاست,,235000,
115838950,چرخ 75 ترمز دار دايكاست,,400000,
115838949,چرخ 75 ثابت دايكاست,,135000,
115838948,سيلندر كامپيوتري KENYOS,,150000,
115838947,چرخ 75 گردون دايكاست,,170000,
115838946,سيلندر 7 سانتي ويژه باتيس,,205000,
115838945,سيلندر 9 سانتي باتيس,,280000,
115838944,چرخ 100 ترمز دار دايكاست,,260000,
115838943,چرخ 100 ثابت دايكاست,,325000,
115838942,سيلندر 9 سانتي 40/30 STILA,,450000,
115838941,چرخ 100 گردون دايكاست,,230000,
115838940,سيلندر 10 سانتي وسط U - ULTRA,,280000,
115838939,چرخ 200 ثابت رولبرينگ,,470000,
115838938,چرخ 160 ثابت رولبرينگ,,625000,
115838937,چرخ 160 گردون رولبرينگ,,550000,
115838936,چرخ 125 گردون رولبرينگ,,580000,
115838935,چرخ 100 گردون رولبرينگ,,34000,
115838934,چرخ 200 ثابت مدل آلماني,,560000,
115838933,چرخ 200 گردون مدل آلماني,,1580000,
115838932,چرخ 100 ترمز دار نارنجي,,300000,
115838931,چرخ 100 ثابت نارنجي,,185000,
115838930,چرخ 100 ترمز دار رينگ طلائي,,440000,
115838929,چرخ 100 گردون رينگ طلائي,,410000,
115838928,چرخ 75 ترمز دار رينگ طلائي,,400000,
115838927,چرخ 75 گردون رينگ طلائي,,370000,
115838926,چرخ 200 ترمز دار ورق مشكي,,430000,
115838925,چرخ 200 ثابت ورق مشكي,,300000,
115838924,چرخ 200 گردون ورق مشكي,,370000,
115838923,چرخ 160 ترمز دار ورق مشكي,,380000,
115838922,چرخ 160 ثابت ورق مشكي,,495000,
115838921,چرخ 160 گردون ورق مشكي,,300000,
115838919,چرخ 100 گردون نارنجي,,250000,
115838918,چرخ 75 ترمز دار,,160000,
115838917,چرخ 75 ثابت نارنجي,,162000,
115838916,چرخ 75 گردون نارنجي,,205000,
115838915,چرخ 50 ترمز دار نارنجي,,110000,
115838914,چرخ 50 گردون نارنجي,,105000,
115838912,چرخ 40 ترمز دار نارنجي,,105000,
115838911,چرخ 40 ثابت نارنجي,,70000,
115838910,محافظ پاي درب چوبي 90 سانت,,145000,
115838909,چرخ 40 گردون نارنجي,,80000,
115838908,چرخ چمداني ثابت,,25000,
115838907,كلاهك شير پيچي,,110000,
115838906,چرخ 200 داربستي بدون ترمز,,725000,
115838905,چرخ 200 داربستي ترمز دار,,790000,
115838904,چرخ 125 ترمز دار دايكاست pu,,538000,
115838903,چرخ 125 گردون دايكاست pu,,480000,
115838902,چرخ 100 ترمز دار دايكاست pu,,745000,
115838901,چرخ 100 گردون دايكاست pu,,690000,
115838900,چرخ 75 ترمز دار دايكاست pu,,660000,
115838899,چرخ 75 گردون دايكاست pu,,595000,
115838898,گاري دستي دو چرخ 280 PVC,,2975000,
115838897,چرخ 280 ثابت دايكاست,,1095000,
115838896,چرخ 280 گردون دايكاست,,720000,
115838895,چرخ 200 ترمز دار دايكاست,,510000,
115838894,چرخ 200 ثابت دايكاست,,615000,
115838893,چرخ 200 گردون دايكاست,,855000,
115838892,چرخ 160 ترمز دار دايكاست,,490000,
115838876,چرخ 160 ثابت دايكاست,,295000,
115838875,چرخ 160 گردون دايكاست,,425000,
115838874,چرخ 125 ترمز دار ورق مشكي,,170000,
115838873,چرخ 125 ثابت ورق مشكي,,205000,
115838872,چرخ 125 گردون ورق مشكي,,240000,
115838871,چرخ 100 ترمز دار ورق مشكي,,145000,
115838870,چرخ 100 ثابت ورق مشكي,,160000,
115838869,چرخ 100 گردون ورق مشكي,,195000,
115838868,چرخ 75 ترمز دار ورق مشكي,,185000,
115838867,چرخ 75 گردان ورق مشكي,,140000,
115838866,چرخ 75 ثابت ورق مشكي,,110000,
115838865,قفل كتابي 94 فولادي آيرون مكس,,870000,
115838864,سنباده متري,,50000,
115838863,قفل سوئيچي رجبي 4.5,,160000,
115838862,علم يونيكا شودر آلما كرم مات,,10031000,
115838861,هواكش 30*30 فلزي,,1045000,
115838860,گاري دستي چرخ ستاره اي 3 چرخ,,2500000,
115838859,گاري باچرخ 125*85,,6000000,
115838858,رنگ روغني قرمز ربي,,75000,
115838851,هواكش خانگي دمنده سايز 12,,358000,
115838849,تي خشكن با دسته,,55000,
115838848,درب كولر 3500,,400000,
115838847,پوشال كولر 7000,,240000,
115838846,پريز 3 خانه بدون ارت با دو شاخه (فرحان الكتريك ),,69000,
115838845,دوشاخه خانگي (فرهان),,30000,
115838844,سه راهي صنعتي كرال (خيام الكتريك ),,95000,
115838843,كابل افشان 4 * 5,,400000,428600
115838842,كابل كولري سفيد 1/5 * 5 (سيمپود),,158500,186600
115838841,كابل افشان 2/5 * 4,,206500,220200
115838840,كابل افشان 4 * 4,,321500,373200
115838839,كابل افشان 6 * 2 (نيرو كابل البرز),,247500,271800
115838838,كابل افشان 2/5 * 2 (نيرو كابل البرز),,110000,118000
115838837,كابل افشان 4 * 3 (البرز ابهر),,177000,
115838836,كابل افشان 1 * 5 (سيمپود),,119500,131000
115838835,كابل افشان 4 * 3 (سيمپود),,242500,284600
115838834,كابل افشان  1/5 * 2 (سيمپود),,48000,
115838833,سيم افشان 10 * 1 آبي (البرز ابهر),,126000,
115838831,سيم افشان 0/75 * 1 مشكي (البرز ابهر),,11000,
115838830,سيم افشان 0.75 * 1 سبز (البرز ابهر),,11000,
115838829,سيم افشان 0/75 * 1 آبي (البرز ابهر),,11000,
115838828,سيم افشان 0/75 * 1 قهوه اي (البرز ابهر),,11000,
115838827,سيم افشان 0/75 * 1 قرمز (البرز ابهر),,11000,
115838826,انبر دست دينگي سايز 8,,258000,
115838825,انبر دست دينگي سايز 7,,287000,
115838824,سيم چين هنسان سايز 6,,126000,
115838823,انبر دست هنسان سايز 8,,126000,
115838822,متر فلزي 5 متري فيسكو,,85000,
115838821,متر فلزي 3 متري فيسكو,,80000,
115838820,سيم افشان 4 * 1 قرمز (سيمپود),,71500,83900
115838819,مينياتوري 32 آمپر سه فاز سي آي اي,,350000,
115838818,جعبه كليد مينياتوري 6 عدد (خيام الكتريك),,90000,
115838817,مينياتوري 16 آمپر تك فاز سي آي اي,,100000,
115838816,مينياتوري 20 آمپر تك فاز سي آي اي,,100000,
115838815,مينياتوري 6 آمپر تك فاز سي آي اي,,100000,
115838814,مينياتوري 32 آمپر تك فاز سي آي اي,,120000,
115838813,الماس شيشه آلماني جوبو,,275000,
115838812,تلمبه باد پايي ايستاده نووا مدل 9017,,920000,976600
115838811,شيشه پاكن,,25500,
115838810,دستكش آرگون چرم (پاكستاني),,195000,
115838809,دستكش كانواي خال دار برقي,,50000,
115838798,آچار يكسر تخت رينگي توسن سايز 13,,129800,144400
115838796,جرثقيل 3 تن مدل 2805نووا,,15480000,
115838795,كابل افشان 2 * 1,,13000,
115838794,سمپاش 20 ليتري ولكس,,1560000,
115838793,سمپاش 20 ليتري نكستول,,2400000,
115838792,جك روغني 5 تن نووا مدل 2105,,3105000,3564000
115838791,بتن كن 5.6 كيلو توسن مدل 8033,,11298000,12227100
115838790,چسب حرارتي بزرگ جانسون,,8000,
115838787,انبر دست نووا سايز 7مدل 8004,,632500,720900
115838786,كشو كلنگي كوچك,,85000,
115838785,تينر روغني حلال گالن,,75000,
115838782,انبر پرچ نووا مدل 2004,,759000,799700
115838781,انبر پرچ نووا مدل 2005,,989000,1134600
115838780,تينر فوري 10هزار ممتاز بيات گالن,,272000,
115838779,انبر پرچ نووا مدل 2006,,1012000,1171400
115838778,تينر فوري 10هزار B ليتر,,38000,
115838777,جك 20 تن نووا مدل 2120,,6100000,6850000
115838776,جك سوسماري 2 تن نووا مدل 2202,,2850000,3134700
115838775,پيستوله رنگ دو كاسه نووا مدل GE70,,1850000,1948900
115838774,پيستوله رنگ 3 تنظيمه نووا مدل H827,,1860000,
115838773,سيفون با زير آب استيل طلا,,2400000,
115838772,پشت دري آلومينيوم,,50000,
115838770,تينر فوري 20 هزار بيات حلب ممتاز,,1863500,
115838769,روغن جلا اورانوس كيلو,,141000,
115838768,رنگ روغني سفيد براق هادي گالن كد 702,,690000,
115838767,چسب كاشي AK5 شيمي ساختمان,,500000,
115838766,چسب بتن Sa12 شيمي ساختمان,,1380000,
115838765,گرانيت بر شيارزن,,250000,
115838764,چسب برق  10 يارد,,20000,
115838763,شير دريچه 3/4 رهانه,,185000,
115838762,دلو سياه (سطل چاه),,110000,
115838761,الك,,125000,
115838760,الك تخت,,145000,
115838759,كولر 7000 موتور موتوژن,,8500000,
115838758,آچار يكسر رينگي جغجغه اي سايز 12 سوباشي,,155000,
115838757,شيلنگ دو سر مهره 1/2 اينچ 40 سانت,,120000,
115838756,تينر فوري 10 هزار B تانيل گالن,,198000,
115838755,لولا سرنيزه بوشي درب چوبي 8 سانت,,50000,
115838754,تسمه بسته بندي,,35000,
115838753,آويز شيلنگ فلزي كوچك,,120000,
115838752,آويز شيلنگ فلزي بزرگ,,150000,
115838751,ليسه پلاستيكي شانه اي سايز 20 روور,,35000,
115838750,پيچ گوشتي نووا دو سو 100*5,,110000,118400
115838749,كمان اره مويي,,140000,
115838748,دستكش ژله اي معمولي,,23000,
115838747,دستكش ژله اي معمولي,,23000,
115838745,پيچ گوشتي جتك چهار سو دسته لاستيك بزرگ,,280000,
115838744,پيچ گوشتي ستاره اي T 30 لايت,,355000,
115838743,پيچ گوشتي ستاره اي T 10 لايت,,280000,
115838742,پيچ گوشتي ستاره اي T 20 لايت,,355000,
115838741,پيچ گوشتي ستاره اي T 40 لايت,,420000,
115838733,گونيا متوسط دو پيچ,,5000,
115838732,گونيا كوچك دو پيچ,,1000,
115838729,لولا گازور آرام بند خم,,25000,
115838728,چرخ دوقلو صندلي (پيني),,55000,
115838727,نردبان فلزي پله پهن,,2040000,
115838724,چسب آكواريوم تيوب همه كاره سفيد كاسپين 85 گرم,,87000,
115838723,بكس بلند سايز 8 هنس,,150000,
115838722,بكس سايز 16 مخصوص شمع توسن,,172500,190200
115838721,صفحه آهن بري كلينگ اسپور سايز 180,,65000,
115838720,تورچ فندك دار آبي,,200000,
115838719,كشو ميله 15 سانت,,40000,
115838717,شير دسته گازي 20 آذين,,158194,
115838716,چرخ كامل فرغون,,820000,
115838715,سر شيلنگ 3/4 اينچ كروم (25),,25000,
115838714,لامپ شمعي,,45000,
115838713,روشويي ديواري سنگ پرشين مدل توكار سايز 60*40,,2715000,
115838712,روشويي ديواري كاسه پرشين لاستيكي,,1485000,
115838711,روشويي ديواري آينه پتينه سايز 40*70,,650000,
115838710,روشويي ديواري آينه پتينه سايز 50*70,,500000,
115838709,روشويي ديواري باكس پتينه ساده,,860000,
115838708,روشويي ديواري سنگ پرشين مدل روكار سايز 60*40,,1230000,
115838707,روشويي ديواري آينه چام مدل بزرگ دور قاب,,450000,
115838706,روشويي ديواري باكس چام ساده,,860000,
115838705,روشويي ديواري سنگ سيمكان مدل توكار سايز 70*40,,2700000,
115838704,روشويي ديواري كابينت چام مدل ساده سايز 70*40,,2500000,
115838703,درب توالت فرنگي مدل متفرقه,,345000,
115838702,درب توالت فرنگي مدل پرين,,410000,
115838701,درب توالت فرنگي مدل روشا,,345000,
115838700,درب توالت فرنگي مدل دنيز,,350000,
115838699,درب توالت فرنگي مدل ليما,,370000,
115838698,ذغال فرز كوچك ايراني,,50000,
115838697,ذغال فرز بزرگ ايراني,,50000,
115838696,ذغال فرز كوچك خارجي,,35000,
115838695,ذغال فرز بزرگ خارجي,,50000,
115838694,سيم آرماتور بندي 1/5 فابريك,,59000,
115838693,توري مرغي عرض 120,,650000,
115838692,لولا گازور آرام بند,,30000,
115838691,ماسك تك فيلتره تك پلاست,,94000,
115838690,ماسك دو فيلتره تك پلاست,,150000,
115838689,سينك فانتزي اخوان مدل 124 روكار لگن راست 50*80,,2880700,3178600
115838688,سينك فانتزي اخوان مدل 124 روكار لگن چپ 50*80,,2880700,3282000
115838687,آتاژور10*25 كروم,,30000,
115838686,قلاده سگ,,130000,
115838685,بست بكسل,,4000,
115838684,صليب 2 ميل,,24000,
115838683,دستكش جوشكاري تمام چرم بلند,,160000,
115838682,رابط شيلنگ آب 1/2,,10000,
115838681,ماسك بهداشتي فيلتر دار KN 94,,8500,
115838678,سيلندر 2/5 درب آهني,,160000,
115838639,زانو تبديلي 90 درجه 25-32 سفيد,,11400,
115838612,لوله تك لايه سايز 63 سفيد,,477100,
115838611,لوله تك لايه سايز 50 سفيد,,296300,
115838609,لوله تك لايه سايز 32 سفيد,,94000,
115838608,لوله تك لايه سايز 25 سفيد,,51000,
115838607,سردوش كرم 20 ژله اي,,350000,
115838606,سردوش كرم 20 ساده,,185000,
115838605,سر دوش كرم 20 بازشو,,270000,
115838604,سردوش سفيد 20 ژله اي,,106000,
115838603,سر دوش سفيد 20ساده,,85000,
115838602,سر دوش 15 استيل كروم (با قرقره),,170000,
115838601,سر دوش 15 مربع استيل,,130000,
115838600,كفشور خطي 40*12(درب آلمينيوم),,390000,
115838599,كفشور خطي 40*12,,250000,
115838598,كفشور خطي 6*40 درب استيل طلايي,,250000,
115838597,كفشور خطي 6*40درب استيل (توري),,250000,
115838596,كفشور خطي 6*40درب استيل(ساده),,250000,
115838595,كفشور خطي 40*6,,100000,
115838593,كفشور 15*15 كارا درب آلومينيوم,,285000,
115838592,كفشور 15 پاركينگ درب آلومينيوم,,285000,
115838591,كفشور 15 پاركينگ درب استيل,,180000,
115838590,كفشور 11*11 تمام استيل 4 گوش,,245000,
115838589,كفشور 11*11 تمام استيل گرد,,245000,
115838588,كفشور 10*10 درب طلايي توري خروجي مركز,,135000,
115838587,كفشور 10*10 درب استيل توري خروجي مركز,,135000,
115838586,كفشور 11*11 درب استيل ساده طلايي,,135000,
115838585,كفشور 11*11 درب استيل ساده,,135000,
115838584,كفشور 10*10 درب استيل توري طلايي,,135000,
115838583,كفشور 10*10 درب استيل توري,,135000,
115838582,جامايع كرم اورين,,280000,
115838581,جامايع سفيد اورين,,195000,
115838580,جامايع طلايي اورين-ليان,,245000,
115838579,جامايع كرم اورين-ليان,,350000,
115838578,جامايع مشكي اورين,,130000,
115838577,جا مايع طوسي پر رنگ اورين,,130000,
115838576,جامايع طوسي كم رنگ اورين,,190000,
115838575,سطل توالت پدالي طوسي پررنگ اورين,,350000,
115838574,سطل توالت پدالي طوسي كم رنگ اورين,,350000,
115838573,سطل توالت پدالي مشكي اورين,,350000,
115838572,سطل توالت پدالي سفيد اورين,,350000,
115838571,جا دستمالي رولي كوچك,,90000,
115838570,جا دستمالي رول بزرگ,,115000,
115838569,كنجي حمام 3 طبقه سفيد (فلزي),,175000,
115838568,كنجي حمام 3 طبقه سفيد (پلاستيكي),,90000,
115838567,علمك دوش با سردوش 20 طوسي,,130000,
115838566,علمك دوش با سردوش 20 سفيد,,125000,
115838565,علمك دوش با سردوش 15 طوسي,,95000,
115838564,علمك دوش با سردوش 15 سفيد,,95000,
115838563,كفشور 15*15 ايار,,95000,
115838562,كفشور 10*10 ايار,,50000,
115838561,شيلنگ دوش سيلور,,40000,
115838560,شيلنگ دوش سفيد»,,36000,
115838559,سردوش 20 بازشو طوسي,,70000,
115838558,سردوش 20 بازشو سفيد,,115000,
115838557,سردوش 15 بازشو طوسي,,35000,
115838556,سردوش 15 بازشو سفيد,,35000,
115838555,شيلنگ رابط يونيورست كرم ريزبافت,,65000,
115838554,شيلنگ رابط يونيورست استيل 50 سانت,,60000,
115838553,شيلنگ رابط يونيورست پلاستيك سيلور,,20000,
115838552,شيلنگ رابط يونيورست پلاستيك سفيد,,20000,
115838551,علمك دوش كروم با سردوش 20 بازشو كرم,,485000,
115838550,علمك دوش كرم با سردوش 20 ژله اي,,525000,
115838549,دوش كامل ايرانيكا كرم,,500000,
115838548,دوش كامل ايرانيكا سيلور,,205000,
115838547,دوش كامل ايرانيكا سفيد,,200000,
115838546,دوش كامل ايرانيكا سفيد با سردوش 10,,175000,
115838545,شيلنگ دوش كرم ريز بافت,,220000,
115838544,شيلنگ دوش استيل,,115000,
115838543,شيلنگ توالت با پلاتور سيلور,,90000,
115838542,شيلنگ توالت طرح ميراب فلت سيلور,,90000,
115838541,شيلنگ توالت سيلور,,50000,
115838540,شيلنگ توالت سفيد,,60000,
115838539,شيلنگ توالت با پلاتور كرم ريز بافت,,145000,
115838538,شيلنگ توالت با پلاتور استيل ميراب,,220000,
115838536,شيلنگ توالت طرح ميراب استيل,,140000,
115838535,شيلنگ توالت طرح ميراب كرم ريزبافت,,140000,
115838534,اجاق گاز پنج شعله اخوان مدل Z4 روميزي شيشه اي,,12015900,13982600
115838533,شير ظرفشويي كسري مدل رابين,,3380000,
115838532,شير دوش كسري مدل رابين,,3190000,
115838531,شير دوش كسري مدل آبتين,,3820000,
115838530,شير توالت كسري مدل آبتين,,2860000,
115838528,نايلون دسته دار متوسط,,130000,
115838527,رنگ روغني قهوه اي سوخته كيلو اورانس كد 110,,135000,
115838526,رنگ روغني قهوه اي سير افشار گالن,,940000,1067000
115838525,يونيورست درخشان مدل آتوسا 112 رز گلد,,11623000,
115838524,يونيورست درخشان مدل آتوسا110 فلت گلد,,12177000,
115838523,يونيورست درخشان مدل 105 گلد,,11056000,
115838522,توالت فرنگي والهنگ گلسار مدل گاترين//,,6500000,
115838521,شيلنگ توالت چارسو كروم,,180000,
115838520,شيلنگ توالت چارسو طلا,,220000,
115838513,شيلنگ توالت چارسو سفيد,,150000,
115838512,شيلنگ توالت چارسو طلا مات,,220000,
115838511,پايه روشويي مينا مدل گلايل,,270000,
115838510,روشويي مينا مدل گلايل,,400000,
115838509,پايه روشويي مينا مدل بلور 55,,270000,
115838508,روشويي مينا مدل بلور 55,,390000,
115838507,روشويي مينا مدل سمن 57,,616572,
115838506,روشويي مينا مدل سمن 50,,814500,
115838505,روشويي مينا مدل سمن 42,,630000,
115838504,پايه روشويي مينا مدل صدف,,300000,
115838503,روشويي مينا مدل صدف,,460000,
115838502,پايه روشويي مينا مدل آزاليا,,320000,
115838501,روشويي مينا مدل آزاليا,,500000,
115838500,بكس سايز 27 مخصوص شمع توسن,,450000,514900
115838499,بكس سايز 19 مخصوص شمع توسن,,241000,267300
115838498,بكس سايز 21 مخصوص شمع توسن,,263000,289300
115838497,كفي كولر 3500,,780000,
115838496,پايه روشويي مينا مدل پارلا,,500000,
115838495,روشويي مينا مدل پارلا,,750000,
115838476,شيلنگ باد فنري 5 متري نولان,,285000,
115838455,دريل ايستاده kat 13,,6350000,
115838433,دستگاه جوش آهن 200 آمپر آروا هوم 2178,,9999000,10554900
115838431,دستگاه جوش آهن 200آمپر مگا 2175,,12499000,
115838419,آچار سنگ فرز ميني,,20000,
115838416,شير 3/4دسته گازي,,165000,
115838415,تيغ شيشه پاك كن |kowon,,6000,
115838414,تيغ شيشه پاك كن,,5000,
115838413,كولر آبي 7500 جنرال موتور موتوژن,,12800000,
115838403,فنر درب توري درجه يك,,20000,
115838401,سيم لخت كن كلاغي اپكس مدل 7075,,275000,
115838400,انبر كابل شو اپكي مدل 7496,,480000,
115838399,انبر كابل شو اپكي مدل 7408,,470000,
115838397,انبر سوكت زن اپكس مدل 7473,,470000,
115838395,انبر دست همه كاره شواليه,,471000,
115838369,دستگيره پلاك سرويس UPVC,,450000,550000
115838368,هويه سر نسوز مهدوي 60 وات,,275000,
115838364,هويه تفنگي مهدوي,,175000,
115838361,قيچي كابل بر سايز 10 TAT,,250000,
115838359,تيغ اره افقي بر 10 عددي,,320000,
115838358,فرچه مسواكي 3 عددي,,45000,
115838357,تبديل سه نظام به چهار شيار,,60000,
115838337,كابل بر واستر سايز 10 مدل vpcc02,,650000,
115838333,كابل بر واستر سايز8 مدل vpcc03,,360000,
115838313,پيچ خودكار روزت,,500,
115838312,گل پيچ بزرگ,,11000,
115838311,گل پيچ كوچك,,7000,
115838310,صفحه ديسك چوب بر 46دنده,,1250000,
115838308,صفحه ديسك ام دي اف 230 فالكون,,1500000,
115838307,صفحه ديسك ام دي اف 180 فالكون,,1300000,
115838306,زنجير شب بند قفل دار,,250000,
115838304,قلاويز چپ گرد 6 عددي,,180000,
115838301,قلاويز چپ گرد 5 عددي,,180000,
115838282,كوليس 20 سورن,,650000,
115838281,كوليس ديجيتال 15 MEASURING,,1150000,
115838276,پيچ دستي فك 14 سايز 60,,565000,
115838275,پيچ دستي فك 14 سايز 50,,520000,
115838274,پيچ دستي فك 14 سايز 40,,540000,
115838273,بكس 46 پارچه هامبورگ 1/4,,4000000,
115838272,سيلندر درب كلون 7 cm سربي,,180000,
115838271,سيم برق 2*1/5 خراسان,,10000,
115838270,سيلندر درب 7 سانتي كامپيوتري ARIUS آريوس,,180000,
115838269,كارواش 100 بار توسن مدل 1214IPWX پلاس,,13200000,15005100
115838268,دريل بتن كن توسن مدل 8022H پلاس,,8690000,9450300
115838267,اره چوب بر طرح سامورايي نووا (كره) مدل 2335,,1840000,1943100
115838266,اره چوب بر توسن مدل TPS 330 I,0167581434515,895000,1051000
115838264,پيچ آچاري 8*50,,4000,
115838263,دستگاه جوش آهن صبا 250,,14200000,
115838262,اره چوب بري تاشو بهكو (كره اي),,510000,
115838259,نوك پيچ گوشتي يكسر چهار سر,,50000,
115838257,جعبه پيچ كوچك,,150000,
115838256,سوهان موج گير,,580000,
115838255,آچار سنگ فرز بزرگ,,25000,
115838254,سري باد كمپرسور,,150000,
115838253,تيغ اره عمود بر چوب بسته,,20000,
115838252,گوني نسوز (طوسي رنگ),,230000,
115838251,رنگ نيم پلاستيك سفيد / معراج دبه,,900000,
115838250,شيلنگ آب نمره 2 (20 متري),,210000,
115838249,شيلنگ آب نمره 2 (15 متري),,160000,
115838248,شيلنگ آب نمره 2 (10 متري),,120000,
115838247,شيلنگ آب نمره 2 ژله اي,,35000,
115838246,شيلنگ آب نمره 6 شفاف,,165000,
115838245,شيلنگ آب نمره 5 شفاف,,29000,
115838244,شيلنگ آب نمره 4 شفاف,,18600,
115838243,شيلنگ آب نمره 3 شفاف (گ),,26000,
115838242,شيلنگ آب نمره 3 شفاف(ك),,17000,
115838241,شيلنگ آب نمره 2.5 شفاف(گ),,17000,
115838240,شيلنگ آب نمره 2.5 شفاف (ك),,12000,
115838239,شيلنگ تراز 22,,100000,
115838238,شيلنگ تراز 18,,60000,
115838237,شيلنگ تراز 16,,50000,
115838236,شيلنگ تراز 14,,60000,
115838235,شيلنگ تراز 12,,50000,
115838234,شيلنگ تراز 10,,30000,
115838233,شيلنگ تراز 8,,20000,
115838232,بست شيلنگ 44-64,,40000,
115838231,بست شيلنگ 32-51,,40000,
115838230,آويز شيلنگ فلزي 50 متري,,780000,
115838229,میخ منگنه F,,100000,
115838228,سه نظام توسن مدل ktc13-01,,379000,424800
115838226,سه نظام توسن مدل kc13-02,,401900,444800
115838225,ال گونيا 4 (25*20 سانت),,57000,
115838224,ال گونيا 5 (30*25 سانت),,70000,
115838223,آچار چرخ ورتكس,,178000,
115838222,رنگ روغني طوسي روشن ربي,,75000,
115838221,ريگلاتور فشار قوي بوتان,,145000,
115838220,ترمز پله خوش قلب,,130000,
115838219,اسپري خوشبو كننده هوا گلودي مكس,,80000,
115838218,فرچه سيمي كاسه اي بافته كله اسبي سايز 70mm,,95000,
115838215,بست روكار,,15000,
115838214,تينر فوري 10هزار بيات ممتاز حلب,,1279800,
115838213,آويز شيلنگ فلزي 30 متري,,670000,
115838212,آويز شيلنگ فلزي 20 متري,,680000,
115838211,بست نعل اسبي  تك پيچ زير شير اهرمي,,30000,
115838210,شيلنگ توالت كرم معمولي ABS,,150000,
115838209,جارو شهرداري پلاستيكي دسته دار,,90000,
115838208,كلاه نقاب دار,,50000,
115838207,روغن كولر,,15000,
115838206,طناب درجه يك 10-8,,75000,
115838205,نخ شيريني تابيده,,60000,
115838204,نخ شيريني پهن,,80000,
115838203,بست شيلنگ 28-48,,15000,
115838202,بست شيلنگ 20-30,,17000,
115838201,بست شيلنگ 18-25,,15000,
115838200,بست شيلنگ 1016,,15000,
115838199,شيلنگ آب لاستيكي (مشكي) طرح ياسا نمره 3 (1 اينچ),,58000,
115838197,شير اطمينان 1/2 رهانه,,315000,
115838196,فولي كولر 75,,32000,
115838195,شيلنگ آب لاستيكي (مشكي) طرح ياسا نمره 2/5 (3/4) (50 متري),,42000,
115838194,سردوش پلاستيكي,,45000,
115838193,شيلنگ آب لاستيكي (مشكي) طرح ياسا نمره 2 (1/2) (50 متري),,30000,
115838192,لولا UPVC جديد,,25000,
115838191,دستگيره كليد دار يكطرفه UPVC,,850000,890000
115838190,دستگيره کلید دار دو طرفه UPVC,,900000,950000
115838189,دستگيره پلاك سوئچي UPVC,,450000,550000
115838188,دستگيره پنجره اي آلومينيوم UPVC,,140000,190000
115838187,كيپد زاماك UPVC,,10000,
115838186,لولا PVC زاماك پنجره اي كوچك,,50000,
115838185,لولا PVC زاماك درب بزرگ,,55000,
115838181,چرخ 120 ثابت,,135000,
115838180,توري نسوز ارتفاع 1 متر,,70000,
115838178,كابل افشان 6 * 2 (نيرو كابل البرز),,247500,260500
115838177,باتري قلمي,,7500,
115838175,قرقره زرد 500 كيلويي دلفين,,600000,
115838166,ميخ چاشني رد سايز 32,,460000,
115838158,اسپري چرب پيكي,,45000,
115838157,تيشرت نخي,,390000,
115838156,شير جامايع برنجي,,180000,
115838155,شير حياطي دسته گازي 1/2 رهانه,,200000,
115838154,كفشور 15*15 چدني,,160000,
115838153,كفشور12*12 چدني,,85000,
115838152,كفشور 10*10 چدني,,75000,
115838151,كفشور 10*10 پلاستيك محك,0815282286529,35000,1
115838150,كفشور 10*10 پلاستيك پايه بلند,,30000,
115838149,فلكه 256 كولر,,140000,
115838148,رنگ روغني طلايي ربي,,60000,
115838147,ضد زنگ اخرايي معراج حلب,,1760000,
115838146,ضد زنگ طوسي معراج حلب,,1810000,
115838145,چسب DM5 معراج دبه,,926000,
115838144,چسب بتن معراج گالن,,207000,
115838143,آچار دسته قلاويز آلماني,,5000000,
115838142,چسب دوطرفه مشكي 2 سانتي,,25000,
115838141,چسب دوطرفه مشكي 3 سانتي,,36000,
115838140,چسب دوطرفه مشكي 4 سانتي,,50000,
115838139,رنگ اكريليك سفيد مات فول كاور معراج دبه كد 888,,930000,
115838138,كلاه كابويي,,200000,
115838137,شيلنگ پكيج 1.2 استيل50 سانت دوسر مهره,,65000,
115838135,رنگ اكريليك سفيد نيم براق معراج گالن 999,,470000,
115838134,رنگ اكريليك سفيد ممتاز معراج دبه 999,,1190000,
115838133,رنگ نيم پلاستيك سفيد /// معراج شيمي دبه,,395000,
115838132,رنگ نيم پلاستيك سفيد /// معراج شيمي گالن,,180000,
115838131,صفحه ساب مگي سايز 230,,110000,
115838130,رنگ اكريليك مشكي كارن كيلو,,150000,
115838129,رنگ اكريليك سرمه اي كارن كيلو,,150000,
115838128,پيچ متري سايز 12,,60000,
115838127,شيلنگ پكيج 3/4 40 سانت,,75000,
115838124,بوشن 20,,3800,
115838123,بست لوله گاز,,2500,
115838122,ماسك بهداشتي,,20000,
115838121,صفحه تيغ بر ام دي اف هيزان سايز 180,,450000,
115838120,دسته شير اهرمي,,55000,
115838117,رنگ روغني جلاي الكيدي اورانوس كيلو,,141000,
115838116,پودر رنگ طلايي فله,,1200000,
115838115,مغزي كاتريج شير احرمي بزرگ,,60000,
115838114,پودر رنگ طلايي 50 گرم,,170000,
115838113,كاتر سربي كوچك ورتكس,,38000,
115838112,رنگ روغني نقره اي ربي,,90000,
115838111,سر پيك نيك ساده بزرگ,,50000,
115838110,صفحه الماسه 150 محك,1067566021770,715000,800000
115838109,سيريش,,185000,
115838108,فولي كولر 256,,85000,
115838107,صفحه پشت چسبي كف ساب سراميكي ميني,,130000,
115838106,مل سيد همدان 5 كيلو,,100000,
115838105,صفحه سراميك بر آيرون مكس سايز 230,,830000,
115838104,بكس لقلقه 1/2 توسن,,954500,1061200
115838103,صفحه پرسلان بر GMT سايز 115,,345000,
115838102,صفحه چوب بر ميكاسايز 115,,155000,
115838101,جعبه 12 عدد فانوس,,120000,
115838100,جعبه كليد مينياتوري 8 عدد فانوس,,65000,
115838099,خرطومي نسوز 13,,130000,
115838098,خرطومي نسوز 11,,130000,
115838097,لوله خرطومي سايز 13 (برق),,24000,
115838096,لوله خرطومي سايز 11 (برق),,20000,
115838095,فرم هالوژن 8,,3600,
115838094,قوطي تقسيم مواد نو پريز وكلد,,1500,
115838093,زانو پي وي سي 13 (برق)كوتاه,,1300,
115838092,زانو برق پلي اميد 13,,1000,
115838091,لوله خم سرد 13 (برق) رنگي,,74000,
115838090,لوله برق پلي اميد 13,,41000,
115838089,زانو برق فولادي 16,,30000,
115838088,صفحه ساب KELING سايز 180,,125000,
115838087,زانو برق فولادي 13,,25000,
115838086,لوله برق فولادي 16,,130000,
115838085,لوله برق فولادي13,,120000,
115838084,زانو پي وي سي 16 (برق)كوتاه,,1800,
115838083,زانو برق پلي اميد 16,,1200,
115838082,لوله خم سرد 16 (برق),,98000,
115838081,لوله برق پلي اميد 16 صورتي,,65000,
115838080,صفحه سراميك بر آيرون مكس سايز 115,,265000,
115838079,صفحه گرانيت بر توربو آيرون مكس 115,,340000,
115838078,ضد زنگ طوسي معراج گالن,,465000,
115838077,لباس كار لطفي,,530000,
115838076,آب ريز كولر,,5000,
115838075,مغزي كليد كولر,,18000,
115838074,سر شيلنگ 11/2 اينچ كروم ( 50 ),,95000,
115838069,سنباده پوستاب سايز 120,,23000,
115838068,پتك,,120000,
115838067,سيم مفتول,,41000,
115838066,مل سيد همدان 10 كيلو,,160000,
115838065,قفل آويز سايز 25,,25000,
115838064,الك آردي,,220000,
115838063,پودر رنگ دوده كيلو,,35000,
115838062,كفي كولر 7000 (88*88),,950000,
115838061,آچار فرانسه 317 نمره 8,,322000,
115838060,آبپاش تفنگي آلتون مدل 136Z,,600000,
115838059,سنگ فرز نووا مدل 3310,,9130000,9987400
115838058,ميخ چاشني سايز 2/2 نووا,,5200,5600
115838057,ميخ چاشني سايز3/2 نووا,,5300,6200
115838056,قلاويز دستي  12,,774000,
115838055,قلاويز دستي 10,,870000,
115838054,قلاويز دستي  8,,670000,
115838053,قلاويز 6,,260000,
115838052,قلاويز دستي 5,,430000,
115838051,قلاويز  دستي 4,,235000,
115838041,مته  كبالت بلند,,35000,
115838037,قفل كتابي 10 آپگريد,,275000,
115838036,قفل كتابي 90 آپگريد,,250000,
115838035,آلن 4 توسن,,34155,36600
115838034,آلن 8 دسته بلند توسن,,200000,233600
115838033,آلن 8 واستر,,65000,
115838032,آلن 4 دسته بلند توسن,,47000,53600
115838031,آلن 2/5 دسته بلند,,36000,
115838029,صفحه چوب بر PREMUM سايز 230,,280000,
115838028,تيغ اره مويي آلماني اصلي,,10000,
115838027,فشار شكن پايه بلند شير ظرفشويي,,50000,
115838026,ال گونيا 6 (30*35 سانت),,83000,
115838025,شير حياطي دسته گازي ريابي 1/2,,360000,
115838024,متر فلزي 5 متر ورتكس,,330000,
115838023,متر فلزي 3 متر ورتكس,,210000,
115838022,اسپري حشره كش كامن,,120000,
115838021,الكترود سوپر ميكا 4,,575000,
115838020,شير يك طرفه 1/2,,220000,
115838019,گووه همتراز,,100000,
115838018,شارژ كپسول,,300000,
115838017,اسكوپ زد بزرگ,,1750,
115838016,اسكوپ پروانه 70 كوچك,,2000,
115838015,اسكوپ پروانه 90 بزرگ,,2350,
115838013,رنگ روغني سبز ربي,,75000,
115838012,نايلون عريض (پوشش پلاستيك),,125000,
115838011,بست شيلنگ 38-58,,40000,
115838010,گوني نما 3 متري,,190000,
115838008,اجاق پروفيلي 20*20,,530000,
115838007,مايع سوسك كش 1 ليتري قهرمان,,145000,
115838006,كفش كار كوهستان,,400000,
115838005,پودر رنگ گل ماش,,30000,
115838004,لامپ 10 وات,,47000,
115838003,سردوش تلفني,,95000,
115838001,علم دوش 5 لايه اهرمي,,90000,
115838000,علم دوش 5 لايه كلاسيك,,90000,
115837999,شير جامايع تكضرب 20,,40000,
115837998,مخزن جامايع 10 ليتري,,650000,
115837997,طناب كنفي جور,,150000,
115837996,پارت سيم سيار 4 خانه 3 متر,,445550,
115837995,يدك تي نخي 40 سانت,,185000,
115837994,قفل كتابي 94 ديكاس,,425000,
115837993,پرسلان بر اسليور سايز180,,1050000,
115837992,پرسلان بر اسليور سايز 115,,450000,
115837991,استانبولي پلاستيكي,,48000,
115837990,چسب هل تيوپ كوچك,,80000,
115837989,جارو شهرداري پلاستيكي سبز رنگ,,240000,
115837988,زانو سايز 20,,5100,
115837987,نوار تفلن دنا,,7000,
115837985,رنگ اكريليك سفيد نيم براق گالن افشار,,650000,
115837984,رنگ اكريليك سفيد نيم براق دبه حرير,,1050000,
115837983,مهره ماسوره يكسر جوش 32,,260000,
115837982,كلمن 10 ليتري كتابي,,250000,
115837981,شير فلكه كامل 32آذين,,484000,
115837980,كلمن 20 ليتري كتابي,,350000,
115837979,سه راهي 20 آذين,,7100,
115837978,طلق160-0.2 (نايلون شفاف),,75000,
115837976,زانو ساده 90 درجه32,,12800,
115837975,سر شير كوتاه پلاستيكي,,18000,
115837974,سر شير بلند پلاستيكي,,20000,
115837973,جا كتي (چوب لباسي),,70000,
115837972,توري پنجره,,35000,
115837971,آبپاش بزرگ سطلي پلاستيكي,,80000,
115837962,آفتابه,,60000,
115837954,پرده حمام كوچك 180*180 اطلس,,145000,
115837953,پرده بزرگ حام اطلس 180*200,,125000,
115837952,كلمن 12 ليتر سراب,,390000,
115837951,ميله پرده حمام,,145000,
115837950,يخدان 20 ليتر,,700000,
115837949,كلمن 10 ليتر,,300000,
115837948,تابلو 7*9,,18000,
115837947,تابلو انبار 4*7,,30000,
115837946,كلمن 38 ليتري,,750000,
115837945,پيچ گوشتي ضربه خور 35 سانت,,150000,
115837944,زانو 90 درجه 25,,8000,
115837943,شير فلكه كامل 40 آذين,,498000,
115837942,رزين سنگ معراج ليتر,,250000,
115837941,خرطومي 1/5 متر همراه زير آب,,140000,
115837940,رنگ نيم پلاستيك سفيد مات معراج // كيلو,,83000,
115837939,تينر روغني حلال حلب /,,280000,
115837938,بست برزنت,,40000,
115837937,شيلنگ گاز,,35000,
115837934,كابل افشان 2 * 2.5,,40000,
115837933,كابل كولري سفيد 1/5 * 4 (اعتماد),,127500,138700
115837932,لوله برق سايز 16,,25000,
115837931,صفحه آهن بر ويپكس سايز 115,,18000,
115837930,كتري 30روحي,,130000,
115837929,عدد آئينه اي 7 سانت,,15000,
115837928,تابلو مولتي 20*30,,260000,
115837926,كتري 22روحي,,85000,
115837925,تابلو مولتي  30*40,,400000,
115837924,تابلو مولتي 15*20,,95000,
115837923,سطل بنايي,,75000,
115837922,عدد پلكسي آينه اي 10 سانت,,35000,
115837921,تابلو پلاك ورودي بزرگ,,120000,
115837920,تابلو پلاك ورودي كوچك,,80000,
115837919,تابلو عدد 10 سانت,,35000,
115837918,تابلو واحد 7*9,,35000,
115837916,تابلو جور 15*20,,90000,
115837915,كتري 28روحي,,120000,
115837912,تابلو روكش جور 15*10,,50000,
115837911,دستكش ضد برش نوويس,,50000,
115837910,زنجير پلاستيكي ايراني,,12000,
115837909,زنجير فرمان ضد برش روكشدار 10,,225000,
115837908,زنجير گالوانيزه,,110000,
115837894,سيم بكسل روكش دار4,,5600,
115837893,وينچ برقي تك فار 600/12000,,16800000,
115837892,وينچ برقي تك فار 500/1000,,14800000,
115837891,تسمه جغجغه 5 تن چيني نارنجي,,750000,
115837890,تسمه جغجغه 2 تن ايراني,,365000,
115837889,تسمه جغجغه موتوري چيني,,300000,
115837888,تسمه جغجغه موتوري ايراني,,190000,
115837887,بكسل ماشين تسمه اي 8,,190000,
115837886,بكسل ماشين تسمه اي 5,,70000,
115837885,سيم بكسل روكشدار ماشين (عدد),,170000,
115837884,سيم بكسل هفت لا كنف سياه 10,,33500,
115837883,سيم بكسل روكشدار 8,,27000,
115837882,سيم بكسل روكشدار6,,15500,
115837881,سيم بكسل روكشدار 5,,10500,
115837880,سيم بكسل روكش دار 3,,5000,
115837879,سيم بكسل روكشدار 4,,6000,
115837878,سيم بكسل هفت لا كنف سياه 8,,24000,
115837877,سيم بكسل هفت لا كنف گالوانيزه 8,,40000,
115837876,سيم بكسل هفت لا كنف گالوانيزه 6,,16000,
115837875,سيم بكسل هفت لا كنف سياه 6,,14500,
115837874,سيم بكسل افشان 5,,16000,
115837873,سيم بكسل افشان 4,,12000,
115837872,سيم بكسل افشان 3,,6500,
115837871,سيم بكسل افشان 2,,4000,
115837870,سيم بكسل افشان 1.5,,3000,
115837869,زير آب كولر,,5000,
115837868,گاز فندك,,35000,
115837867,الماسه شيشه,,135000,
115837832,سيم مفتول اسكوپ,,75000,
115837811,دستگير ه 25 طوسي سرويس,,370000,
115837783,تبديل گالوانيزه 1/2*3/4(2/5به2),,22000,
115837781,دستگيره 18 پلاکی,,450000,
115837772,مادر رنگ مشكي كيلو پارسيفام مدل 19005,,130000,
115837769,سيني غلطك 15 سانت,,45000,
115837767,عايق سفيد افرا مدل 31 كيلو,,220000,
115837763,مادر رنگ سفيد كيلو پارسيفام مدل 19016,,110000,
115837760,مادر رنگ سبز كيلو پارسيفام مدل 16024,,110000,
115837758,مادر رنگ قرمز كيلو پارسيفام مدل 13020,,130000,
115837756,مادر رنگ زرد كيلو پارسيفام مدل 11028,,130000,
115837752,مادر رنگ گل ماش كيلو پارسيفام مدل 11024,,130000,
115837750,مادر رنگ قهوه اي كيلو پارسيفام مدل 18016,,130000,
115837737,دستگيره 60 پلاکی,,750000,849999
115837735,كشو ميله 10 سانت,,30000,
115837734,دستگيره0 2/5سانت درب آهنی,,500000,
115837732,دستگيره درب كشويي,,35000,
115837731,مادر رنگ آبي كيلو پارسيفام مدل 15017,,130000,
115837730,پيچ سرمته 1/6,,400,
115837728,جارو سالني 30 سانتي,,80000,
115837727,كليد كولر روكار,,60000,
115837726,بست لوله فولادي,,3000,
115837725,جعبه كليد مينياتوري 12 عدد,,215000,
115837724,مينياتوري 32 آمپر دنا,,100000,
115837723,مينياتوري 25 آمپر دنا,,100000,
115837722,بست روشويي,,12000,
115837721,كلنگ ميكا,,235000,
115837720,عينك سفيد معمولي,,17000,
115837719,توري مش زير گچي,,1600000,
115837718,بيل طلايي ورق كره,,220000,
115837717,مهره زير و روي فرز,,35000,
115837716,كلاه آفتاب گير پارچه اي,,80000,
115837715,صفحه استيل بر اوسيس سايز 115,,28000,30600
115837714,اجاره هيلتي و دستگاه جوش و فرز,,120000,
115837713,طناب پلاستيك درجه 1,,130000,
115837712,دسته كلنگ 2,,130000,
115837711,دسته جارو چوبي متوسط,,70000,
115837710,دسته كلنگ,,130000,
115837709,دسته كلنگ مقني,,25000,
115837708,دسته تيشه,,40000,
115837707,دسته بيل خالدار روس,,200000,
115837706,پودر سيليس كريستالي,,0,
115837704,پيچ گوشتي دوسر چهارسو و تك سو,,70000,
115837703,سينك دو لگنه مدرن,,1000000,
115837699,بست كمربندي 200*2.5 سفيد MST,,38000,
115837697,نوار چسب توري پارچه اي,,40000,
115837696,سه پايه شيلنگ,,60000,
115837695,هواكش خانگي پارس سايز 10,,290000,
115837694,شودر ظرفشويي دوكاره يونيك پلاس شيري طلا,,13100000,
115837693,شودر ظرفشويي يونيك كرم,,9750000,
115837692,دينام كولر موتوژن مدل1/2HP,,4100000,
115837691,دينام كولر موتوژن مدل1/3HP,,4300000,
115837690,فن كولر 7000,,700000,
115837689,شودردوش توكار زيگموند طلا مات تيپ 4,,22950000,
115837688,فن كولر 4500,,630000,
115837687,فن كولر 3500,,275000,
115837686,پمپ آكواريوم,,265000,
115837685,فن كولر 2800,,55000,
115837684,شودر توالت توكار روگن مشكي كرم,,6950000,
115837683,شير پلاستيكي 1/2 حياطي,,23000,
115837682,سبد كولر,,10000,
115837681,رسوب گير توپي معجزه گر,,90000,
115837680,صفحه سنگ بري KRONEN,,130000,
115837679,آبگرمكن ديواري 80 ليتري برقي,,0,
115837678,آبگرمكن ديواري 45 ليتري برقي,,3950000,
115837677,سيفون كامل روشويي همراه زير آب,,140000,
115837676,سيفون دو لگنه كامل اخواني,,520000,
115837675,شير كولر,,75000,
115837674,طناب,,20000,
115837673,كلاه ماسك,,145000,
115837672,تبديل 12به 15,,18000,
115837671,لوله H 15,,60000,
115837670,لوله بخاري 15 يك متري,,150000,
115837669,لوله بخاري 10 نيم متر,,55000,
115837668,لوله بخاري 10 يك متري,,100000,
115837667,پودر لاجورد,,15000,
115837666,چسب مگس,,5000,
115837665,لامپ 100,,45000,
115837663,شوره گير كولر,,40000,
115837662,دستكش نخي كاسپين,,15000,
115837661,چسب PVC فشار قوي تيوب تركش كاسپين 100ml,,42000,
115837660,چسب پي وي سي تيوب كاسپين 100ml,,42000,
115837659,چسب آكواريوم همه كاره سفيد كاسپين 330ml,,300000,
115837658,چسب آكواريوم كارتريج همه كاره مشكي كاسپين 330ml,,300000,
115837657,چسب آكواريوم تيوب همه كاره مشكي كاسپين 30 گرم,,30000,
115837656,لوله فوم32,,4700,
115837655,شمشه,,150000,
115837654,شيلنگ تراز,,30000,
115837653,الكترود دونه اي,,4000,
115837652,فلاش تانك,,437000,
115837651,شير آبگرمكن,,65000,
115837650,شير حياطي 3/4,,210000,
115837649,شير فلكه برنجي 3/4 سيتكو,,670000,
115837648,شير پيسوار 3/8,,160000,
115837647,شير پيسوار 1/2,,160000,
115837646,شيلنگ آفتاب پلاستيكي,,36500,
115837645,جا دستمال توالت رولي پرميس,,60000,
115837644,جا مايع پاندا 127,,110000,
115837643,كيف كمري ابزار تانوس,,320000,
115837642,كيف كمري ابزار مليست,,280000,
115837641,كيف كمري ابزار زارا,,480000,
115837640,جاروبرقي صنعتي خاك,,10500000,
115837639,پيچ سرمته 3/4,,1350,
115837638,آچار بكس شيرواني 3/4,,40000,
115837636,پيچ متري سايز 10,,55000,
115837635,صفحه سنگ بري كلينگ(KLING) سايز 230,,255000,
115837634,نايلون حباب دار,,125000,
115837633,رنگ روغني كرم روشن كوپال كيلو,,135000,
115837632,دستگاه جوش آهن 160 زيبرگ 4160,,4850000,
115837631,دستگاه جوش آهن 200 زيبرگ مدل 4120,,6300000,
115837630,دستگاه جوش آهن 200 APN,,10698000,12370800
115837629,دريل شارژي آمازون تك باطري,,900000,
115837628,قفل سوئيچي دلتا 3.5 CM,,245000,
115837627,اره چوب بري دست پلاستيك كوچك,,45000,
115837626,بيلچه ارتشي,,220000,
115837625,گرد بر چوب 19 پارچه,,440000,
115837624,رنده كناف كاري روينينگ مدل 140,,215000,
115837623,قاپك دوقلو,,1000000,
115837622,تراز ليزري شاران مدل 08-G5,,2940000,
115837621,تراز ليزري شاران مدل 06-G2,,2330000,
115837620,تراز ليزري شاران مدل 09-G12,,8820000,
115837619,رنگ روغني سفيد مات اورانوس كيلو,,165000,
115837618,قلم بند كشي سايز 1,,15000,
115837617,دريل شارژي توسن 12 ولت مدل 9112,,3698000,4314300
115837616,آچار يكسر تخت رينگي ست 8 عدد توسن مدل ti101-s8,,829000,927600
115837615,رنگ نيم براق اكريليك سفيد حرير كيلو,,135000,
115837614,تنظيف,,3600,
115837613,قفل كمدي دو پله آسيا,,140000,
115837612,ضد زنگ اخرايي معراج گالن مدل 520 - 01,,440000,
115837611,اسكاج بزرگ,,31000,
115837610,تاير فرغون ياسا مدل صليبي,,215000,
115837609,تاير فرغون ياسا مدل گلريز,,315000,
115837608,رينگ فرغون ورق 2 ميل,,270000,
115837607,آچار پلاستيكي همتراز كليپس,,490000,
115837606,مته تيز كن,,200000,
115837605,سنباده پشت چسب مشكي سايز 120,,20000,
115837604,سنباده پشت چسب مشكي سايز 100,,20000,
115837603,ميله فرغون درشت,,85000,
115837602,كولر آبي 3000 جنرال درب پلاستيك,,3000000,
115837601,كولر آبي 2800 جنرال درب فلزي,,2650000,
115837600,كولر آبي 2800 جنرال درب پلاستيك,,2580000,
115837599,كولر پرتابل 5000,,6000000,
115837598,كولر پرتابل جنرال مدل ZAIN,,9250000,
115837597,چكش تخريب توسن 15.5 كيلو مدل 6015DHX,,35000000,37298700
115837596,كولر آبي 2800 جنرال درج يك,,1750000,
115837595,سيني غلطك,,60000,
115837593,تينر فوري 20 هزار بيات ممتاز ليتر,,110000,
115837584,پيك نيك مسافرتي ترك كپسول دار,,440000,
115837576,دستكش ضد اسيد 3 لايه,,180000,
115837575,دستكش ضد اسيد دولايه,,120000,
115837574,ميخ چاشني سايز 32,,240000,
115837573,طناب پلاستيك درجه 1/5,,58000,
115837572,دسته پتك چوبي,,65000,
115837571,چسب برق مشكي جكسن,,6000,
115837570,چسب هل تيوپ بزرگ,,155000,
115837569,قير حلب,,530000,
115837568,صفحه استيل بر اوسيس سايز 180,,54000,61900
115837567,سنباده پشت چسب مشكي سايز 80,,20000,
115837566,سنباده پشت چسب مشكي سايز 60,,20000,
115837565,شيشه ماسك شفاف,,2000,
115837564,كلاه حصيري,,110000,
115837557,اره چوب بري 25 سانت دسته چوبي,,135000,
115837556,چسب آكواريوم تيوپي خرس نشان,,18000,
115837555,كليپس همتراز كاشي,,90000,
115837550,شير حياطي دست گازي 1/2 آذين,,130000,
115837549,شيشه سياه ماسك 9,,14000,
115837548,كوپلينگ مادگي شيلنگ خور 1/4 توسن مدل 17SHT,,424500,493000
115837547,كوپلينگ اتوماتيك مادگي بيرون رزوه 1/4 توسن مدل 20SMT,,435000,474800
115837546,كوپلينگ اتوماتيك مادگي شيلنگ خور 3/8 توسن مدل 30SHT,,495000,528600
115837545,كوپلينگ مادگي 1/4 توسن داخل رزوه مدل 20SFA,,324500,357200
115837544,كوپلينگ مادگي 1/2 توسن داخل رزوه مدل 40SFA,,354500,397600
115837543,متر فلزي 5 متري آيرون مكس مدل 63,,250000,
115837542,متر فلزي 3 متري آيرون مكس مدل 63,,220000,
115837541,رنگ نيم پلاستيك سفيد // معراج شيمي دبه,,675000,
115837540,گوني نخاله,,3500,
115837539,پمپ آب كولر آرياژن -شيراز,,210000,
115837538,تلمبه نفتكش پلاسيكي بزرگ,,100000,
115837537,رنگ اكريليك سفيد صدفي ربي پارسيفام,,72000,
115837536,رنگ اكريليك نقره اي ربي پارسيفام,,95000,
115837535,رنگ اكريليك مسي ربي پارسيفام,,95000,
115837534,رنگ اكريليك طلايي تيره ربي پارسيفام,,95000,
115837533,رنگ اكريليك طلايي روشن ربي پارسيفام,,95000,
115837532,كمربند شورتي قلاب بزرگ DX,,1000000,
115837531,اسپري فوم (مگافوم غفاري)850 گرمي,,300000,
115837530,چسب آكواريوم بيرنگ 30g تيوپي غفاري,,22000,
115837529,چسب آكواريوم مشكي 30g تيوپي غفاري,,22000,
115837528,چسب آكواريوم وليو كم بيرنگ,,140000,
115837527,چسب آكواريوم وليو كم مشكي غفاري 300 گرم,,140000,
115837526,چسب آكواريوم وليو كم سفيد,,140000,
115837525,چسب آكواريوم مولتي پورپوز بيرنگ غفاري 280 ميلي,,140000,
115837524,چسب آكواريوم مولتي پورپوز سفيد غفاري   280 ميلي,,140000,
115837523,چسب آكواريوم كارتريجي ميني پيچي غفاري,,95000,
115837522,پوليش نرم اتومبيل 300 گرمي غفاري,,60000,
115837521,پوليش فلزات مگانول 50گرمي غفاري,,15000,
115837520,شير پوليش مايع 750 گرمي غفاري,,250000,
115837519,چسب قطره اي 3 گرمي غفاري,,15000,
115837518,چسب سنگ خميري كيلو غفاري,,260000,
115837517,چسب آكواريوم واشر ساز تيوبي قرمز 85 گرمي غفاري,,125000,
115837516,چسب آكواريوم واشرساز تيوبي قرمز 30 ميلي غفاري,,32000,
115837515,چسب آكواريوم مولتي پورپوز مشكي غفاري,,110000,
115837514,چسب زه ماشين 30گرمي غفاري,,48000,
115837513,رنگ اكريليك سفيد پارسيفام افرا صورتي دبه,,880000,
115837512,چسب دوقلوي شفاف غفاري,,37000,
115837511,واكس داشبورد بزرگ غفاري,,110000,
115837510,ست جارو خاك انداز كوتاه,,75000,
115837509,چسب دوقلوي رنگي غفاري,,33000,
115837508,چسب چوب 100 گرمي غفاري,,13000,
115837507,قفل 808 كمدي,,100000,
115837506,قفل حياطي ايساتيس كليد دو شيار,,540000,
115837505,دينام كولر موتوژن مدل3/4HP,,5500000,
115837504,كفش كار مدل آديداسي اخوان سايز 42,,420000,465700
115837502,كلاهك مسي پيك هوا برش دو تيكه نووا كد 2585-2,,339800,396900
115837501,ست كارواش 3 عددي توسن كد 1214,,1540000,1718300
115837500,بيلچه فولادي MRT,,50000,
115837499,سمپاش 20ليتري MRT,,1400000,
115837498,سمپاش 3ليتري MRT,,215000,
115837497,سمپاش 2ليتري MRT,,205000,
115837496,قفل موتور MRT,,295000,
115837495,ماسك جوشكاري MRT گارد,,35000,
115837494,بيل MRT,,200000,
115837492,گريس پمپ نووا هندي كد 4914,,1380000,1561100
115837491,گريس پمپ توسن دو پيستون كد 502,,2050000,2295200
115837490,كارواش شارژي 75 بار استرانگ,,3200000,
115837489,فلاش تانك ايران مدل ابروباد,,1100000,
115837488,فلاش تانك ايران مدل ساحل اهرمي,,1020000,
115837487,فلاش تانك ايران مدل اكو - اهرمي,,850000,
115837486,فلاش تانك ايران مدل پارس,,1050000,
115837485,فلاش تانك ايران مدل اولتراسليم اسليم,,950000,
115837484,فلاش تانك كسري سفيد طلايي,,2470000,2890200
115837483,فلاش تانك كسري مدل اوتيس,,1910000,2148900
115837482,فلاش تانك كسري مدل الماس,,1990000,2276500
115837481,فلاش تانك كسري مدل زمرد,,1480000,1728300
115837479,واشر مخصوص گرانيت 50-25,,42000,
115837478,قفل ديسك موتور E.T.X,,430000,
115837477,قفل ديسك استوانه استيل,,150000,
115837476,شيلنگ توالت كسري سفيد ريز بافت (قطعات برنجي),,590000,672400
115837475,علم شير ظرفشويي,,85000,
115837472,پوشال كولر 3500,,165000,
115837471,پوشال كولر 4500,,125000,
115837470,پوشال كولر 5500,,230000,
115837469,ممي كولر,,2500,
115837468,رابط شيلنگ كولر,,20000,
115837467,شيلنگ كولر,,8000,
115837466,شناور كولر,,80000,
115837464,الكترود 3 ميكا,,370000,
115837463,سه راهي صنعتي پلي آميد فردان الكتريك,,95000,
115837462,ياتاقان كولر 4000/7000 نوين,,45000,
115837461,الكترود 2/5 ميكا,,240000,
115837459,دستگيره پنجره تهران يراق,,24000,
115837458,گيره 100 آمل فولادي راد,,3300000,
115837457,دينام كولر دستي نصر,,900000,
115837456,منگنه كوب توسن بادي 8016CLP,,4400000,5113300
115837455,بكس بادي توسن 0760,,5260000,
115837454,تراز ليزري توسن دو خط قرمز M2010,,6100000,6464700
115837453,بلوور ديمر دار 680 توسن 7007B,,4620000,5176500
115837452,دريل پيچ گوشتي برقي توسن 230وات0901S,,3960000,4550900
115837451,دريل 10 توسن 0002D,,3365000,3718400
115837450,دريل گير بكسي توسن پلاس 0081D,,7260000,8481500
115837449,اره عمود بر  صنعتي توسن 5750J,,10780000,12353800
115837448,متر فلزي نويس 3m,,75000,
115837447,چسب ماستيك نويس,,60000,
115837446,ميني فرز توسن 720 وات مدل3072SA,,4290000,4686000
115837445,ميني فرز توسن 850 وات ديمردار كد 3382 AV,,6930000,7755300
115837444,ميني فرز توسن 850 وات كد 3382 A,,5500000,6096300
115837442,فرز انگشتي توسن كوتاه كد 3314,,5390000,6202900
115837441,منگنه كوب بادي توسن كد 8116CHP,,4480000,4992200
115837440,تراز ليزري توسن دو خط نور قرمز كد M1010,,10923000,12082600
115837439,تراز ليزري توسن 360 درجه قرمز  كد M3601,,14500000,16681000
115837438,تراز ليزري توسن دو خط سبز11 كد M1011,,11500000,13544000
115837437,دريل شارژي توسن مدل 2017 SCX,,4950000,5580600
115837436,سنباده لرزان توسن چرخشي كد 4300,,5060000,5454100
115837435,سنباده لرزان توسن كد 4260,,4510000,4982900
115837433,كمپرسور فندكي 2 كاره توسن كد 7010,,6930000,7539300
115837432,چكش تخريب 17ك APMكد DH17G,,16998000,
115837431,اور فرز 1800 وات APN كد RT 12 M,,10998000,11588800
115837430,بكس بادي 1/2 APN كد AW12G,,7498000,8513700
115837429,چكش تخريب 8 كيلو APN كد DH8SH,,13000000,13951900
115837428,دريل برقي  بتن كن 800 وات APN كد RH26B-,,6398000,7407700
115837427,فرز آهنگري 2800وات كد AG230P برندAPN,,9698000,11344000
115837426,فرز آهنگري 2800 وات APN كد AG 180 P,,9698000,10752800
115837425,ميني فرز دسته بلند 1200 وات APN كد AG 115 L,,4998000,5656500
115837424,ميني فرز 850 وات APN كد AG 115 F,,3598000,3883500
115837423,دريل پيچ گوشتي برقي  APNكدES10D,,3598000,4123900
115837422,دريل13 APNوات850كدDR13T,,3898000,4205400
115837420,گونيا جوشكاري مگنتي سايز 5 اينچ هاراتي,,435000,
115837419,گونيا جوشكاري مگنتي سايز 4 اينچ هاراتي,,380000,
115837418,چسب عايق درز گير NSO پمادي,,95000,
115837417,چسب ميل پوكس مشكي جلاسنج,,90000,
115837416,پارت مادگي صنعتي,,37000,
115837415,پارت دوشاخه صنعتي,,37000,
115837414,قفل حياطي سپه كليد كامپيوتري,,660000,
115837413,بتونه سنگي 1 كيلو آركو,,360000,
115837412,محافظ يخچال 2 خانه پارت 1.8 متر,,582000,
115837411,شيلنگ لاستيكي نخدار آبگرمكني,,40000,
115837410,طي نخي سري پلاستيكي,,190000,
115837409,كپسول گاز تورچ,,60000,
115837408,مايع سوسك كش هكر ليتر,,45000,
115837407,ضد يخ كاسپين ليتر,,130000,
115837406,چسب آب بندي Z90 مدل NSGC يك ليتر,,270000,
115837405,چسب 8888 گالن,,890000,
115837404,چسب آب بندي Z90 مدل NSGC گالن,,1060000,
115837403,عايق آب بندي سما مكث,,120000,
115837402,چسب 5cm كاغذي استار بلو,,34000,
115837401,چسب 4cm كاغذي مخصوص صادرات,,27000,
115837400,اسپري لاستيك SANA,,45000,
115837399,قلم مو پلاستيك دلفين سايز 5*15,,240000,
115837398,گريس تابان كاسپين 2 پوندي,,418000,
115837397,علف زن بنزيني توسن 2زمانه كد 5243,,21700000,23190700
115837396,موتور برق توسن بنزيني 1100 وات كد 1011,,13100000,14421900
115837395,چسب 123 ترك سان 400 گرم,,135000,
115837394,اسپري براق كننده چوب گل پخش,,110000,
115837393,دريل APN وات 750كد DR13S,,3498000,4078400
115837392,اسپري قير گل پخش,,130000,
115837391,دريچه بازديد,,264800,
115837390,گيريس نسوز همه كاره مهران 500گرم,,75000,
115837389,گيريس نسوز مگاشيمي 100 گرم,,39000,
115837388,گيريس نسوز مگاشيمي 200 گرم,,65000,
115837387,اسپري كنتاكتور شور خشك و روغني,,90000,
115837380,بتونه همه كاره افرا كيلو,,75000,
115837379,بتونه همه كاره افرا نيم كيلو,,45000,
115837378,پليش نرم جلاسنج 500 گرم,,100000,
115837377,اسپري روان كنند WD-40,,40000,
115837375,چسب آكواريوم پيشتاز,,120000,
115837374,چسب آكواريوم تاپ سفيد,,120000,
115837373,چسب آكواريوم تاپ مشكي,,120000,
115837372,چسب آكواريوم تاپ بي رنگ 280 ميل,,115000,
115837371,چسب چوب شمال نيم كيلو,,60000,
115837370,چسب چوب شمال كيلو,,90000,
115837369,چسب سنگ جلاسنج كيلو,,300000,
115837368,چسب سنگ جلاسنج ربعي,,95000,
115837367,چسب بل فوري گالن,,650000,
115837366,چسب بل فوري كيلو,,210000,
115837365,چسب بل صنعتي كيلو,,324000,
115837364,اسپر فوم آرازيم,,129000,
115837350,طناب پنبه اي,,130000,
115837347,قرقره بنايي گلها بزرگ,,295000,
115837346,استانبولي آهني,,92000,
115837345,ماله فوم سيمانكاري,,20000,
115837344,كمچه دسته پلاستيكي,,85000,
115837343,كمچه دسته چوبي موسوي,,120000,
115837342,آويز قاشق استيل,,140000,
115837341,جامايع بازن طرح استيل,,160000,
115837340,جامايع شامپايني ليمون,,130000,
115837339,جامايع بيضي ليمون,,220000,
115837338,جامايع هارموني دوقلو,,350000,
115837337,سطل و فرچه ميراب,,540000,
115837335,سطل و فرچه بامبو بزرگ,,460000,
115837334,ست بهداشتي هارموني,,1060000,
115837333,ست بهداشتي طرح گل,,920000,
115837332,ست بهداشتي مارابل پدال دار,,1000000,
115837331,سطل زباله 16 ليتري استيل,,1290000,
115837330,سطل زباله 12ليتري استيل,,970000,
115837329,سطل و فرچه استيل,,765000,
115837328,تفنگ باد گيج دار نووا مدل2704,,700000,
115837327,سطل زباله 15 ليتري كرم -مشكي,,680000,
115837326,سطل زباله 20 ليتري كرم -مشكي,,825000,
115837325,صفحه سراميك بر نووا سايز 115,,259800,298700
115837324,صفحه گرانيت بر نووا 115 كد 2611,,805000,914500
115837323,سطل زباله 50 ليتري كرم,,1650000,
115837322,جارو تك حمام,,125000,
115837321,قفل فرمان كشويي نووا L 600 مدل 8204,,2380000,
115837320,ست جارو كوتاه,,200000,
115837319,قفل فرمان نووا L 400 مدل 8200,,2185000,2423000
115837318,عينك جوش كاري توسن مدل 300WG كد 400CTG كد 3902,,119370,135800
115837317,ست جارو بلند ساده ليمون,,300000,
115837316,عينك دودي توسن مدل 200SG كد 3901,,112470,124500
115837315,ست جارو بلند مخزن دار ليمون,,330000,
115837314,چسب 123 نوويس,,150000,
115837313,زمين شور يونيك پدال ساده,,1614000,
115837312,بتونه سنگي 2 كيلو آركو,,500000,
115837311,بند رخت چوبي,,1360000,
115837310,بند رخت تسمه اي مشكي,,1016000,
115837309,بند رخت استيل,,880000,
115837308,آچار يكسر تخت رينگي AZD سايز 10,,110000,
115837307,سطل و فرچه مربع ليمون,,580000,
115837306,آچار يكسر رينگي جغجغه اي جيتك سايز 9,,180000,
115837305,آچار يكسر رينگي جغجغه اي توسن سايز 19,,565000,610900
115837304,آچار يكسر رينگي جغجغه اي توسن سايز 18,,550000,629500
115837303,غلطك قطور پر مو دني سايز 25,,140000,
115837302,خار جمع كن نووا سر كج سايز 7 مدل 8074,,690000,754200
115837301,غلطك انگشتي ازمير سايز 25,,110000,
115837300,خار جمع كن نووا سر صاف سايز 7 مدل 8072,,690000,803200
115837299,غلطك مديوم دني سايز 25,,130000,
115837298,غلطك انگشتي دني سايز 25,,125000,
115837297,غلطك انگشتي دني سايز 20,,100000,
115837296,خار بازكن نووا سر صاف سايز 7 مدل 8071,,690000,804100
115837295,غلطك انگشتي دني سايز 10,,60000,
115837294,غلطك انگشتي دني سايز 5,,35000,
115837293,خار بازكن نووا سر كج سايز 7 مدل 8073,,690000,755300
115837292,جك روغني 10 تن نووا مدل 2110,,3910000,4211100
115837291,جك روغني 3 تن نووا مدل 2103,,2530000,2937800
115837290,جك روغني 2 تن نووا مدل 2102,,2185000,2401800
115837289,بكس دسته تي T كشويي سايز 12 توسن,,400000,422500
115837288,بكس دسته تي T ثابت سايز 11 توسن,,310000,342600
115837287,بكس دسته تي T كشويي سايز 10 توسن,,400000,430800
115837286,بكس دسته تي T كشويي سايز 8 توسن,,400000,436200
115837285,دسته جغجغه 1/2 توسن كروم تايوان,,1955000,2073500
115837284,دسته جغجغه 1/2 توسن T1299-10,,1495000,1609400
115837283,آچار دسته بكس كشويي 30 سانت 1/2 توسن,,744000,827800
115837282,پيچ دستي توسن (50*250)mm,,563500,657500
115837281,پيچ دستي توسن (50*200)mm,,563500,616300
115837280,پيچ دستي توسن (50*150)mm,,552000,626300
115837279,رابيتس,,75000,
115837278,آچار يكسر رينگي جغجغه اي توسن سايز 16,,510000,585800
115837277,شيلنگ باد STA تك سايز 10 كره اي,,70000,
115837276,شيلنگ باد دوقلو پروتك,,135000,
115837275,صفحه سنگ پروفيل بر ويپكس,,95000,
115837274,صفحه استيل بر Vipex سايز 180,,25000,
115837273,قيچي باغباني لايت كد 819,,1053000,
115837272,كابل جوشكاري سايز 14 وينر مدل 2014,,185000,
115837271,كابل جوش سايز 12 دلتا,,320000,
115837270,قيچي باغباني لايت 3164,,1419000,
115837269,قفل كتابي 94 رايدر,,680000,
115837268,قفل كتابي گيرا 950 روكش دار سند بلاست مدل 017,,1260000,
115837267,قفل كتابي گيرا آپارتماني مدل 009,,1200000,
115837266,قفل كتابي گيرا 950 اسپشيال,,2000000,
115837265,فارسي بر APNكشويي دو طرفه 305,,34998000,41161500
115837264,قفل آويزي سايز 75,,290000,
115837263,قفل آويزي سايز 63,,220000,
115837262,قفل آويزي سايز 50,,160000,
115837261,قفل آويزي سايز 38,,100000,
115837260,قفل آويزي سايز 32,,61000,
115837259,تيوپ فرغون گلديس,,150000,
115837258,فيلتر كارواش نووا مدل 4151,,195500,226800
115837257,كوپلينگ 4 عدد كارواشي نووا  مدل 2317,,322000,338600
115837256,بلبرينگ فرغون نولان,,35000,
115837255,كوپلينگ كارواش نووا مدل 2316,,172500,197900
115837254,قيچي چب بر آهن نووا تايواني مدل 2306,,1610000,1702300
115837253,قيچي راست بر آهن نووا تايواني مدل 2307,,1610000,1693500
115837252,قيچي مستقيم بر آهن نووا تايواني مدل 2305,,1610000,1724100
115837243,قفل سوئيچي دلتا 5.5 CM مدل 052,,480000,
115837233,انبر قفلي توسن سايز 7 مدل T 2011,,758400,870900
115837232,انبر قفلي نووا تايواني سايز 10 مدل 2301,,1265000,1427100
115837231,انبر قفلي نووا آلماني سايز 10 مدل 8030,,977500,1131700
115837230,انبر قفلي نووا آلماني سايز 7 مدل 8031,,747500,875600
115837229,انبر قفلي نووا آلماني سايز 5 مدل 8032,,632500,741800
115837186,انبر آرماتور بندي توسن آلماني,,960000,1054700
115837185,انبر آرماتور بندي نووا مدل 5000,,725000,802400
115837184,انبر آرماتور بندي توسن,,712425,755100
115837183,انبر قفلي همه كاره نووا مدل 2258,,1150000,1269500
115837182,صفحه سراميك بر توسن سايز 230,,1463000,1678400
115837181,انبر قفلي فيلتر بازكن نووا سايز 10 مدل 2252,,1540000,1668600
115837180,كمپرسور باد 50 ليتري نووا مدل 9050,,20900000,24589700
115837179,مته سري توسن 12 عددي مدل 165,,1150000,1220200
115837178,آلن T ستاره اي توسن كد T 40,,614000,633800
115837177,خار باز كن و جمع كن ست 4 عدد نووا مدا 8075,,2530000,2667000
115837176,فازمتر نووا سايز 190 مدل 1902,,99000,109500
115837175,متر فلزي 5.5 متري نووا مدل 5525,,379500,445900
115837174,متر فلزي 7.5 متر نووا مدل 7525,,506000,589200
115837171,متر فلزي 3 متري نووا مدل 3016,,230000,256500
115837157,اتو لوله نووا مدل 2416,,3898000,4577200
115837156,صفحه گرانيت بر توسن سايز 115,,946000,1104700
115837155,صفحه سراميك بر توسن سايز 115,,495000,572100
115837154,انبر دست نووا سايز 8 مدل 8005,,632500,721600
115837153,دم باريك نووا سايز 6 مدل 8008,,632500,694000
115837152,انبر دست نووا سايز 6 مدل 8003,,632500,687000
115837151,دم باريك نووا سايز 8 مدل 8009,,632500,726000
115837150,سيم چين نووا سايز 7 مدل 8007,,632500,734800
115837149,آچار يكسر رينگي جغجغه اي توسن سايز 15,,537000,596800
115837148,آچار يكسر رينگي جغجغه اي توسن سايز 14,,455000,495100
115837147,آچار يكسر رينگي جغجغه اي توسن سايز 11,,400000,452300
115837146,مانومتر نووا مدل 2591,,5635000,6199200
115837144,مانو متر نووا مدل 2590,,5290000,6213400
115837142,منگنه كوب دستي نووا  مدل 1173,,977500,1118400
115837141,گيره دستي فشاري نووا مدل 4061 سايز 15,,238000,254900
115837140,گيره دستي فشاري نووا مدل 4063 سايز 25,,258000,273400
115837139,گيره دستي فشاري نووا مدل 4060  سايز 10,,228000,249700
115837138,چسب فشار قوي تارگت ربي,,110000,
115837137,رنگ نيم پلاستيك سبز پارس بهار كيلو,,150000,
115837136,گيره دستي فشاري نووا مدل 4062  سايز 20,,248000,274900
115837135,عايق سفيد كيلو افشار,,185000,202900
115837134,سر پيك برش بلند نووا  مدل1-2586,,6360000,
115837133,پوليفت دستي 1.5 تن توسن مدل 2515LH,,14487700,16525800
115837132,چسب 5cm كاغذي ترك سان كم يارد,,65000,
115837131,جرثقيل 1 تن  مدل 2802 نووا,,8970000,10083100
115837130,جرثقيل 0.5تن مدل 2801 نووا,,7705000,8452300
115837129,آلن T سايز 10 توسن,,560000,659500
115837128,آلن T سايز 4 توسن,,300000,335200
115837126,آلن T سايز 3 توسن,,246600,288700
115837125,آلن T سايز 2/5 توسن,,243200,258200
115837124,آلن T سايز 2 توسن,,240000,255500
115837123,چسب آكواريوم همه كاره sista,,285000,
115837122,انبر كلاغي توسن 10 اينچ مدل T5014-10,,1012000,1121800
115837121,شيلنگ گريس پمپ توسن  مدل THG-40,,180000,185000
115837120,تفنگ باد نووا نازل كوچك مدل 2923,,575000,619200
115837119,تفنگ باد نووا نازل بلند مدل 2922,,977500,1147000
115837118,متر فلزي 8 متري ورتكس,,599000,650000
115837117,فرچه سيمي كاسه اي بافته كله اسبي سايز 125mm,,298000,
115837116,فرچه سيمي كاسه اي افشان كله اسبي سايز 125mm,,210000,
115837115,فرچه سيمي كاسه اي افشان سايز 100 معمولي,,140000,
115837114,فرچه سيمي كاسه اي افشان كله اسبي سايز 70mm,,90000,
115837113,متر فلزي 10 متري جيتك JETECH مدل 091335,,520000,
115837112,متر فلزي 7/5 متري جتک مدل 091334,,450000,
115837110,متر فلزي 3 متري جيتك مدل 091332,,190000,
115837109,انبر پرچ دستي WINEX مدل EH 2524,,550000,
115837108,انبر پرچ دستي WINEX مدل EH 2523,,480000,
115837107,انبر جوش 550 فروزان,,1200000,
115837106,انبر جوش 450 فروزان,,1100000,
115837105,انبر جوش 350 فروزان,,999000,
115837104,انبر جوش 250 فروزان,,620000,
115837103,تيغه علف زن 40 پره تانوس مدل GC-2540,,990000,
115837102,جك روغني 15 تن واستر,,3990000,
115837101,قفل سرويس سپه 6/5 cm,,200000,
115837100,قفل سوئيچي سپه 6/5 cm,,280000,
115837099,قفل سرويس دلتا 6/5 cm مدل 031,,400000,
115837098,قفل سوئيچي دلتا 6/5 cm مدل 041,,475000,
115837097,قفل كليدي دلتا 6/5 cm مدل 032,,475000,
115837096,كارواش 170بار توسن مدل 1225IPWX,,40700000,44908400
115837095,روغن اليف رزين گل طلايي ليتر,,159000,
115837094,روغن زير كار پايه آب گالن معراج,,100000,
115837093,تينر روغني 2 هزار بيات ليتر,,83300,
115837092,تينر روغني 2 هزار بيات گالن,,293100,
115837091,چراغ قوه دستي توسن مدل 9581,,2414400,2551600
115837090,چراغ قوه دستي توسن مدل 9580,,1494400,1616200
115837089,پيستوله رنگ پاش كاسه زير نووا مدل G70,,1250000,1324300
115837088,لقمه جوش لوله سبز سايز40mm توسن مدل TPWS-40,,260000,282000
115837087,لقمه جوش لوله سبز سايز 32mmتوسن مدل TPWS-32,,250000,282300
115837086,لقمه جوش لوله سبز سايز 25mmتوسن مدل TPWS-25,,240000,276400
115837085,لقمه جوش لوله سبز سايز 20mm توسن مدل TPWS-20,,220000,240600
115837084,آبپاش تفنگي 10 حالته توسن كد 5102 مدل TATN10P,1876588002465,966000,1100000
115837083,آبپاش تفنگي 8 حالته توسن كد T5101  مدل TATN8P,1525510662283,955000,1100000
115837082,سر پيك (شعله پخش كن ) ايزوگامي توسن مدل THT-46CC0,,756000,830900
115837081,تلمبه باد دستي نووا مدل 9019,,906200,961500
115837080,تلمبه باد پايي تك سيلندر نووا مدل 9013,,1610000,1814300
115837079,گوني چتايي بنگال,,125000,
115837078,رنگ اكريليك مشكي دبه معراج شيمي,,570000,
115837077,رنگ نيم پلاستيك سفيد // معراج شيمي گالن,,152000,
115837076,رنگ نيم پلاستيك سفيد / معراج شيمي گالن,,370000,
115837075,چسب كاشي پودري اكتيو سفيد 20 كيلويي,,220000,
115837074,چسب كاشي پودري اكتيو طوسي 20 كيلويي,,170000,
115837073,چسب كاشي اكتيو گالن,,110000,
115837072,چسب بتن اكتيو گالن,,235000,
115837071,چسب بتن اكتيو كيلو,,125000,
115837070,تلمبه باد پايي دو سيلندر نووا مدل 9014,,1955000,2149500
115837069,روغن زير كار پايه آب حلب معراج شيمي,,450000,
115837068,روغن زير كار پايه آب 10 ليتري معراج شيمي,,305000,
115837067,ست پيچ گوشتي 9 عددي نووا مدل 1341,,772000,838000
115837066,ست پيچ گوشتي 13 عددي نووا مدل 1325,,280000,303100
115837065,ست پيچ گوشتي 8 عددي نووا مدل 1340,,885500,935200
115837064,آچار فيلر 20 تيغ نووا مدل 9206,,804770,888500
115837063,چراغ قوه فانوسي نووا مدل 3031,,1698000,1829900
115837062,چراغ قوه پيشوني توسن مدل 9381,,1896900,2075300
115837061,چراغ قوه دستي توسن مدل SL9450,,2805400,3176900
115837060,آچار دو دسته (شلاقي) 1/5 اينچ توسن,,2310000,
115837059,آچار دو دسته (شلاقي) 1 اينچ توسن,,1426000,1664300
115837058,نازل 4عددي هوابرش نووا مدل NTT2585-1,,345000,386700
115837057,نازل 3/64هوا برش نووا مدل NTT2586-3,,460000,486900
115837056,نازل 1/32 هوا برش نووا مدل NTT-2586-2,,460000,536200
115837055,ست پيچ گوشتي ساعتي 6 عددي نووا مدل 1329,,290000,321400
115837054,قلم تخريب نوك تيز توسن 30/410mm,,680000,765400
115837053,قلم تخريب نوك تخت توسن 30/410/35mm,,700000,760900
115837052,قلم تخريب نوك تخت توسن 17/280/22mm,,197000,216500
115837051,قلم تخريب نوك تيز توسن 17/280mm,,197000,211600
115837050,قلم 5 شيار نوك تيز توسن 18/400mm,,312000,345500
115837049,قلم 5 شيار نوك تخت توسن 18/400/25mm,,323000,373300
115837048,قلم 4 شيار نوك تخت توسن 14/250/50mm,,241500,276000
115837047,قلم 4 شيار نوك تيز توسن 14/250/25mm,,215000,243500
115837046,متر نشكن 3 متري توسن TMT-03M,,253000,296300
115837045,چسب 5cmشيشه اي توسن 32 ميكرون,,70000,74100
115837044,شير ظرفشويي درخشان مدل هانس كروم مات,,4367000,
115837043,دريل همزن كرون 1100وات مدل CT10049,,9200000,
115837042,تفنگ ميخ كوب چاشني نووا مدل 9450,,31000000,33004600
115837041,انبر پرچ دستي هلندي,,1800000,
115837040,شير روشويي درخشان مدل لوكس كروم,,4134000,
115837039,آچار بكس مثلثي 8 و 10 و 12 بلند,,91000,
115837038,قيچي مفتول بر تيوان سايز 14 اينچ 350 mm,,895000,
115837037,تراز بنايي 50 سانت وينكس مدل EH1905,,820000,
115837036,تلمبه باد دستي ورتكس,,210000,
115837035,آچار دو دسته (شلاقي) 4 اينچ نيدر,,5600000,
115837034,آچار دو دسته (شلاقي)3 اينچ نيدر,,2405000,
115837033,آچار دو دسته (شلاقي) 2 اينچ نيدر,,1610000,
115837032,تراز بنايي mts اسلووني 60 سانت,,4800000,
115837031,تراز بنايي mts اسلووني 50 سانت,,4510000,
115837030,تراز بنايي mts اسلووني 40 سانت,,4220000,
115837029,تراز بنايي mts اسلووني 30 سانت,,3920000,
115837028,روغن دان 500 سي سي نووا كد 4950,,322000,371100
115837027,روغن دان 300 سي سي نووا كد 4930,,322000,367000
115837026,روغن دان 200cc نووا كد 4920,,322000,354100
115837025,آبپاش تفنگي 10 حالت نووا كد 2343,,528700,593500
115837024,آبپاش تفنگي 9 حالت نووا كد 2342,,850700,999700
115837023,آبپاش تفنگي 8 حالته نووا كد 2346,,1034700,1206900
115837022,آبپاش تفنگي 9 حالته نووا 2344,,839500,973200
115837021,خمير درزگير ژلاتين P.K نيم كيلو كد 6464,,55000,
115837020,خمير درزگير ژلاتين P.K كيلو كد 6663,,95000,
115837019,تينر فوري 10 هزار بيات ممتاز ليتر,,78200,
115837018,تينر روغني حلال ليتر,,35000,
115837017,تينر روغني حلال گالن,,85000,
115837016,تينر فوري 10 هزار ممتاز معراج شيمي حلب,,450000,
115837015,تينر فوري 10 هزار بيات B گالن,,242000,
115837014,شير روشويي كسري آبتين سفيد,,4130000,4754600
115837013,چسب 123 اوستا فيكس 400 mm,,135000,
115837012,ليسه روور سايز 8 كد 108,,35000,
115837011,ليسه روور سايز 30 كد 1030,,46000,
115837010,ليسه روور سايز 20 كد 1020,,40000,
115837009,ليسه روور سايز 18 كد 1018,,32000,
115837008,ليسه روور سايز 16 كد 1016,,29000,
115837007,ليسه روور سايز 14 كد 1014,,26000,
115837006,ليسه روور سايز 12 كد 1012,,24000,
115837004,ليسه روور سايز 10 كد 1010,,50000,
115837003,كاردك روور سايز 3 كد 203,,18000,
115837002,كاردك روور سايز 2 كد 202,,15000,
115837001,كاردك روور سايز 16 كد 2016,,55000,
115837000,كاردك روور سايز 14 كد 2014,,49000,
115836999,كاردك روور سايز 10 كد 2010,,70000,
115836998,اجاق گاز 5 شعله داتيس DS515,,17385000,19635200
115836997,اجاق گاز 5 شعله داتيس DG502,,15667000,17960100
115836996,اجاق گاز 5 شعله داتيس مدل DG582,,24812000,28256000
115836995,اجاق گاز 5 شعله داتيس مدل DS533,,26450000,28796100
115836994,هود تو كار گلوريا كلاسيك,,12200000,
115836993,هود تو كار فالكون,,14068000,
115836992,هود تو كار داتيس مدل گلوريا,,11210000,12967000
115836991,سينك استيل داتيس 2 لگنه مدل 196 چپ 51*116,,12750000,13531900
115836990,سينك استيل داتيس 2 لگنه مدل 196 راست 51*116,,12750000,14992100
115836989,سينك استيل داتيس 2 لگنه مدل 190 چپ 50*116,,11012000,12600800
115836988,سينك استيل داتيس 2 لگنه مدل 192 راست 50*116,,12750000,14947100
115836987,فر توكار برقي داتيس مدل 683,,27650000,31798800
115836986,فر توكار برقي داتيس مدل 690,,41650000,43969900
115836985,فر توكار برقي داتيس مدل 694 U,,24285000,26692700
115836984,فر توكار برقي داتيس مدل 684,,21280000,23982200
115836983,فر توكار برقي داتيس مدل 679,,21270000,22989000
115836982,فر توكار برقي داتيس مدل 675,,38450000,43511600
115836981,آبپاش تفنگي 10 حالتي نووا كد 2345,,1264700,1363700
115836980,شير ظرفشويي شاوري كسري مدل هما سفيد طلا,,7380000,8591500
115836979,شير ظرفشويي فنري كسري مدل آبشار,,5380000,
115836978,شير ظرفشويي دو منظوره كسري مدل جنوا(سارال)كروم مات,,16360000,18062100
115836977,شير ظرفشويي دو منظوره كسري مدل جنوا(سارال) طلامات,,17360000,19316300
115836976,شير ظرفشويي دو منظوره كسري مدل جنوا (سارال) كروم,,15320000,17445800
115836975,شير ظرفشويي دو منظوره كسري مدل موناكو مشكي,,16932600,19030400
115836974,شير ظرفشويي دو منظوره كسري مدل موناكو كروم,,16360000,18001700
115836973,شير ظرفشويي شاوري درخشان مدل كلاريون كروم,,7674000,
115836972,شير ظرفشويي شاوري درخشان مدل كلاريون وايت,,8824000,
115836971,شير ظرفشويي دو منظوره درخشان مدل شاتل كروم مات,,12127000,
115836970,شير ظرفشويي دو منظوره درخشان مدل الماس گلد,,13938000,
115836969,شير ظرفشويي دو منظوره درخشان مدل الماس كروم,,11151000,
115836968,شير دوش درخشان مدل برك وايت,,6096000,
115836967,شير ظرفشويي درخشان مدل برك وايت,,6725000,
115836966,شير روشويي درخشان مدل برك وايت,,5810000,
115836965,شير توالت درخشان مدل برك وايت,,4654000,
115836964,شير ظرفشويي درخشان مدل برك كروم,,5849000,
115836963,شير دوش درخشان مدل برك كروم,,5300000,
115836962,شير روشويي درخشان مدل برك كروم,,5052000,
115836961,شير ظرفشويي درخشان مدل رزكات رزگلد,,8342000,
115836960,شير دوش درخشان مدل رزكات رزگلد,,3693000,
115836959,شير روشويي درخشان مدل رزكات رزگلد,,2813000,
115836958,شير توالت درخشان مدل رزكات رزگلد,,2511000,
115836957,شير ظرفشويي درخشان مدل رزكات گلد مات,,3740000,
115836956,شير دوش درخشان مدل رزكات گلد مات,,3693000,
115836955,شير روشويي درخشان مدل رزكات گلد مات,,2813000,
115836954,شير توالت درخشان مدل رزكات گلد مات,,2511000,
115836953,شير ظرفشويي درخشان مدل هوكا گلد مات,,5225000,
115836952,شير دوش درخشان مدل هوكا گلد مات,,4239000,
115836951,شير روشويي درخشان مدل هوكا گلد مات,,3815000,
115836950,شير توالت درخشان مدل هوكا گلد مات,,3302000,
115836949,شير دوش درخشان مدل هوكا كروم,,3391000,
115836948,شير روشويي درخشان مدل هوكا كروم,,3052000,
115836947,شير توالت درخشان مدل هوكا كروم,,2642000,
115836946,يونيورست ملودي مدل سوپر فلت,,3120000,
115836945,يونيورست كسري مدل آلبا,,3870000,
115836944,يونيورست كسري مدل لاوان سفيد,,3950000,4502200
115836943,يونيورست كسري مدل آتيلا,,3270000,
115836942,شير ظرفشويي كسري مدل امگا طلامات,,6050000,7089500
115836941,شير دوش كسري مدل امگا طلامات,,6200000,6844400
115836940,شير روشويي كسري مدل امگا طلامات,,5250000,5696000
115836939,شير توالت كسري امگا طلامات,,5030000,5302900
115836938,شير ظرفشويي دو منظوره درخشان مدل رز كروم,,6952000,
115836937,علم يونيكا درخشان مدل وايت,,2394000,
115836936,علم يونيكا درخشان مدل آناهيتا,,1916000,
115836935,شير دوش كسري امگا كروم مات,,6200000,6672400
115836934,يونيورست درخشان مدل102 سفيد,,6172000,
115836933,شير روشويي كسري امگا كروم مات,,5250000,5513200
115836932,يونيورست درخشان مدل 101 كروم,,5872000,
115836931,شير توالت كسري امگا كروم مات,,5030000,5688800
115836930,شير ظرفشويي درخشان مدل فلاور گلد,,8508000,
115836929,شير ظرفشويي كسري رايان رز گلد,,4870000,5672500
115836928,شير دوش درخشان مدل فلاور گلد,,8325000,
115836927,شير روشويي درخشان مدل فلاور گلد,,6941000,
115836926,شير توالت درخشان مدل فلاور گلد,,7014000,
115836925,شير دوش درخشان مدل جزيره وايت,,3531000,
115836924,شير دوش كسري رايان رز گلد,,5770000,6181400
115836923,شير روشويي درخشان مدل جزيره وايت,,2928000,
115836922,شير توالت درخشان مدل جزيره وايت,,3023000,
115836921,شير ظرفشويي درخشان مدل پرنس كروم,,6021000,
115836920,شير روشويي كسري رايان رز گلد,,5180000,5994700
115836919,شير دوش درخشان مدل پرنس كروم,,5151000,
115836918,شير روشويي درخشان مدل پرنس كروم,,4408000,
115836917,شير توالت كسري رايان رز گلد,,4460000,4837700
115836916,شير توالت درخشان مدل پرنس كروم,,4067000,
115836915,شير ظرفشويي كسري آبتين سفيد,,4860000,5641000
115836914,شير ظرفشويي درخشان مدل هما كروم,,2919000,
115836913,شير دوش درخشان مدل هما كروم,,3111000,
115836912,شير دوش كسري آبتين سفيد,,5030000,5808600
115836911,شير روشويي درخشان مدل هما كروم,,2992000,
115836910,شير توالت كسري آبتين سفيد,,3810000,4250100
115836909,شير توالت درخشان مدل هما كروم,,2414000,
115836908,شير ظرفشويي درخشان مدل لايت كروم,,2695000,
115836907,شير دوش درخشان مدل لايت كروم,,2649000,
115836906,شير دوش كسري آبتين كرومات,,5420000,6158700
115836905,شير روشويي درخشان مدل لايت كروم,,2414000,
115836904,شير روشويي كسري مدل آبتين كرومات,,4230000,4778100
115836903,شير ظرفشويي درخشان مدل بركت وايت,,6725000,
115836902,شير توالت كسري آبتين كرومات,,4040000,4725200
115836901,شير دوش كسري دانوب طلايي,,6440000,6950200
115836900,شير توالت كسري مدل كارون سفيد,,2780000,3122400
115836899,شير روشويي كسري دانوب طلايي,,5290000,6228500
115836898,شير ظرفشويي كسري مدل كارون,,2190000,
115836897,شير توالت كسري دانوب طلايي,,5240000,6096300
115836896,شير دوش كسري مدل كارون,,2690000,
115836895,شير دوش كسري دانوب كروم,,6270000,6950500
115836894,شير روشويي كسري مدل كارون,,2020000,
115836893,شير توالت كسري مدل كارون,,2090000,
115836892,شير روشويي كسري دانوب كروم,,5000000,5828200
115836891,شير ظرفشويي كسري مدل فيروزه مشكي طلا(فيورنزو),,4890000,5287200
115836890,شير توالت كسري دانوب كروم,,5000000,5653400
115836889,شير دوش كسري سانا,,2630000,
115836888,شير دوش كسري مدل فيروزه مشكي طلا(فيورنزو),,5690000,6618100
115836887,شير روشويي كسري مدل فيروزه مشكي طلا(فيورنزو),,7860000,9159700
115836886,شير ظرفشويي  كسري سانا,,2010000,
115836885,شير روشويي كسري سانا,,2250000,
115836884,شير توالت كسري مدل فيروزه مشكي طلا(فيورنزو),,4780000,5469800
115836883,شير توالت كسري سانا,,1940000,
115836882,شير ظرفشويي كسري مدل فيروزه(فيورنزو),,4380000,
115836881,شير دوش كسري مدل فيروزه(فيورنزو),,4830000,
115836880,شير دوش كسري آمازون شيري طلايي,,7080000,8334800
115836879,شير روشويي كسري مدل فيروزه(فيورنزو),,5580000,6297500
115836878,شير توالت كسري مدل فيروزه(فيورنزو),,3210000,
115836877,شير روشويي كسري مدل آمازون شيري طلايي,,6050000,6751700
115836876,شير ظرفشويي كسري مدل رابين طلايي,,4870000,5521500
115836875,شير توالت كسري آمازون شيري طلايي,,5710000,6094100
115836874,شير دوش كسري مدل رابين طلايي,,4420000,5019000
115836873,شير روشويي كسري مدل رابين طلايي,,4330000,4574600
115836872,شير دوش كسري مدل آمازون كروم,,6850000,7335200
115836871,شير توالت كسري مدل رابين طلايي,,3620000,3992500
115836870,شير روشويي كسري آمازون كروم,,6010000,6795900
115836869,شير ظرفشويي كسري مدل رابين سفيد طلايي,,4580000,4840800
115836867,شير دوش كسري مدل رابين سفيد طلايي,,4170000,4767800
115836866,شير توالت كسري آمازون كروم,,5510000,5984500
115836865,شير روشويي كسري مدل رابين سفيد طلايي,,4170000,4717800
115836864,شير توالت كسري مدل رابين سفيد طلايي,,3570000,3951500
115836863,شير روشويي كسري كارون سفيد,,2710000,3065000
115836862,شير دوش كسري كارون سفيد,,3550000,4023700
115836861,شير ظرفشويي كسري كارون سفيد,,2950000,3306900
115836860,شير ظرفشويي درخشان هانس گلد,,5240000,
115836859,شير دوش درخشان هانس گلد,,5388000,
115836858,شير توالت درخشان هانس كروم مات,,4160000,
115836857,شير دوش درخشان هانس كروم مات,,5612000,
115836856,شير دوش درخشان لوكس كروم,,4653000,
115836855,شير ظرفشويي درخشان كاج وايت,,5212000,
115836854,شير دوش درخشان كاج وايت,,4169000,
115836853,شير روشويي درخشان كاج وايت,,3956000,
115836852,شير توالت درخشان كاج وايت,,3374000,
115836851,شير ظرفشويي درخشان كاج كروم,,4532000,
115836850,دستكش ضد لغزش توسن مدل L 10,,55000,58200
115836849,شير دوش درخشان كاج كروم,,3626000,
115836848,دستكش لاتكسي توسن مدل  L 10 BS,,98000,129499
115836847,شير روشويي درخشان كاج كروم,,3440000,
115836846,شير توالت درخشان كاج كروم,,2934000,
115836845,شيلنگ توالت كسري طلامات ريز بافت (قطعات برنجي ),,570000,
115836844,دستكش فوم توسن مدل F10,,96000,108300
115836843,دستكش ضد برش توسن مدل CL 10,,57000,62300
115836842,شيلنگ توالت كسري كروم مات ريز بافت (قطعات برنجي ),,740000,862700
115836841,دستكش نيتريل توسن مدل NK 10,,100000,108400
115836840,شيلنگ توالت كسري سفيد ريز بافت (قطعات برنجي ),,590000,686200
115836838,شيلنگ توالت كسري مدل طلايي ريز بافت (قطعات برنجي),,740000,808700
115836837,شيلنگ توالت كسري كروم ريز بافت (قطعات برنجي),,590000,654200
115836836,آلن T ستاره اي توسن كد T40,,540000,603900
115836831,آلن T ستاره اي توسن كد T 30,,380000,412200
115836830,انبر قفلي فيلتر باز كن توسن سايز 10 كد T 14 - 10 OP,,1500000,1588600
115836829,انبر قفلي توسن سايز 10 كد T 2011 - 10,,976900,1071500
115836827,كاتر موكت بر نووا كد 1300,,172500,184200
115836826,سيم لخت كن نووا سايز 8 كد 8058,,1150000,1232500
115836825,سيم لخت كن نووا سايز 6 كد 8056,,897000,1046500
115836824,آچار فرانسه نووا سايز 10 كد 3003,,862500,981500
115836823,آچار فرانسه نووا سايز 15 كد 3005,,2357500,2511700
115836821,آچار فرانسه نووا سايز 8 كد 3002,,632500,696400
115836820,سيلندر درب 9 سانتي نولان,,500000,
115836819,پيچ گوشتي مچي نووا كد NTK 1139,,575000,675400
115836818,سيلندر درب 7 سانتي STA,,440000,
115836817,آلن ستاره اي مچي نووا كد NTK 1140,,575000,643500
115836816,سيلندر درب كلون 7 cm,,320000,
115836815,آلن مچي نووا كد NTK 1141,,575000,654600
115836814,قفل كتابي آپگريد سايز 90,,400000,
115836813,آلن ستاره اي مچي نووا كد NTK 1008,,540500,607600
115836812,آلن مچي نووا كد NTK 1007,,540500,573700
115836811,متر فلزي 10متري نووا كد 3065,,805000,888200
115836810,فازمتر بزرگ توسن مدل4110T,,186000,202800
115836809,چسب 1cmدوطرفه,,35000,
115836808,چسب دوطرفه مشكي 5 سانت,,65000,
115836795,دنباله گرد بر بزرگ,,250000,
115836794,سيلندر درب ريباز 10 سانتي وسط,,350000,
115836793,رنگ روغني سفيد براق هاويلوكس گالن كد 01,,530000,
115836792,رنگ فوري سفيد اشن كيلو كد 326,,370000,
115836791,رنگ فوري مشكي اشن كيلو كد 331,,283000,
115836790,رنگ فوري نيم پلي استر مات اشن كيلو كد 950,,205000,
115836789,رنگ فوري سيلر اشن كيلو كد 200,,289000,
115836788,رنگ فوري نيم پلي استر براق اشن كيلو كد 900,,216000,
115836782,رنگ فوري كيلر اشن كيلو كد 109,,292000,
115836781,رنگ روغني سبز متاليك الوان كيلو كد 197,,220000,
115836780,رنگ روغني قهوه اي اورانوس كيلو كد 140,,135000,
115836779,رنگ روغني كرم سير كوپال كد 102,,130000,
115836778,رنگ روغني صورتي افشار كيلو كد 440,,250000,287300
115836777,رنگ روغني جيگري الوان كيلو كد 145,,160000,
115836776,رنگ روغني بنفش افشار كيلو كد 460,,280000,318400
115836775,رنگ روغني سبز يشمي افشار كيلو كد 980,,280000,313500
115836774,رنگ فوري نيم پلي استر براق اشن گالن كد 900,,818000,
115836773,رنگ فوري كيلر مخصوص چوب اشن گالن كد 109,,1110000,
115836772,رنگ فوري سيلر مخصوص چوب اشن گالن كد 200,,1100000,
115836771,رنگ روغني نقره اي افشار كيلو كد 950,,305000,335400
115836770,رنگ فوري قهوه اي اشن كد 317,,396000,
115836769,رنگ فوري بتونه اشن كيلو سفيد كد 1019,,255000,
115836768,رنگ فوري اخرا اشن كيلو كد 334,,300000,
115836767,رنگ فوري گل ماش اشن كيلو كد 333,,297000,
115836766,سنباده پوستاب سايز 120,,14000,
115836765,رنگ اكريليك سفيد نيم براق حرير كيلو,,145000,
115836764,تراز ليزري نووا كد 2640,,6440000,7186300
115836763,كمپرسور باد فندكي آيرون مكس كد IM-AC55C,1787611023213,3250000,3400000
115836762,چسب آكواريوم هاسكي,,110000,
115836761,چسب آكواريوم پروماتكس لازيو,,270000,
115836760,دستمال سوپر ميكروفايبر 35*75,,60000,
115836759,دستمال حوله اي سوپر ميكروفايبر 4 عدد 28*40,,120000,
115836758,چسب آهن كاسپين تيوپ 100 ميلي,,39000,
115836757,دستمال سوپر ميكروفايبر 2 عدد 40*40,,120000,
115836756,كلاه ايمني زرد,,95000,
115836755,دستمال رنگي نخي 4عدد  35*45,,80000,
115836754,كاردك سايز 2 روور,,15000,
115836753,كاردك روور سايز 4,,18000,
115836752,كاردك روور سايز 12 كد 2012,,75000,
115836751,كاردك روور سايز 8,,45000,
115836750,عايق رطوبتي 1 كيلويي سما,,70000,
115836749,چسب كاشي 1 كيلويي اکتیو,,80000,
115836748,بتونه سنگي نيم كيلويي آركو,,195000,
115836747,شير حياطي دسته گازي 1 اينچ سيتكو,,600000,
115836746,مغزي كاتريج شير احرمي كوچك,,75000,
115836745,تيغ كاتر بر بلاديس كره سايز كوچك,,40000,
115836744,آچار فرانسه سايز 4 چيني,,92000,
115836743,چراغ پيشوني توسن كد 9420HL,,2276400,2455200
115836742,آلن T سايز 6 توسن,,390000,455100
115836741,چراغ سيار مغناطيسي اتومبيل جهان تك,,258000,
115836740,قلم مو خطاطي بسته,,140000,
115836739,اسپري خوشبو كننده ي هوا  لمسر,,180000,
115836738,صفحه چوب بر 115 اريس,,270000,
115836737,چسب چوب آذر كيلو,,65000,
115836736,چسب چوب آذر نيم كيلو,,45000,
115836734,كش بار بند,,70000,
115836733,اسپري انژكتور شور,,40000,
115836732,انبر اتصال آروا 2410,,240000,278500
115836731,باد پاش حرفه اي توسن,,290000,326000
115836730,چسب آكواريوم SISTA مخصوص آينه,,345000,
115836729,رنگ روغني زرد پرتغالي اطلس كيلو كد 122,,236000,
115836728,پوليش زبر جلاسنج 250گرم,,100000,
115836727,رنگ روغني سفيد براق هادي كيلو كد 702,,185000,
115836726,رنگ گل ماش صفاشيمي كيلو كد 715,,135000,
115836725,رنگ آبي لاجوردي الوان كيلو كد 168,,160000,
115836724,رنگ روغني قهوه اي شكلاتي الوان كيلو كد 139,,205000,
115836723,گريس كاسپين نسوز نمره 3,,50000,
115836722,گريس كاسپين همه كاره 1 پوندي,,270000,
115836721,رنگ روغني آبي روشن افشار كيلو كد 450,,250000,293800
115836719,كاتر Assist,,50000,
115836718,رگلاتور فشار قوي ايران,,480000,
115836717,رنگ روغني مشكي براق صفاشيمي كيلو كد 705,,135000,
115836716,سوهان سه گوش آهن,,150000,
115836715,فازمتر ميكا,,50000,
115836714,قلم 4 شيار نوك تيز توسن 14/400mm,,341400,385800
115836713,قلم 4 شيار نوك تخت توسن 14/400/25mm,,300000,343900
115836712,قلم 4 شيار نوك تيز توسن 14/250mm,,202200,219000
115836710,قلم 4 شيار نوك تخت توسن 14/250/25mm,,185000,218000
115836709,چسب پنچر گيري,,15000,
115836708,رنگ روغني كرم استخواني الوان كيلو كد 111,,205000,
115836707,قلم مو خرم سايز 0/5,,20000,
115836706,متر فلزي 10متري MOOG,,220000,
115836705,دستمال وايت اند وايت,,95000,
115836704,ريسمان بنايي حجت,,30000,
115836703,چسب دو طرفه 2cm سبز,,98000,
115836702,تركمتر 135*25 لايت,,14500000,
115836701,تركمتر 50*225لايت,,14000000,
115836700,چكش فيبري سايز 40,,185000,
115836699,دم باريك سايز 6 رامونا,,172000,
115836698,متر نشكن 5 متري توسن TMT-05M,,253000,271000
115836697,انبر قفلي مبينس 10 اينچ,,520000,
115836696,صفحه اهن بر اوسيس سايز 115,,29000,
115836695,فندك آنتني,,68000,
115836694,اره چوب بر طرح سامورايي ليون,,450000,
115836693,صفحه آهن بر اوسيس سايز 180,,67000,71800
115836692,صفحه فلاپ ميني  ERIS,,56000,
115836691,رگلاتور نيمه قوي بوتان,,400000,
115836690,سنباده چسبي سايز 120,,20000,
115836688,اسپري رنگ دودي متاليك,,90000,
115836687,چنگك فنري همه كاره 60 سانت,,99000,
115836686,كش موتوري 2 متري,,80000,
115836681,روغن دان رايدر,,120000,
115836680,انبر قفلي نووا اسپانيايي,,1127000,1323500
115836677,ميخ اسكا F,,400000,
115836676,متر پارچه اي 50 متري ميكا,,800000,
115836674,ليسه فلزي شانه اي,,80000,
115836673,صفحه سنگ بري ميني HITACHI,,25000,
115836672,كاردك روور سايز 6 كد 206,,45000,
115836671,سنباده چسبي سايز 40ميني,,15000,
115836670,آسان پوش عرض 60,,45000,
115836669,دستگيره پنجره آلومينيومي,,45000,
115836668,كابل اتصال باتري 1200,,800000,
115836667,چسب پي وي سي  تارگت رازي قوطي,,146000,
115836666,ملاقه سيمان كاري بزرگ,,140000,
115836665,بيلچه باغباني,,60000,
115836664,پايه منقل ايده سازان,,180000,
115836663,تخته ماله پلاستيكي,,75000,
115836662,خاك انداز فلزي,,65000,
115836661,گوشي صدا گير FAST,,85000,
115836660,ليسه پلاستيكي,,20000,
115836659,چسب موش كتابي,,30000,
115836658,اسپري نقره اي كروم,,120000,
115836657,اسپري كيلر,,110000,
115836655,نمد زير مبلي,,87000,
115836654,كاتر سربي,,110000,
115836653,سري بكس پيچ شيرواني تكا,,63000,
115836652,چكش مهندسي آروا كد 4234,,600000,
115836651,چكش مهندسي آروا كد 4235,,700000,
115836650,چكش مهندسي آروا كد 4236,,900000,
115836649,بكس بادي توسن كد  P 0760 IW,,8800000,10332100
115836648,ست سر تاس گالوانيزه,,200000,
115836647,ست پيچ گوشتي توسن 7 عدد (كدT90N),,989800,1078900
115836645,متر نشكن 3 متري توسن TMT-03M,,253000,265700
115836644,آهنربا تلسكوپي پيك آپ,,350000,
115836643,صفحه چوب بر VERITUL سايز 180,,250000,
115836642,تفنگي باد گيج دار چيني,,550000,
115836641,فازمتر نووا سايز 145 مدل 1901,,87400,98400
115836640,فازمتر بزرگ واستر,,142000,
115836639,چكش ميخ كش پارس كاور 500 گرم,,250000,
115836637,چكش ميخ كش ميكا 500 گرم,,275000,
115836636,متر فلزي 3.5متر ميكا,,240000,
115836635,متر فلزي 7.5متري واستر,,290000,
115836634,متر فلزي 10 متري واستر,,290000,
115836633,قفل موتور كد 1112,,430000,
115836632,تراز بنايي 30 سانت zipo,,760000,
115836631,تراز بنايي 30 سانت ongild,,690000,
115836630,تراز بنايي 25 سانت level,,590000,
115836629,تراز بنايي آهنربايي واستر 30 سانت,,930000,
115836628,تراز بنايي واستر 50 سانت,,1870000,
115836627,تراز بنايي 60 سانت واستر,,2360000,
115836626,قيچي لوله بر 5 لايه ALTUNA,,8500000,
115836625,تيغ اره آهن بر پيلانا سفيد,,130000,
115836624,سيم چين مينياتوري آيرون مكس سايز 4/5 اينچ,,240000,
115836623,گيره انبري 8 اينچ نووا مدل 4088,,402500,434700
115836622,دم باريك مينياتوري نووا سايز 5 اينچ,,264000,291000
115836621,تبديل ميني فرز به اره زنجيري BOSS,,780000,
115836620,ماله آلمينيومي تراز دار لند 50 سانت,,490000,
115836619,انبر دست ميني ورتكس سايز 4/5 اينچ,,202000,
115836618,دريل برقي گرانوكس كد 6103,,2950000,
115836617,قيچي لوله بر لوله سفيد ميكا اصل,,430000,
115836616,انبر پرچ دستي WINEX مدل EH 2521,,899000,999000
115836610,سيم چين رامونا سايز 6,,185000,
115836606,سيم چين رامونا سايز 8,,195000,
115836604,آچار بكس جغجغه اي واستر 3/8 اينچ,,1100000,
115836603,ست پيچ گوشتي ستاره اي لايت كد 1068,,880000,
115836602,قفل دوچرخه سايز 2,,250000,
115836601,انبر دست واستر سايز 7,,500000,
115836600,پيچ گوشتي ساعتي A.Z.D,,240000,
115836599,چشمي درب بابا,,130000,
115836598,قند شكن جگوار,,150000,
115836597,آچار همه كاره نووا كد NTS 7402,,2070000,2294800
115836596,قلم كاشي بر دستي (قلم حكاكي),,180000,
115836511,قيچي كابل بر 250 mm واستر,,950000,
115836510,پيچ دستي 150mm نووا كد 4052,,529000,610400
115836509,پيج دستي 250mm نووا كد 4054,,575000,657600
115836508,قيچي مفتول بر واستر سايز 8/5,,450000,
115836507,سيم چين ميكا ايراني,,155000,
115836506,دستگاه چسب حرارتي تفنگي كوچك بردون,,240000,
115836505,دستگاه چسب حرارتي تفنگي بزرگ بردون,,380000,
115836504,دستگاه چسب حرارتي تفنگي بزرگ تيوان,,350000,
115836503,آچار بكس تي T نووا سايز 8,,399800,458500
115836502,آچار بكس جغجغه اي تلسكوپي لايت 1/2 اينچ,,2700000,
115836501,آچار بكس تي T نووا سايز 12,,407000,440100
115836500,آچار بكس جغجغه اي واستر 1/4 اينچ,,1100000,
115836499,آچار فرانسه 317 سايز 15,,390000,
115836498,آچار كلاغي لايت سايز 12 كد WP-300,,3220000,
115836497,سر پيك (شعله پخش كن)كوچك سپاهان,,198000,
115836496,آچار كلاغي لايت سايز 10 كد WP-250,,1950000,
115836495,آچار يكسر رينگي جغجغه اي لايت سايز 27,,2500002,
115836494,آچار يكسر رينگي جغجغه اي لايت سايز 32,,3900000,
115836493,آچار يكسر رينگي جغجغه اي لايت سايز 30,,3900000,
115836491,آچار يكسر رينگي جغجغه اي لايت سايز 15,,1200000,
115836490,آچار يكسر رينگي جغجغه اي لايت سايز 18,,1700000,
115836489,قيچي ميوه چين لايت كد 803A-1,,900000,
115836488,آچار يكسر رينگي جغجغه اي لايت سايز 11,,1000000,
115836487,انبر قفلي لايت سايز 12 اينچ كد LG-300M,,2500000,
115836486,آچار يكسر تخت رينگي رانگسي سايز 11,,89000,
115836485,آلن ستاره اي 9 عدد FTOOLS كد FT-008,,1000000,
115836484,آچار يكسر تخت رينگي رانگسي سايز 30,,420000,
115836474,آلن ستاره اي مچي لايت كد TX - 3308,,1250000,
115836467,آلن ستاره اي مچي واستر,,900000,940000
115836466,آلن مچي واستر,,700000,
115836465,آچار يكسر تخت رينگي رانگسي سايز 7,,70000,
115836464,منگنه كوب بادي آروا كد 3301,,3399000,3795400
115836463,دريل برقي DWT كد SBM07-13,,2398000,
115836462,دريل برقي توسن كد 0034D,,7040000,8160900
115836461,دريل برقي توسن كد 0002Da,,3410000,4023500
115836460,دريل برقي آروا كد 5312,,3699000,3985100
115836459,دريل برقي آروا كد 5303,,3499000,3790300
115836458,دريل برقي DWT كد BM06_10GC,,2258000,
115836457,دريل برقي توسن كد 0028D,,5500000,5916300
115836456,دريل برقي توسن كد 0110 da,,3253800,3633500
115836455,بلوور نووا كد 4405,,4300000,4652000
115836454,دريل برقي بتن كن 3 كاره آروا كد 5207,,9899000,10573400
115836453,چكش تخريب توسن 5.5 كيلو كد 6005DH,,13200000,13899800
115836452,دريل شارژي ايوك IVEK كد K 7218,5425280826372,8999000,10000000
115836451,متر چرخ نووا كد NTT 1525,,11040000,11860000
115836450,اره عمود بر نووا كد 5320,,7150000,7673900
115836449,پيستوله رنگ برقي آيرون مكس كد F2011,,2700000,
115836448,سنباده لرزان ايوك IVEK كد K 5041,5108514326267,4899000,5000000
115836447,سنباده لرزان ايوك IVEK كد K 5041,5108514326267,4899000,5000000
115836446,دريل برقي پيچ گوشتي آروا كد 5350,,4499000,4791500
115836445,دريل برقي بتن كن 3 كاره ايوك IVEK كد K 7426,7111216215157,6299000,7000000
115836444,دريل برقي بتن كن 3 كاره ATPRO كد 123-NR3,,6750000,
115836443,دريل بكس شارژي آروا كد 5895,,8998000,9733500
115836442,اره عمودبر توسن كد 5093J,,5220000,5666800
115836441,سنگ فرز DWT كد WS24-180TN,1403087101612,6758000,7000000
115836440,سنگ فرز ميني توسن كد 3119A,4686381385439,4730000,5311400
115836439,سنگ فرز ميني ايوك IVEK كد 7111,1236306277542,4190000,
115836438,سنگ فرز ميني ايوك IVEK كد 7112,8206820432065,3799000,4000000
115836437,سنگ فرز ميني ايوك  IVEK كد 7110,7666523247433,2690000,3000000
115836436,سنگ فرز توسن كد 3620A,,9020000,9976400
115836435,كاسه توالت مينا مدل آنيل تخت مشكي,,1500000,
115836434,كاسه توالت گاتريا مدل تيتان كوچك المپيك //,,1200000,
115836433,كاسه توالت گلسار مدل مارانتا ريم بسته درجه يك,,2200000,
115836432,كاسه توالت گلسار مدل گلايل ريم بسته درجه يك,,2200000,
115836431,كاسه توالت گلسار مدل نيلوفر 18 ريم باز درجه يك,,1700000,
115836430,توالت فرنگي گاتريا مدل گاتريا,,6570000,
115836429,توالت فرنگي گاتريا مدل آيسو درجه يك,,10000000,
115836428,توالت فرنگي گاتريا مدل ساترون مشكي براق درجه يك,,9629000,
115836427,توالت فرنگي گلسار مدل دايموند درجه يك,,10000000,
115836426,توالت فرنگي گلسار,,4672000,
115836425,توالت فرنگي گلسار مدل پلاتوس آكس 25,,10081200,
115836424,توالت فرنگي گلسار مدل الگانت درجه يك,,9254100,
115836423,سينك گرانيتي DEF كد 1604 مشكي مرمر طلايي دو لگن سايز 116.5*52.5,,9100000,9735600
115836422,سينك گرانيتي DEF كد 1603 سفيد پلاس دو لگن سايز 116.5*52.5,,9100000,10395900
115836421,سينك گرانيتي DEF كد 1601 سفيد مرمر نقره اي دو لگن سايز 116.5*52.5,,9000000,10171200
115836420,سينك گرانيتي DEF كد 1001 سفيد شني تك لگن سايز 98*49.5,,7900000,8394600
115836419,سينك گرانيتي DEF كد 8003 مشكي مرمر طلايي تك لگن سايز 80*49.5,,7800000,8444000
115836418,هود مخفي درخشان مدل هيدن تاچ مشكي سايز 70 سانت,,5923000,
115836417,هود مورب درخشان مدل توربو پارالل طلايي سايز 90 سانت,,9240000,
115836416,اجاق گاز 5 شعله درخشان مدل G641 سايز 88*52,6306280222281,12372000,13000000
115836415,فر توكار اخوان مدل F42-PRO برقي مشكي,5575774628040,31490000,36080200
115836413,فر توكار اخوان مدل F-20 برقي مشكي,7335715360143,28870000,32257600
115836412,سينك باكس اخوان 2 لگنه مدل 334 توكار 50*75/5,0123866441548,17502300,18842700
115836411,سينك باكس اخوان 2 لگنه مدل 500Sتوكار لگن راست 50*120,7583448585474,8598100,9297500
115836410,سينك باكس اخوان 2 لگنه مدل 500Sتوكار لگن چپ 50*120,1078088362838,8598100,9341500
115836409,سينك فانتزي اخوان 2 لگنه مدل 161sp توكار لگن راست 50*120,5446277030169,4751800,5238000
115836408,سينك باكس اخوان 1.5 لگنه مدل 310 توكار لگن راست 50*100,3065634803622,11024700,11939500
115836407,سينك باكس اخوان 1.5 لگنه مدل 310 توكار لگن چپ 50*100,7357088187653,11024700,11914800
115836406,سينك فانتزي اخوان 2 لگنه مدل 147 توكار لگن راست 50*120,7762745860709,7932800,8449100
115836405,سينك فانتزي اخوان 2 لگنه مدل 147 توكار لگن چپ 50*120,3173587770301,7932800,9032000
115836404,سينك فانتزي اخوان 2 لگنه مدل 160 توكار لگن راست 50*120,7660537452470,7642100,8333200
115836403,سينك فانتزي اخوان 2 لگنه مدل 160 توكار لگن چپ 50*120,3808225468769,7642100,8653100
115836402,هود مورب اخوان مدل H89-WS سايز 90 سانت,5173107831435,9691400,10768600
115836401,هود مخفي اخوان مدل H64-T سايز 70 سانت (H 204),5865474081550,7307600,7896800
115836400,اجاق گاز 2 شعله اخوان مدل G26 روميزي استيل قطعات ايتاليايي,4065048430765,8265900,8728100
115836399,اجاق گاز 5 شعله اخوان مدل V-14 روميزي شيشه اي,7377750760809,21493000,23926700
115836398,اجاق گاز 5 شعله اخوان مدل V-22 ونوس روميزي استيل,2248040485335,19032300,22432300
115836397,اجاق گاز 5 شعله اخوان مدل G14 روميزي شيشه و استيل,3357436117404,21383800,24370900
115836396,اجاق گاز 5 شعله اخوان مدل G35S روميزي شيشه اي شعله راست قطعات ايتاليايي,7322075121088,20251400,23624700
115836395,اجاق گاز 5 شعله اخوان مدل GI142 روميزي شيشه اي,1660106166742,13807500,15468000
115836394,اجاق گاز 4 شعله اخوان مدل GI15 روميزي استيل قطعات ايراني,7848781381573,11639800,12606600
115836393,اجاق گاز 2 شعله اخوان مدل GI23 روميزي شيشه اي,7073828040049,8007500,9308100
115836392,اجاق گاز 5 شعله اخوان مدل GI135 روميزي استيل,1347705211355,14601700,16689400
115836391,اجاق گاز 5 شعله اخوان مدل GI13S روميزي استيل شعله راست,8335130352548,14072000,15335100
115836390,اجاق گاز 5 شعله اخوان مدل GI35 روميزي شيشه اي,2555031573033,13490300,15121200
115836389,اجاق گاز 4 شعله اخوان مدل Z8 روميزي شيشه اي,3672065455087,10398400,11567400
115836388,اجاق گاز 5 شعله اخوان مدل Z6 روميزي شيشه اي,0438071765762,12015900,13637500
115836387,اجاق گاز 5 شعله اخوان مدل Z5 روميزي شيشه اي شعله راست,1235144226002,12015900,13222500
115836386,دكمه فلاش تانك شودر نيس كروم,5831202815445,14630000,16000000
115836385,دكمه فلاش تانك شودر نيس مشكي كروم,8261473260113,1485000,1600000
115836384,دكمه فلاش تانك شودر نيس مشكي طلا,3532012132761,1683000,1800000
115836383,دكمه فلاش تانك شودر نيس طلا,4741008771436,1925000,2000000
115836382,دكمه فلاش تانك شودر نيس شيري كروم,3114210036425,1485000,1500000
115836377,شير ظرفشويي دوكاره شودر آتلانتيك كروم,1544708462610,11300000,13000000
115836372,شير ظرفشويي فنري شودر مدل شارپ كروم,3312574785175,7100000,7900000
115836371,شير ظرفشويي شاوري شودر مارينو كروم مات,7488582226545,10300000,11000000
115836370,شير ظرفشويي شاوري شودر مارينو شيري طلا,1631336536322,10500000,11000000
115836369,شير ظرفشويي شاوري شودر ايتن طلا مات,2566166480479,13750000,15000000
115836368,شير ظرفشويي شاوري شودر ايتن مشكي كرم,5117505207713,12950000,15000000
115836367,مغزي روشويي شودر C,1758567184037,5430000,6000000
115836366,مغزي توالت شودر B,1776335868781,4950000,5000000
115836365,مغزي دوش شودر A,0640438718582,5970000,6500000
115836364,شير ظرفشويي شودر اروپا كروم,0071461400647,10150000,10200000
115836363,شير روشويي ثابت شودر اروپا كروم,8487040008531,7950000,8500000
115836362,شير دوش شودر اروپا كروم,2404215556570,10930000,12000000
115836361,شير توالت شودر اروپا كروم,5570735138538,8632000,8800000
115836360,شير ظرفشويي شودر كلاسيك طلا,4751206866308,5100000,5500000
115836359,شير روشويي ثابت شودر كلاسيك طلا,6817741035284,4550000,5000000
115836358,شير دوش شودر كلاسيك طلا,0065774505472,5100000,5500000
115836357,شير توالت شودر كلاسيك طلا,6256482487752,2847000,3000000
115836356,فلاش تانك توكار فرنگي شودر جنوا,5667368255463,5070000,6000000
115836355,شير روشويي دوتيكه توكار شودر زيگموند طلا مات,7646371837000,7810000,8500000
115836354,شير توالت توكار شودر زيگموند طلا مات,3148787530284,8270000,9000000
115836353,شير روشويي دو تيكه توكار شودر روگن مشكي كرم,8613058570887,6410000,7000000
115836352,شير دوش توكار شودر روگن مشكي كرم تيپ 4,8017235580469,194300000,20000000
115836351,شير روشويي توكار شودر رومر كرم مات,0288351812460,7610000,8500000
115836350,شير توالت توكار شودر رومر كرم مات,3678731302662,6990000,7500000
115836349,شير دوش توكار شودر رومر كرم مات تيپ4,7747886626308,18530000,20000000
115836348,شير روشويي توكار شودر رومر كرم,1256765675079,7100000,8000000
115836347,شير توالت توكار شودر رومر كرم,7110700868428,7650000,8000000
115836346,شير دوش توكار شودر رومر كرم تيپ4,3741682314104,17000000,18000000
115836345,علم يونيكا شودر دلتا مشكي كرم,8746813243242,8000000,9200000
115836344,علم يونيكا شودر دلتا شيري طلا,5624182814429,8639000,9000000
115836343,علم يونيكا شودر آلما مشكي طلا,0551538253029,10630000,12000000
115836342,علم يونيكا شودر آلما شيري كرم,4777757873084,10430000,11000000
115836341,علم يونيكا شودر آركا كرم,4555677833551,2850000,3000000
115836340,شير ظرفشويي شودر بيزانس كروم مات,6151308818461,9970000,11000000
115836339,شير روشويي ثابت شودر بيزانس كروم مات,3571142817254,8850000,9500000
115836338,شير دوش شودر بيزانس كروم مات,1802218473718,11950000,13000000
115836337,شير توالت شودر بيزانس كروم مات,8115722078557,10100000,11000000
115836336,شير دوش شودر لرد كروم,6071577626058,5690000,6500000
115836335,شير ظرفشويي شودر يونيك كروم مات,3041510381545,10800000,12100000
115836334,شير روشويي ثابت شودر يونيك كروم مات,4882715500831,8800000,9500000
115836333,شير دوش شودر يونيك كروم مات,4282585755438,9310000,10000000
115836332,شير توالت شودر يونيك كروم مات,1787300613428,7850000,8500000
115836330,شير ظرفشويي شودر مارينو كروم,1108136607519,7000000,7600000
115836329,شير روشويي ثابت شودر مارينو كروم,5853177201337,5550000,6000000
115836328,شير دوش شودر مارينو كروم,2177351168081,7510000,8000000
115836327,شير توالت شودر مارينو كروم,0486626282110,6100000,7000000
115836326,شير ظرفشويي ثابت شودر تيفاني شيري كروم,2370065248579,8310000,9000000
115836325,شير روشويي ثابت شودر تيفاني شيري كروم,8361750077059,7530000,8000000
115836324,شير دوش شودر تيفاني شيري كروم,1182870802454,8530000,9000000
115836323,شير توالت شودر تيفاني شيري كروم,0732664163257,6000000,7000000
115836322,شير ظرفشويي شودر لوكا طلا مات,7585122438670,5700000,6000000
115836321,شير روشويي ثابت شودر لوكا طلا مات,5541176627608,4630000,4900000
115836320,شير دوش شودر لوكا طلا مات,1430258070576,6100000,7000000
115836319,شير توالت شودر لوكا طلا مات,6177141302424,4530000,5000000
115836318,شير ظرفشويي شودر اسمارت شيري كروم,0020752411152,7100000,8000000
115836317,شير روشويي ثابت شودر اسمارت شيري كروم,6585007612356,6300000,7000000
115836315,شير دوش شودر اسمارت شيري كروم,3158615287464,6550000,7000000
115836314,شير توالت شودر اسمارت شيري كروم,,5100000,
115836312,شير روشويي ثابت شودر راموند كروم,8338788534632,4830000,5000000
115836311,شير دوش شودر راموند كروم,4403113538785,6010000,6500000
115836310,شير توالت شودر راموند كروم,5668528771267,6000000,6800000
115836309,شير روشويي ثابت شودر تاين كروم,1084030580342,6050000,6500000
115836308,شير دوش شودر تاين كروم,2358683465677,7910000,9000000
115836307,شير توالت شودر تاين كروم,0387815202813,6010000,7000000
115836306,شير روشويي ثابت شودر باواريا كروم,7634620544700,5210000,5500000
115836305,شير دوش شودر باواريا كروم,0744576302785,7070000,8000000
115836304,شير توالت شودر باواريا كروم,1846534448548,5185002,6000000
115836301,شير روشويي ثابت شودر يونيك پلاس شيري طلا,7340242780173,7510000,8000000
115836287,شير دوش شودر يونيك پلاس شيري طلا,3316872862019,9810000,11000000
115836286,شير توالت شودر يونيك پلاس شيري طلا,0221527080638,8150000,9000000
115836285,شير روشويي ثابت شودر يونيك مشكي كروم,6015707252229,7210000,8000000
115836284,شير دوش شودر يونيك مشكي كروم,4483131352532,9310000,10000000
115836283,شير توالت شودر يونيك مشكي كروم,1068430578031,7850000,8500000
115836282,شير روشويي ثابت شودر يونيك كروم,4465724422334,6100000,7000000
115836281,شير دوش شودر يونيك كروم,4661208301618,8100000,9000000
115836280,شير توالت شودر مدل يونيك كروم,1417184446552,7200000,8000000
115836279,شير روشويي ثابت شودر اطلس تو پلاس كرم,7151667531178,2950000,4000000
115836278,شير دوش شودر اطلس تو پلاس كروم,5542154388252,3300000,4000000
115836277,اسپري چسب واکو,6512578242064,75000,90000
115836274,اسپري رنگ مسي,6053674126174,140000,150000
115836273,سنگ انگشتي الماسه تمام گرد,0072288671470,28000,30000
115836272,آچار لوله گير (شلاقي) لايت سايز 48,6426437858689,26870000,27000000
115836271,سنگ انگشتي الماسه هرمي سر تخت,,28000,
115836270,سنگ انگشتي الماسه گرد بزرگ,7185411528701,28000,30000
115836269,سنگ انگشتي الماسه استوانه بزرگ,4187100665073,20000,23000
115836268,آچار لوله گير (شلاقي) لايت سايز 36,3030834704130,16400000,17000000
115836267,سنگ انگشتي الماسه استوانه كوچك,4822881235823,20000,22000
115836266,سنگ انگشتي الماسه هرمي,2537700628121,28000,30000
115836265,سنگ انگشتي الماسه گرد تخت,3217365574139,28000,30002
115836264,جعبه ابزار MANO سايز 18,0302015732649,450000,580000
115836263,جعبه ابزار MANO سايز 21,1373248637130,550000,600000
115836262,سنگ انگشتي الماسه گرد كوچك,4714067611852,20000,22000
115836261,كيف ابزار لايت مدل lb 3012,8637750842547,480000,550000
115836260,كيف ابزار لايت ماشين الات مدل lb 3212,0283742114024,580000,600000
115836259,كيف ابزار لايت 6جيب مدل lb 2135,0436570687653,618500,650000
115836258,كيف ابزار لايت 30CM مدل lb030,5273778774762,469000,600000
115836257,بكس سايز 32 سفيد 12 پر رانگسي تايوان,2414004272802,320000,350000
115836256,بكس سايز 30 سفيد 12 پر رانگسي تايوان,6885112444164,330000,350002
115836255,دستگاه سراميك بر ايران بر ساده 1متري,5044515006077,1490000,1550000
115836254,بكس سايز 29 سفيد 12 پر رانگسي تايوان,3322536803861,285000,300002
115836253,بكس سايز 28 سفيد 12 پر رانگسي تايوان,0335418776118,260000,300005
115836252,قيچي مفتول بر لايت سايز 30 اينچ 750 mm,4418054876155,4828160,5000000
115836251,Z90 نانو صنعت يك ليتري,0533438056030,280000,300000
115836250,بكس سايز 27 سفيد 12 پر رانگسي تايوان,7116858054454,260000,300002
115836249,قيچي مفتول بر لايت سايز 36 اينچ 900 mm,0242428737513,6430317,6500000
115836248,بكس سايز 26 سفيد 12 پر رانگسي تايوان,7453512876237,270000,300003
115836247,بكس سايز 25 سفيد 12 پر رانگسي تايوان,3766145103477,270000,300002
115836246,بكس سايز 24 سفيد 12 پر رانگسي تايوان,1438766860733,245000,280002
115836245,Z90 البرز شيمي نوين گالن,,370000,
115836244,بكس سايز 23 سفيد 12 پر رانگسي تايوان,,230000,
115836243,قيچي مفتول بر لايت سايز 42 اينچ 1050 mm,,11451792,
115836242,بكس سايز 22 سفيد 12 پر رانگسي تايوان,,230002,
115836241,قلم مو خرم سايز 1,,23000,
115836240,بكس سايز 21 سفيد 12 پر رانگسي تايوان,,200000,
115836239,قلم مو خرم سايز 1/5,,26000,
115836238,بكس سايز 20 سفيد 12 پر رانگسي تايوان,,200000,220000
115836237,رزين سنگ گالن معراج,,740000,
115836236,قلم مو خرم سايز 2,,43000,
115836235,چسب چوب آذر ممتاز گالن 4 كيلويي,,480000,
115836234,بكس سايز 18 سفيد 12 پر رانگسي تايوان,,200000,220001
115836233,روغن اليف رزين گل طلايي گالن,,500000,
115836232,بكس سايز 16 سفيد 12 پر رانگسي تايوان,,200000,220002
115836230,بكس سايز 14 سفيد 12 پر رانگسي تايوان,,160000,200002
115836229,بكس سايز 15 سفيد 12 پر رانگسي تايوان,,180000,200001
115836228,بكس سايز 13 سفيد 12 پر رانگسي تايوان,,160000,200002
115836227,خمير درزگير و بندكشي پارال,,85000,
115836226,بكس سايز 12 سفيد 12 پر رانگسي تايوان,,160000,200003
115836225,بكس سايز 11 سفيد 12 پر رانگسي تايوان,,160000,200003
115836224,بكس سايز 9 سفيد 12 پر رانگسي تايوان,2315736821019,160000,200000
115836223,چسب5cm شيشه اي  MUTA,1081615712013,70000,80000
115836222,بكس سايز 8 سفيد 12 پر رانگسي تايوان,8300882517279,160000,200002
115836221,بكس سايز 32 فشار قوي 6 پر رانگسي تايوان,2238025416362,360000,400001
115836220,چسب 5cm شيشه اي ترك سان,3364747650834,55000,70000
115836219,بكس سايز 30 فشار قوي 6 پر رانگسي تايوان,8042721083810,350000,380000
115836218,بكس سايز 29 فشار قوي 6 پر رانگسي تايوان,2836853275771,340000,360000
115836217,بكس سايز 28 فشار قوي 6 پر رانگسي تايوان,3282183405552,330000,350002
115836216,بكس سايز 27 فشار قوي 6 پر رانگسي تايوان,5562115823462,285000,300002
115836215,اسپري OK co2,5070483287354,80000,100000
115836214,بكس سايز 26 فشار قوي 6 پر رانگسي تايوان,2034617543511,275000,300002
115836213,اسپري چرب OK,3477122882420,85000,90000
115836212,بكس سايز 25 فشار قوي 6 پر رانگسي تايوان,2034617543511,265000,290000
115836211,شاپان قهوه اي تارا گالن,4853637328803,275000,300000
115836210,بكس سايز 24 فشار قوي 6 پر رانگسي تايوان,0161303565037,240000,260000
115836209,بكس سايز 23 فشار قوي 6 پر رانگسي تايوان,2847453572511,240000,265000
115836208,رنگ پاك كن 1 ليتر S-A-S,1764188146545,350000,400000
115836207,بكس سايز 20 فشار قوي 6 پر رانگسي تايوان,7671501211573,219998,245000
115836197,بكس سايز 18 فشار قوي 6 پر رانگسي تايوان,3003524501135,220000,245002
115836190,چسب آكواريوم همه كاره كاسپين شفاف 330,5555114680556,285000,300000
115836189,بكس سايز 16 فشار قوي 6 پر رانگسي تايوان,,180000,220000
115836188,چسب آكواريوم sista ماهي,1011480548189,325000,350000
115836187,بكس سايز 15 فشار قوي 6 پر رانگسي تايوان,5414534015143,180000,220000
115836186,بكس سايز 13 فشار قوي 6 پر رانگسي تايوان,2228885461145,190000,210000
115836185,بكس سايز 12 فشار قوي 6 پر رانگسي تايوان,8066642280837,190002,220000
115836184,بكس سايز 11 فشار قوي 6 پر رانگسي تايوان,4831457280143,180002,200000
115836183,چسب ماستيك sista,2684332746263,115000,130000
115836182,بكس سايز 9 فشار قوي 6 پر رانگسي تايوان,3615421012012,190000,210000
115836181,تيشه برقي ميكا تلز بدون دسته,3113855048329,260000,275000
115836179,بكس سايز 8 فشار قوي 6 پر رانگسي تايوان,4872407446035,180000,200000
115836178,تبر ميكا تولز 1000 گرمي,8120257174414,300000,350000
115836177,تبر ميكا تولز 800 گرمي,6761351850433,230000,250000
115836176,سيم چين ميكا اصل سايز 8,2358520416800,287000,300000
115836175,آبپاش گردان چمن اتوماتيك ALTUNA كد 142Z,3272270474424,500000,600000
115836174,آبپاش سر شيلنگي ALTUNA کد 145z,0310656375019,500000,600000
115836173,قلم مو خرم سايز 3*12,,160000,170000
115836171,شير روشويي بهروز,7038656765717,950000,1000000
115836170,شير دوش پيشرو ونوس مرجان,5270368326073,1400000,1600000
115836169,شير روشويي پيشرو ونوس مرجان,6443622441662,1000000,1150000
115836168,شير ظرفشويي پيشرو ونوس مرجان,4538376866808,1000000,1100000
115836166,شير ظرفشويي مانديرو نوين,5515027178465,680000,750000
115836165,سيم چين ميكا اصل سايز 6,7830520245840,398000,490000
115836156,انبر دست ميكا اصل سايز 7,7428736361852,360000,400000
115836155,شير روشويي مانديرو نوين,0010511733731,680000,75000
115836154,شير دوش مانديرو نوين,8203174726185,750000,800000
115836153,انبر دست ميكا اصل سايز 8,4161661828566,287000,300000
115836152,صفحه پد پوليش بزرگ,1747771274740,60000,72000
115836151,صفحه پد پوليش متوسط,0083466817801,55000,60000
115836150,شير ظرفشويي شاوري پيشرو بيزانس,6688325534109,11910000,12710000
115836149,لباس بادگير معمولي,8213838516106,370000,400000
115836148,دستكش مهندسي كف چرم,5044708517441,85000,100000
115836147,تلنبه باد درجه اي WINEX,1345534876516,300000,350000
115836146,لباس بادگير خزدار,4440247542424,750000,800000
115836144,متر پارچه اي سفير 30 متر`,1123520882181,500000,600000
115836143,صفحه پد پوليش ميني,0188107202388,45000,50000
115836142,دستكش بنايي تكنسين M,6347338286114,100000,115000
115836141,دستكش بنايي تكنسين XL,5118162014638,100000,115000
115836140,دستكش بنايي تكنسين L,6815651502711,100000,115000
115836139,كلمن صندوقي سراب 20ليتري,5068306355717,450000,500000
115836138,سنباده رولي كوتكس P80,,45000,
115836137,چكش لاستيكي HORSE دسته لاستيكي,3403026751418,120000,130000
115836136,تلمبه نفتكش پلاسيكي كوچك,7214535083749,50000,60000
115836135,اره چوب دسته مشكي 35 سانت معمار كار,3650241677133,135000,150000
115836134,فنر لوله باز كن 15 متر,3637271802773,290000,300000
115836133,اره چوب سامورايي ساطوري معمار كار,2881670274179,325000,350000
115836132,دسته غلطك 1/20 متري,7210355252457,160000,180000
115836131,دسته غلطك 3 متر اتحاد,7007305335519,210000,230000
115836130,دسته غلطك 1/5 متر اتحاد,0784762673572,165000,
115836129,دسته آهني 2 متر اتحاد,0885061467586,120000,140000
115836128,دسته غلطك 3 متر كد 2300,5372004582017,230000,250000
115836127,دسته فلزي تي نخي,0226253745073,80000,100000
115836126,توري پشه فلزي,6081540048589,120000,140000
115836125,برزنت دريچه كانال كولر,5746143262329,100000,115000
115836124,دستكش ایمنی ضد برش A-S-P,4432316170089,35000,40000
115836123,چاه بست,7404746635787,35000,40000
115836122,قلم مو پلاستيك خرم سايز 3*12,6507480815253,160000,180000
115836121,قلم مو پلاستيك دلفين سايز 4*14,4445212022413,185000,200000
115836120,قلم مو سايز 3,5332510245318,95000,110000
115836115,قلم مو خرم سايز 4,,50000,65000
115836114,قلم مو خرم سايز 1/5,,26000,
115836113,قلم مو خرم سايز 1,,20000,
115836112,قلم مو خرم سايز 2/5,,36000,
115836111,پايه كابينت طرح استيل 6 سانت,,5500,
115836110,قفل پدال,7086710386255,100000,115000
115836109,چسب 5cm قهوه اي جانسون,2082527026051,50000,60000
115836108,چسب اورجينال غفاري مدل مزدا كوچك,7477648663363,55000,60000
115836107,چسب گفر 5cm برزنتي MATISA طوسي,8458320505620,125000,150000
115836106,چسب 2cm كاغذي ترك سان پر يارد,6376155155587,40000,50000
115836105,تي نخي فانتزي زرد تاج 50 سانت,2215182440126,350000,400000
115836104,تي نخي فانتزي زرد تاج 40 سانت,7321584027867,200000,230000
115836103,تي نخي فانتزي زرد تاج 60 سانت با دسته,5245031854528,380000,400000
115836102,جارو كارواش سوپرمهتا,2625048125669,140000,150000
115836101,دينام كولر موتوژن مدل1/3HP,0366764277134,3000000,3500000
115836100,دينام كولر موتوژن مدل1/2HP,6424338168456,2185000,2300000
115836099,اره چوب بري دستي منزه 35 سانت,1632723558323,70000,85000
115836098,اره چوب بري دستي منزه 30 سانت,4542717765439,65000,80000
115836097,رگلاتور گاز نيمه قوي بوتان پارس,,125000,
115836096,آبپاش تفنگي 8 حالته M.R.T,8673842442103,65000,80000
115836095,پمپ لجنكش 15 متري 2 اينج STAR SET مدل V1100F,,7600000,
115836094,تيغ اره عمود بر آهن لايت كد T118,,684000,
115836093,تيغ اره عمود بر ام دي اف لايت كد T101,,63000,
115836092,پمپ لجنكش 9.5 متري 2 اينج تمام استيل ابارا مدل 50 SSA50-17/0.75M SF,8601367308314,12000000,14000000
115836091,تيغ اره عمود بر چوب لايت كد T144,7610281142813,70000,80000
115836090,نوك پيچ گوشتي كوتاه لايت دوسر چهارسو,8841686722020,130000,150000
115836089,پمپ لجنكش 13 متري 2 اينج بدنه استيل ابارا مدل SSJ50-13/0.75M F,0466883034363,7640000,8000000
115836088,پمپ استخري 2 اسب DROP مدل FCP1500,2321824238638,14500000,15500000
115836087,نوك پيچ گوشتي بلند لايت دوسر چهارسو,6272383502042,170000,200000
115836086,پمپ استخري 1.5 اسب DROP مدل FCP1100,6246201380372,12000000,14000000
115836085,منبع تحت فشار300 ليتريWATESبا مانومتر,5734804621509,28000000,30000000
115836084,نوك پيچ گوشتي كوتاه لايت ژاپن يكسر چهارسو,8745270124774,140000,150000
115836083,منبع تحت فشار 200 ليتري امرا با مانومتر,7441435772514,17250000,19000000
115836079,سنباده پوستاب سايز 3000,2711585061574,23000,25000
115836078,سنباده پوستاب سايز 2500,1266121108363,25000,30000
115836077,سنباده پوستاب سايز 2000,1826310763454,25000,30000
115836076,سنباده پوستاب سايز 1500,1142126006500,23000,25000
115836075,سنباده پوستاب سايز 1200,8302881406387,23000,27000
115836074,سنباده پوستاب سايز 800,7507804314423,25000,30000
115836073,سنباده پوستاب سايز 600,5757611064741,23000,25000
115836072,سنباده پوستاب سايز 400,2246580287327,25000,30000
115836070,سنباده پوستاب سايز 360,6362520425829,23000,25000
115836069,سنباده پوستاب سايز 280,4477060524474,25000,30000
115836068,سنباده پوستاب سايز 240,1381163341513,23000,28000
115836067,سنباده پوستاب سايز 220,2471657208237,25000,28000
115836066,سنباده پوستاب سايز 180,3007000456247,25000,30000
115836065,سنباده پوستاب سايز 150,0756247362219,23000,28000
115836064,سنباده پوستاب سايز 100,2078138081572,25000,30000
115836063,سنباده پوستاب سايز 80,0654800378557,25000,30000
115836062,سنباده پوستاب سايز 60,7287815657534,25000,30000
115836061,صفحه فلاپ سنباده ميني  دوريس سايز 60,3358357178529,45000,50000
115836059,پمپ 2 اسب دو پروانه 58 متري  2CP25/160H,,9000000,
115836057,پمپ 1 اسب محيطي 70 متري SENKOUN QB80,,3400000,
115836056,فلاپ سنباده ميني  دوريس سايز 80,,45000,
115836055,پارو برف روبي طرح ترك,6608057163682,165000,200000
115836054,پمپ 1 اسب جتي 50 متري SENKOUN JET100L,,4750000,
115836053,پمپ 1 اسب بشقابي 32 متري SENKOUN CPM158,,4280000,
115836052,جارو آسفالتي 50 سانتي,,140000,
115836051,پمپ 0.5 اسب محيطي 40 متري SENKOUN QB60,,2200000,
115836050,پمپ 0.5 اسب بشقابي 20 متري SENKOUN CPM130,,3470000,
115836049,عايق رطوبتي پايه آب سما حلب,1513382417162,800000,900000
115836048,جوهر رنگ صورتي زرفام,,120000,
115836047,پمپ شناور 3 اسب 221 متري 2 اينج SENKOUN مدل 100QJD324,,13000000,
115836046,پمپ شناور 2 اسب 141 متري 1 اينج SENKOUN مدل 4SVM200,,10700000,
115836045,نوك پيچ گوشتي بلند لايت يكسر چهارسو,,170000,
115836042,پمپ شناور 1/5 اسب 103 متري 1/4 اينج SENKOUN مدل 100SKD314,1450832322525,10400000,
115836041,پمپ شناور 1 اسب 98 متري 1/2 اينج SENKOUN مدل 100QJD210,2276118207367,8000000,9000000
115836040,پمپ شناور 1 اسب 53 متري 1 اينج SENKOUN مدل 4SVM100,6583037428800,7200000,9000000
115836039,پمپ 5.5 اسب عمودي طبقاتي 104 متري سه فاز شيمجه مدل BL8-10,0750004524605,88000000,100000000
115836038,قفل فرمان,3762683160330,880000,1000000
115836037,پمپ 4 اسب عمودي طبقاتي 83 متري سه فاز شيمجه مدل BL8-8,4537322066484,67500000,70000000
115836036,آچار يكسر تخت رينگي رانگسي سايز 8,8181486336264,56000,
115836035,آچار يكسر تخت رينگي رانگسي سايز 13,8673437251578,95000,100000
115836034,آچار يكسر تخت رينگي رانگسي سايز 14,2203338671081,100000,120000
115836033,آچار يكسر تخت رينگي رانگسي سايز 9,0718075825816,60000,80000
115836032,آچار يكسر تخت رينگي رانگسي سايز 10,2077115226173,95000,110000
115836031,آچار يكسر تخت رينگي رانگسي سايز 12,5507447246183,85000,100000
115836030,آچار يكسر تخت رينگي رانگسي سايز 15,4084815635417,100000,115000
115836029,آچار يكسر تخت رينگي رانگسي سايز 16,3138847582513,135000,150000
115836028,آچار يكسر تخت رينگي رانگسي سايز 19,2011132116086,190000,23000
115836026,آچار يكسر تخت رينگي رانگسي سايز 18,4134446188667,180000,200000
115836025,آچار يكسر تخت رينگي رانگسي سايز 21,2718731337767,180000,200000
115836024,آچار يكسر تخت رينگي رانگسي سايز 20,1284524563077,125000,150000
115836012,آچار يكسر تخت رينگي رانگسي سايز 32,2503582576355,420000,500000
115836007,آچار يكسر تخت رينگي رانگسي سايز 26,4546110762248,265000,300000
115836006,آچار يكسر تخت رينگي رانگسي سايز 22,2384753632731,210000,
115836005,تصفيه آبAQUAJOYمدل اليت(طرح لوتوس),1254715302150,7500000,9000000
115836004,آچار يكسر تخت رينگي رانگسي سايز 23,6847503638781,220000,250000
115836003,آچار يكسر تخت رينگي رانگسي سايز 27,5107742480024,275000,300000
115836002,ست كنترل FARMO مدل PS 05.1,3756160301873,900000,1000000
115836001,آچار يكسر تخت رينگي رانگسي سايز 28,3105572830424,315000,350000
115836000,دم باريك توسن سايز 6  T5012 سري D,3651747576852,536500,586800
115835999,ست كنترل FARMO مدل FPS 2/1,7133128503153,2000000,2150000
115835998,دم باريك توسن سايز 8  T5012 سري d,,536500,613200
115835982,ست كنترل FARMO مدل FPC 7,7854564307883,1500000,1800000
115835981,صفحه سنگ بري ATPROسايز 230,3531346735730,65000,80000
115835980,متر پارچه اي سان مكس 20 متر,2634200803338,450000,600000
115835979,ست كنترل ابارا مدل PRESSCOMFORT رله كنترل RINA ساخت ايتاليا (16آمپر),2872175635732,1600000,1800000
115835978,پمپ كفكش 7 متري 3 اينچ ابارا مدل SDA80-48/101M,1362651815136,11000000,12000000
115835977,متر پارچه اي سان مكس 10 متر,7420330311622,250000,300000
115835976,كمپرسور باد فندكي ميني ساليس,5140162578551,650000,750000
115835975,پمپ كفكش 20 متري 2 اينچ  ابارا مدل SDA50-10/0.75M,6007485718004,8100000,9000000
115835974,پمپ كفكش 34 متري 1 اينچ  ابارا مدل SDA25-3.5/0.75M,7034074812545,8396000,9000000
115835973,پمپ كفكش 26 متري 1 اينچ  ابارا مدل SDA25-2.5/0.55M,,5850000,
115835972,پمپ كفكش 20 متري 2 اينچ بدنه چدن ابارا مدل SDJ50-10/0.75M,7013588725879,8800000,10000000
115835971,پمپ كفكش 9 متري 2 اينچ بدنه چدن ابارا مدل SDJ50-15/0.55M,,9800000,
115835970,پمپ كفكش 26 متري 1 اينچ بدنه چدن ابارا مدل SDJ25-2/0.55M,,6400000,
115835969,جك آرام بند درب ريوبي مدل 2550,5301481588861,6850000,7409000
115835968,ترازو گرم كش ديجيتال 2000 گرم,6687183820645,690000,890000
115835967,ترازو گرم كش ديجيتال 500 گرم,7755714280363,690000,980000
115835966,منبع تحت فشار 60 ليتري DAFINO با مانومتر,2841034686468,3250000,3500000
115835965,منبع تحت فشار 24 ليتري DAFINO,8366361663226,1200000,1500000
115835964,منبع تحت فشار 100 ليتري امرا با مانومتر,8113253047202,7300000,8500000
115835963,منبع تحت فشار 60 ليتري امرا با مانومتر,1612575324277,5180000,6000000
115835962,پيچ گوشتي دوكاره چيني كوتاه,7426275356285,48000,60000
115835960,منبع تحت فشار 50 ليتري امرا با مانومتر,7426275356285,2750000,3000000
115835959,پيچ گوشتي دوكاره چيني بلند,7714044362866,70000,800000
115835958,آبپاش فشنگي ALTUNA كد 131Z,1221203008405,400000,450000
115835957,پيچ گوشتي مچي لايت دو سو كد LY-838,6200236811607,650000,700000
115835956,پيچ گوشتي لايت دو سو 167-4S,2611733758083,230000,250000
115835955,پيچ گوشتي لايت چهار سو 162-5P,4364053537286,200000,250000
115835953,پمپ 15 اسب دو پروانه 118 متري ابارا مدل CDA1500/00 T LOCAL,3066881500821,78890000,80000000
115835952,پيچ گوشتي لايت دو سو 162-5S,8711550556221,200000,240000
115835951,پيچ گوشتي لايت دو سو 166-6S,3018240258416,325000,350000
115835950,پيچ گوشتي لايت دو سو 167-6S,2662687175846,330000,350000
115835949,پيچ گوشتي لايت دو سو 167-5S,7641344503425,280000,300000
115835948,پيچ گوشتي لايت چهار سو 167-5P,1780274287510,248000,250000
115835947,درجه باد TURBO مدل ORIGINAL ديجيتال,3542758040121,1350000,1500000
115835945,پمپ 7.5 اسب دو پروانه 85 متري ابارا مدل CDA7/50 T LOCAL,8057335213058,53820000,55000000
115835944,پمپ 5.5 اسب دو پروانه 77 متري ابارا مدل CDA5/50 T LOCAL,6068737482470,45000000,50000000
115835943,سيم چين واستر سايز 7,4282510382609,4600000,500000
115835942,دم باريك واستر سايز 8,5416460374363,550000,600000
115835941,دم باريك واستر سايز 6,5458586726527,495000,500000
115835940,انبر قفلي زنجيري لايت سايز 10 اينچ كد LSM 250,0517042730074,2200000,2500000
115835939,پيچ گوشتي كريستالي 300*5 دو سو توسن,8850555387840,205000,216700
115835938,پمپ 4 اسب دو پروانه 67 متري ابارا مدل CDA4/00 T LOCAL,2235280001302,42260000,45000000
115835937,پيچ گوشتي كريستالي 300*5 چهار سو توسن,2046453561611,230000,242700
115835936,پمپ 3 اسب دو پروانه 62 متري ابارا مدل CDA3/00 M LOCAL,7575876030879,28710000,30000000
115835935,پيچ گوشتي نووا ضربه خور دو سو 150*6,6133838212339,231000,263200
115835934,پيچ گوشتي نووا ضربه خور چهار سو 150*6,0851601505827,231000,269400
115835933,پمپ 2 اسب دو پروانه سه فاز  61 متري ابارا مدل CDA2/00 T LOCAL,3324631542751,22420000,25000000
115835932,پيچ گوشتي نووا دو سو 100*6,0483368103826,180000,201200
115835931,پمپ 2 اسب دو پروانه 62 متري ابارا مدل CDA2/00 M LOCAL,7776170815524,24560000,26000000
115835930,پيچ گوشتي نووا چهار سو 100*6,3346506446674,180000,202700
115835929,لوله بر لايت كد LT105,2504055324732,2300000,2500000
115835928,لوله بر لايت كد LT150,5318512477889,4180000,4300000
115835927,لوله بر لايت كد LT107,2264245537174,3640000,3800000
115835925,پمپ 1 اسب جتي 50 متري ابارا مدل AGA1/00M PREMIUM LOCAL,4243622262326,8480000,8600000
115835924,انبر دست واستر سايز 8,4086551547450,380000,400000
115835923,انبر قفلي لايت سايز 10 اينچ كدLG-250,4667607011271,1900000,2100000
115835922,سنگ انگشتي ولكس ست,7520077745008,80000,90000
115835921,آچار يكسر تخت رينگي سان تولز سايز 10,8242383765271,65000,80000
115835920,آچار يكسر تخت رينگي آيرون مكس سايز 26,4010123482443,290000,320000
115835919,پمپ 1 اسب جتي 50 متري ابارا مدل AGA1/00M ECONOMI LOCAL,,4450000,
115835918,پمپ 1 اسب جتي 35 متري ابارا مدل AGA1/00M ECONOMY,,7100000,
115835916,آچار يكسر تخت رينگي آيرون مكس سايز 27,4220356167431,320000,350000
115835915,قيچي باغباني تايوان آبي,0458034274711,350000,400000
115835914,پمپ 1 اسب بشقابي 35 متري ابارا مدل CMA1/00 M L ECONOMI,2506633701553,7540000,7700000
115835913,چسب آكواريم borcut بي رنگ,6568132114322,88000,100000
115835912,چسب كاسپين همه كاره تيوب 50 ميلي,3050822686453,25000,30000
115835911,چسب پي وی سي كاسپين تيوب,3274228002000,42000,45000
115835909,چسب بتن اكتيو دبه,2507401610817,560000,600000
115835908,چسب كاشي اكتيو دبه,7612448787738,285000,300000
115835907,پمپ نیم اسب محيطي 40 متري ابارا مدل PRA 0/5 M,8720311045720,4960000,5000000
115835906,رنگ اكريليك مخصوص نما حرير حلب,,1470000,
115835905,رنگ روغني سفيد نيم براق معراج حلب,8166065172136,3630000,3700000
115835904,رنگ اكريليك سفيد نيم براق معراج كيلو,3877501421118,233000,250000
115835903,بتونه اكريليك همه كاره سما كيلو,6113445040808,43000,50000
115835902,رنگ نيم پلاستيك سفيد معراج كيلو,2703804374268,83000,100000
115835901,رنگ روغني قهوه اي روشن ربي,,55000,
115835900,رنگ روغني سفيد براق ربي,1246466111518,75000,89999
115835899,رنگ روغني گل ماش ربي,2181431062800,75000,85000
115835898,رنگ روغني كرم روشن ربي,8666618465147,75000,80000
115835897,رنگ روغني آبي نيساني ربي,8872221746249,75000,80000
115835896,رنگ روغني قهوه اي سوخته ربي,,75000,
115835895,رنگ روغني نارنجي ربي,8342748382577,75000,90000
115835894,رنگ روغني كرم روشن ربي,8666618465147,75000,85000
115835893,شاپان مشكي رزين گل كيلو,7386417364113,45000,55000
115835892,شاپان قهوه اي رزين گل كيلو,8687556164862,45000,50000
115835891,رنگ اكريليك قرمز كلرا كيلو,6231332500041,180000,200000
115835890,رنگ نيم پلاستيك قهوه اي پارس بهار كيلو,8127168637380,150000,180000
115835889,رنگ روغني سفيد براق اورانوس گالن كد 100,,650000,
115835888,رنگ روغني سفيد مات اورانوس گالن كد 400,7306636172870,650000,700000
115835887,رنگ روغني سفيد نيم براق افشار گالن كد 6010,,670000,
115835886,ضد زنگ اخرايي افشار گالن كد 520,8770022272809,425000,476100
115835884,رنگ روغني قهوه اي سوخته افشار گالن كد 930,,690000,
115835883,مادر رنگ گل ماش پارسيفام ربي,7611465132811,72000,90000
115835882,مادر رنگ مشكي پارسيفام ربي,8060842655624,72000,90000
115835881,رنگ روغني سفيد نيم مات سحر گالن 760,,725000,
115835880,رنگ اكريليك طلايي تيره كارن ربي,,75000,
115835879,رنگ اكريليك سفيد صدفي كارن ربي,8252277028689,80000,96000
115835878,رنگ روغني سفيد مات سحر گالن كد 711,5782162224061,1008000,1100000
115835877,رنگ اكريليك سرمه اي كارن ربي,2332011562801,72000,85000
115835876,رنگ اكريليك طلايي روشن كارن ربي,6068638636132,95000,110000
115835875,رنگ اكريليك قهوه اي كارن ربي,1560351084566,72000,79999
115835874,رنگ اكريليك قرمز كارن ربي,1843825777523,72000,85000
115835873,رنگ اكريليك صدفي نقره اي كارن ربي,5862052871060,80000,
115835872,رنگ روغني آبي نيساني الوان كيلو كد 166,0026118127200,205000,240000
115835871,رنگ اكريليك صدفي مسي كارن ربي,4360102830827,80000,90000
115835870,رنگ روغني گل ماش الوان كيلو كد 131,0670265175128,205000,220000
115835869,رنگ اكريليك سبز كارن ربي,7677023217116,72000,80000
115835868,رنگ اكريليك گل ماش كارن ربي,7223040501204,72000,85000
115835867,رنگ اكريليك مشكي كارن ربي,7230062036652,72000,90000
115835866,رنگ نيم پلاستيك مشكي مات معراج دبه,0385055532509,705000,720000
115835865,رنگ روغني سفيد نيم براق افشار حلب كد 6010,2663076600055,4040000,4659200
115835864,رنگ روغني آبي اورانوس كيلو كد 450,5445184077212,205000,220000
115835863,رنگ اكريليك سفيد حرير مخصوص نما دبه,1206136728552,1450000,1600000
115835862,رنگ اكريليك سفيد براق افشار دبه كد 701,6437373672574,2020000,2187500
115835861,رنگ روغني سرمه اي اورانوس كيلو كد 490,6437373672574,2020000,2200000
115835860,رنگ اكريليك سفيد نيم براق افشار دبه كد 702,,1500000,
115835859,رنگ روغني قهوه اي اورانوس كيلو كد 140,1842077504055,205000,240000
115835858,رنگ روغني سفيد مات اطلس كيلو كد 3000,7710404308840,227000,250000
115835857,رنگ اكريليك استخري استقبال گالن,8267566667661,430000,450000
115835855,رنگ اكريليك سفيد نيم مات افرا دبه كد 777,,440000,
115835854,رنگ روغني قهوه اي اورانوس كيلو كد 120,0512103852061,205000,230000
115835853,رنگ روغني سفيد براق بارك كيلو كد 9010,4224446242152,135000,150000
115835852,رنگ اكريليك فول كاور معراج گالن كد 888,5086357417277,395000,420000
115835851,رنگ روغني زرد پرتغالي اورانوس كيلو كد 240,4368884766389,250000,280000
115835850,مادر رنگ سبز پارسيفام ربي,4755446188145,72000,87000
115835849,رنگ روغني آبي استخري بنصر گالن,2357274665441,480000,500000
115835847,رنگ روغني كرم اورانوس كيلو كد 800,2231542007600,205000,220000
115835846,رنگ روغني آبي نيساني افشار گالن كد 420,8213551103232,940000,1066200
115835845,رنگ روغني كرم روشن اطلس كيلو كد 102,8528358673629,254000,270000
115835844,رنگ روغني زرد پرتغالي اطلس كيلو كد 1000,4536844535157,252000,270000
115835843,رنگ روغني اكليل نقره اي افشار گالن كد 950,6758806824248,1145000,1326900
115835842,رنگ روغني نارنجي اورانوس كيلو كد 210,8151084563461,205000,230000
115835841,رنگ روغني زرد پرتغالي افشار گالن كد 809,8614185811010,1040000,1103500
115835840,رنگ روغني آبي ايرانخودرويي افشار گالن كد 430,7864402387281,1040000,1103300
115835839,رنگ روغني زرد اورانوس كيلو كد 280,0,0,0
115835838,رنگ روغني سفيد براق افشار گالن كد 601,2360520621108,940000,1023900
115835837,رنگ روغني فسفري افشار كيلو كد 851,,205000,
115835835,رنگ روغني جلاي آلكيدي افشار گالن كد 1200,5187003243308,660000,752100
115835834,رنگ روغني زرد ليمويي افشار كيلو كد 810,4534747838542,280000,306400
115835833,رنگ روغني مشكي مات افشار كيلو كد 500,3075634268765,195000,208000
115835832,رنگ روغني سفيد مات افشار گالن كد 600,2286607388224,895000,1053500
115835830,رنگ روغني زرد ليمويي افشار گالن كد 810,3385783314078,1040000,1158800
115835829,رنگ روغني زرد كاتر پيلار افشار گالن كد 808,8335108160151,1040000,1183800
115835828,ضد زنگ طوسي افشار گالن كد 550,2031170035316,450000,478700
115835827,رنگ روغني زرد پرتغالي افشار كيلو كد 809,5507683484103,280000,305700
115835826,رنگ روغني سفيد براق صفاشيمي گالن كد 800,4214587613553,470000,480000
115835825,رنگ روغني طوسي روشن اورانوس كيلو كد 525,6646378752628,205000,220000
115835824,رنگ روغني سفيد مات افشار كيلو كد 600,3115027211401,240000,279500
115835823,رنگ روغني سفيد نيم براق صفاشيمي گالن كد 750,,450000,
115835822,رنگ روغني سفالي افشار كيلو كد 807,2047737358248,250000,279600
115835821,اسپري ضدزنگ اخرايي,0864110622450004,75000,90000
115835819,اسپري رنگ استيل,5041518258670,65000,70000
115835817,اسپري رنگ صورتي,8005454247867,65000,75000
115835816,اسپري رنگ بنفش,3816607660724,65000,70000
115835815,اسپري شيشه مات كن,6355630476546,80000,96000
115835814,اسپري رنگ آبي,5124414186664,65000,80000
115835812,اسپري رنگ نقره اي,7767667777371,90000,108000
115835806,اسپري رنگ قهوه اي,7137140225666,65000,78000
115835804,اسپري رنگ كيلر,0864340622450001,65000,70000
115835803,رنگ روغني گل ماش افشار كيلو كد 580,5812174021348,250000,288200
115835800,رنگ روغني قرمز سير افشار كيلو كد 660,,205000,
115835798,اسپري رنگ نارنجي,3336737411268,65000,75000
115835781,اسپري رنگ سيلور,8670263675639,90000,100000
115835780,اسپري رنگ زرد,2756835211576,65000,70000
115835779,اسپري رنگ كرم,1888485416863,65000,75000
115835778,رنگ اكريليك گل ماش كارن كيلو,5724760668380,150000,180000
115835777,رنگ اكريليك طلايي كارن كيلو,5628018420877,220000,240000
115835775,رنگ اكريليك قهوه اي كارن كيلو,6734437324746,150000,
115835774,رنگ اكريليك سبز كارن كيلو,5254368701023,150000,170000
115835773,رنگ اكريليك زرد كارن كيلو,6530303374811,150000,180000
115835772,رنگ اكريليك سفيد صدفي كارن كيلو,,170000,190000
115835771,رنگ اكريليك زرد كارن ربي,6733351231369,72000,80000
115835770,رنگ روغني زرد كاتر پيلار افشار كيلو كد 808,0380016884352,280000,324300
115835769,رنگ روغني مشكي براق افشار كيلو كد 530,6687318125638,210000,245200
115835768,رنگ روغني كرم استخواني افشار كيلو,4112037040433,250000,263300
115835767,رنگ روغني قهوه اي روشن افشار كيلو كد 915,5635735681306,250000,289300
115835766,رنگ روغني سبز روشن افشار كيلو كد 990,,280000,308000
115835765,رنگ روغني قهوه اي سوخته افشار كيلو كد 930,,250000,279100
115835764,رنگ روغني آبي نيلي افشار كيلو كد 408,3478731262689,280000,318000
115835763,رنگ روغني آبي ايرانخودروي افشار كيلو كد 430,8330672873377,280000,323600
115835762,رنگ روغني آبي نيساني افشار كيلو كد 420,4110026226363,250000,294700
115835761,رنگ روغني مات كننده افشار كيلو كد 020,3502882534651,150000,161900
115835760,رنگ روغني سفيد براق افشار كيلو كد 601,8352185680884,250000,267600
115835759,رنگ روغني سفيد نيم براق افشار كيلو كد 6010,3255714562420,240000,271900
115835758,رنگ روغني كرم سير افشار كيلو كد 750,7203860434876,250000,289000
115835757,رنگ روغني استخواني افشار كيلو كد 740,,250000,285000
115835755,رنگ روغني قهوه اي كيلو الوان كد 136,,205000,
115835754,رنگ روغني طوسي روشن افشار كيلو كد 850,4262576332329,250000,266400
115835753,ضد زنگ طوسي افشار كيلو كد 550,8148825216359,120000,135800
115835752,سنگ فرز اهنگري آروا كد 5502,4186448547737,7500000,8728300
115835750,سنگ فرز سنگبري توسن كد 3062A,8015231486860,10560000,12141200
115835749,سنگ فرز سنگبري آروا كد 5532,8265547863156,6800000,7465800
115835748,سنگ فرز اهنگري آروا كد 5507,5753077315663,8000000,8833600
115835747,سنگ فرز آهنگري ايوك IVEK كد 7120,8158752001218,8999000,10000000
115835745,سنگ فرز اهنگري آروا كد 5506,6356155086340,7300000,8257500
115835744,دريل برقي بتن كن 4 كارهS-T-A  كد 2603,7308262337616,4500000,5800000
115835742,دريل برقي بتن كن 3 كاره SILVER كد RH28,5520456651267,3480000,3700000
115835741,سنگ فرز ميني بدون دم 850 وات توسن كد 3258A,4587330310819,4840000,5390100
115835740,دريل برقي بتن كن 4 كاره S-T-A كد 2811L,,3800000,
115835739,سنگ فرز ميني توسن كد 3260A,,5720000,6591500
115835738,فرز پوليش زن ايوك IVEK كد 7510,1331105115863,7199000,8000000
115835737,فرز پوليش زن نووا كد 3410,0843587877081,6930000,7703800
115835736,فرز انگشتي 250 پارچه SILVER كدT250,3873437372487,3200000,3500000
115835735,سنگ انگشتيSILVER كدDG420,7673174478642,2500000,3000000
115835734,سنگ فرز ميني دم دار توسن كد 3384A,5268334767562,6380000,7475200
115835733,رنده برقي كرون كدCT14019,6153282287806,3740000,4000000
115835732,سنگ فرز ميني ديمردار توسن كد 3110AV,1423453308506,5830000,6161800
115835731,سنگ سنباده روميزي توسن كد4150BG,6376322400076,10780000,12652000
115835730,سنگ فرز اهنگري نووا كد 3311,7467332608053,7478000,8484400
115835729,پيستوله كنيتكس پاش نووا كد 2730,5232838260348,3910000,4492500
115835728,دريل بكس برقي توسن كد 0535IW,2717756326701,9680000,11037400
115835727,دستگاه جوش آهن اسكات كدMMA200,4676784703763,3900000,4500000
115835726,ميخ كوب بادي آروا كد 3310,6701338523714,3199000,3413600
115835725,بكس بادي توسن كد P 0980 IW,8626778515847,10000000,11269700
115835724,چكش تخريب 11 كيلو آروا كد 5243,0404787231280,21990000,24975000
115835723,كارواش 100 بار ذغالي توسن مدل 1114 CPWX,4273732682110,9900000,10659700
115835722,كارواش 140 بار توسن مدل 1218IPWX,5250068104119,23100000,25395500
115835721,سشوار صنعتي ايوك IVEK كد 6030,2021035224368,2899000,3500000
115835720,اره گردبر توسن كد 5119SC,,14300000,15015800
115835719,سشوار صنعتي توسن كد 9008HG,3462077603152,4840000,5174500
115835718,اره گردبر توسن كد 5067SC,2226304131167,9240000,10145800
115835717,كارواش 120 بار توسن مدل 1115CPW,1723544540458,11440000,12983700
115835701,ميخ كوب بادي آروا كد 3313,4026482408130,7899000,8924800
115835700,اره موتوري MUR-CELL كد 5020B,0072427364751,4700000,6000000
115835699,چكش تخريب توسن 7 كيلو كد 6006DH,3807222010544,15700000,16760500
115835698,دريل بكس برقي رونيكس كد 2506,8215238753709,8400000,8865800
115835697,سنگ فرز آهنگري توسن كد 3061A,3286762340777,10600000,11305400
115835696,سنگ فرز اهنگري توسن كد 3820A,,9020000,10088100
115835695,سنگ فرز ميني توسن كد 3117SA,4048184077285,4400000,4699600
115835694,سنگ فرز ميني ايوك IVEK كد 7114,6580522346069,4799000,5000000
115835693,سنگ فرز ميني توسن كد 3084SA,8885878637716,4510000,4769800
115835692,اره عمودبر توسن 650 وات  گيربكسي كد  5056J,4215661130737,7150000,8335100
115835691,سنگ فرز ميني نووا كد 3115,2784564374187,4400000,4894600
115835690,سنگ فرز ميني نووا كد 3110,3752421654818,3520000,3820600
115835689,دستگاه جوش آهن  BS كد SMT-210,2211170864318,5900000,7000000
115835688,دريل برقي بتن كن 3 كاره آروا كد 5206,4020833430184,8999000,9531500
115835687,دريل برقي بتن كن 3 كاره گرانوكس كد 2418,3747818843562,3330000,4000000
115835686,دريل برقي بتن كن 3 كاره توسن كد 8020H,4681427816410,7800000,9046300
115835685,دريل برقي بتن كن 3 كاره نووا كد 2426,8387342312636,6490000,7648700
115835684,دريل برقي بتن كن 3 كاره نووا كد 2428,2238352003174,7590000,8707100
115835683,دريل برقي توسن كد 0022D,6634600465750,4575000,5079400
115835682,دريل شارژي توسن 12ولت كد 9012SCX,5364823261655,8028000,8896800
115835681,دريل برقي توسن كد 0079D,7643844220116,4900000,5676600
115835680,دريل برقي DWT كد 810T,6378162112843,3998000,4500000
115835679,دريل برقي DWT كد 780,7740407254677,3098000,3600000
115835678,دريل برقي DWT كد 0713,3278215416269,2498000,3000000
115835677,دريل برقي نووا كد 2151,6541117524729,3300000,3543400
115835676,دريل شارژي نووا كد 8512,6560117713421,2750000,3041100
115835675,دريل برقي گرانوكس كد 1630GRX,3666634358183,1300000,1500000
115835674,دريل شارژي توسن 14.4كد 9014SCX,4871223208476,8688000,10073500
115835673,دريل شارژي آروا كد 5842,4866152826471,9499000,11119600
115835672,دريل برقي ايوك  IVEK كد K 7315,1233626453045,3799000,4000000
115835671,دريل برقي ايوك IVEK كد K 7311,2422218854486,2899000,3000000
115835670,دريل برقي نووا كد 2152,7682115702777,4300000,5056300
115835669,دريل برقي نووا كد 2230,6434605220169,2730000,3115500
115835668,دريل برقي نووا كد 2233,6761302323450,3960000,4617300
115835667,اتو لوله توسن كد 7135 PWIB,7468023713070,5298000,5995200
115835666,اتو لوله توسن كد 7135 PWIX,1151788447613,3850000,4000000
115835665,آچار فرانسه 10 كربن استيل توسن کد T25-10,7347334243752,931000,1000000
115835664,قيچي شاخه زن لايت كد 822 B,1388070132784,3950000,4100000
115835663,قيچي شاخه زن لايت كد 3202,6203375716123,3380000,4000000
115835662,قيچي شاخه زن لايت كد 112758,3671841167732,3365000,3500000
115835661,قيچي شاخه زن لايت كد 1112 RS,7136404517042,1780000,2000000
115835660,سر پيك هوا برش توسن كد 6100,5470050787810,7600000,8725400
115835659,متر فلزي ميكا 3 متر كد M55,4162224188813,145000,150000
115835658,متر فلزي ميكا 8 متر كد M55,5184507113113,320000,400000
115835657,متر فلزي ميكا 10 متر,0002325687324,370000,400000
115835656,سيم لخت كن نورس,1804542113834,550000,650000
115835655,سيم لخت كن لايت كد PLW736B,4254760405766,3200000,3820000
115835654,سيم لخت كن لايت كد PLW736A,0014581313213,3200000,3500000
115835653,سيم لخت كن لايت كد PLW736C,8721040151553,3200000,3500000
115835652,قيچي چمن زن لايت,5852215544689,810000,900000
115835651,ريسمان رنگي (چاك لاين) MRT,0252347604544,93500,100000
115835650,آلن بكس رانگسي كد  B 1015,0628304480351,1300000,1400000
115835647,آچار فرانسه كابان سايز 10,6447731275552,247000,450000
115835646,انبر دست مينياتوري اكتيو سايز 4/5,8262657471882,220000,250000
115835645,آچار كلاغي لايت كد 250,8632415156878,1838000,2000000
115835644,تيغ قيچي مفتول بر لايت كد 300,8302154483732,1640000,1800000
115835643,تيغ قيچي مفتول بر لايت كد 450,3841603587133,2260000,2500000
115835642,تيغ قيچي مفتول بر لايت كد 600,0522816428354,3150000,3500000
115835641,تيغ قيچي مفتول بر لايت كد900,0522816428354,5450000,6000000
115835640,تيغ قيچي مفتول بر لايت كد 1050,8302154483732,8110000,9600000
115835639,انبر آرماتوربندي آروا كد 4141,4878172540282,600000,639000
115835638,انبر قفلي آيرون مكس سايز 10,8077340518245,770000,900000
115835637,انبر قفلي لامانا سايز 10,2123443124084,402000,500000
115835636,صفحه سراميك بر GMT 180,0037513410408,470000,550000
115835635,منگنه كوب دستي واستر,7145650240239,660000,700000
115835634,آچار دم موشي جغجغه اي لايت كد RH 1719,2765011011664,2680000,3000000
115835633,آچار دم موشي جغجغه اي لايت كد RH 1921,0355408052213,2680000,3000000
115835632,آچار دم موشي جغجغه اي لايت كد RH 2123,2451566368352,2680000,3000000
115835631,آچار كيفي لايت 8 عددي كد LA722M,2110822313740,3850000,4000000
115835630,متر ليزري آروا 40 متر,7764548828115,3100000,3642200
115835629,متر ليزري توسن 100 متر كد M1100,3253803083221,6100000,7118200
115835628,تفنگ بادپاش حرفه اي لايت كد LA 1195,1663053452388,300000,350000
115835627,بكس لايت ستاره اي كد E 4320,8268006776653,3150000,3500000
115835626,آلن بكس لايت كد H 2209 1/2,1606310332719,3650000,4000000
115835625,بكس لايت كد E 1200,7588446367213,3400000,3500000
115835624,بكس لايت ستاره اي T كد S 2019,7304534708481,3650000,4000000
115835623,بكس لايت 25 پارچه فشار قوي 1/2 كد 2009,2752444671466,15000000,16500000
