ID,ProductID,Title,Price,ComparePrice,Type,Status,Stock,Sku,Tax,Shipping,Weight,Length,Width,Height,Attachment
115002913,175270102,کیف زنانه چرم ترکیبی کد 1869,0,,Commodity,"Approved, Online Payment, Bank Payment, Cash On Delivery, Shipping Required",1,86790001000,,,,,,
115002908,175270090,کیف زنانه چرم ترکیبی کد 1958,0,,Commodity,"Approved, Online Payment, Bank Payment, Cash On Delivery, Shipping Required",1,87423012000,,,,,,
115002885,175270038,کیف زنانه چرم ترکیبی کد 1958,0,,Commodity,"Approved, Online Payment, Bank Payment, Cash On Delivery, Shipping Required",1,87420006000,,,,,,
115002864,175269978,کیف زنانه چرم ترکیبی کد 1937,0,,Commodity,"Approved, Online Payment, Bank Payment, Cash On Delivery, Shipping Required",1,87488581000,,,,,,
115002844,175269905,کیف زنانه چرم ترکیبی کد 1937,0,,Commodity,"Approved, Online Payment, Bank Payment, Cash On Delivery, Shipping Required",1,87480017000,,,,,,
115002815,175269834,کیف زنانه چرم ترکیبی کد 1924,0,,Commodity,"Approved, Online Payment, Bank Payment, Cash On Delivery, Shipping Required",0,87470001000,,,,,,
115002805,175269808,کیف زنانه چرم ترکیبی کد 1924,0,,Commodity,"Approved, Online Payment, Bank Payment, Cash On Delivery, Shipping Required",1,87470017000,,,,,,
115002801,175269805,کیف زنانه چرم ترکیبی کد 1924,0,,Commodity,"Approved, Online Payment, Bank Payment, Cash On Delivery, Shipping Required",1,0087470004000,,,,,,
115002652,175269505,کیف زنانه چرم ترکیبی کد 1965,0,,Commodity,"Approved, Online Payment, Bank Payment, Cash On Delivery, Shipping Required",2,87400001000,,,,,,
115002650,175269503,کیف زنانه چرم ترکیبی کد 1965,0,,Commodity,"Approved, Online Payment, Bank Payment, Cash On Delivery, Shipping Required",1,87400009000,,,,,,
115002630,175269449,کیف زنانه چرم ترکیبی کد 1965,0,,Commodity,"Approved, Online Payment, Bank Payment, Cash On Delivery, Shipping Required",1,87400017000,,,,,,
115002619,175269428,کیف زنانه چرم ترکیبی کد 1965,0,,Commodity,"Approved, Online Payment, Bank Payment, Cash On Delivery, Shipping Required",1,87403012000,,,,,,
115002569,175269342,کوله پشتی مدل SP330,0,,Commodity,"Approved, Online Payment, Bank Payment, Cash On Delivery, Shipping Required",1,89490013000,,,,,,
115002566,175269340,کوله پشتی مدل SP330,0,,Commodity,"Approved, Online Payment, Bank Payment, Cash On Delivery, Shipping Required",1,89498733000,,,,,,
115002554,175269328,کوله پشتی مدل SP330,0,,Commodity,"Approved, Online Payment, Bank Payment, Cash On Delivery, Shipping Required",1,89490017000,,,,,,
115002552,175269326,کوله پشتی مدل SP330,0,,Commodity,"Approved, Online Payment, Bank Payment, Cash On Delivery, Shipping Required",1,89498578000,,,,,,
115002534,175269323,کوله پشتی مدل SP330,0,,Commodity,"Approved, Online Payment, Bank Payment, Cash On Delivery, Shipping Required",1,89498798000,,,,,,
114925245,175143504,کیف زنانه چرم ترکیبی کد 1911,0,,Commodity,"Approved, Online Payment, Bank Payment, Cash On Delivery, Shipping Required",1,85810027000,,,,,,
114925243,175143502,کیف زنانه چرم ترکیبی کد 1911,0,,Commodity,"Approved, Online Payment, Bank Payment, Cash On Delivery, Shipping Required",4,85810001000,,,,,,
114925232,175143498,کیف زنانه چرم ترکیبی کد 1958,0,,Commodity,"Approved, Online Payment, Bank Payment, Cash On Delivery, Shipping Required",1,87420017000,,,,,,
114925215,175143445,کیف زنانه چرم ترکیبی کد 1934,2610300,3729000,Commodity,"Approved, Online Payment, Bank Payment, Cash On Delivery, Shipping Required",1,0087393012000,,,,,,
114925209,175143442,کیف زنانه چرم ترکیبی کد 1934,2610300,3729000,Commodity,"Approved, Online Payment, Bank Payment, Cash On Delivery, Shipping Required",1,0087390001000,,,,,,
114924601,175142739,کیف زنانه چرم ترکیبی کد 1923,2425500,3465000,Commodity,"Approved, Online Payment, Bank Payment, Cash On Delivery, Shipping Required",1,0086830027000,,,,,,
114924535,175142620,کیف زنانه چرم ترکیبی کد 1923,2425500,3465000,Commodity,"Approved, Online Payment, Bank Payment, Cash On Delivery, Shipping Required",1,0086830017000,,,,,,
114924519,175142613,کیف زنانه چرم ترکیبی کد 797,2425500,3465000,Commodity,"Approved, Online Payment, Bank Payment, Cash On Delivery, Shipping Required",1,0086680001000,,,,,,
114924468,175142589,کیف زنانه چرم ترکیبی کد 1809,2425500,3465000,Commodity,"Approved, Online Payment, Bank Payment, Cash On Delivery, Shipping Required",1,0086780001000,,,,,,
114924405,175142498,کیف زنانه چرم ترکیبی کد 1913,2564100,3663000,Commodity,"Approved, Online Payment, Bank Payment, Cash On Delivery, Shipping Required",1,0081400027000,,,,,,
114924395,175142486,کیف زنانه چرم ترکیبی کد 1913 رنگ: مشکی کرکو,2564100,3663000,Commodity,"Approved, Online Payment, Bank Payment, Cash On Delivery, Shipping Required",1,0081400001000,,,,,,
114924375,175142479,کیف زنانه چرم ترکیبی کد 1913,2564100,3663000,Commodity,"Approved, Online Payment, Bank Payment, Cash On Delivery, Shipping Required",1,0081403012000,,,,,,
114924364,175142469,کیف زنانه چرم ترکیبی کد 1913 رنگ: مشکی فلوتر,2564100,3663000,Commodity,"Approved, Online Payment, Bank Payment, Cash On Delivery, Shipping Required",1,0081400001000,,,,,,
114917508,175129705,کفش چرم طبیعی زنانه مدل ونس رنگ: طوسی، سایز: 39,2156220,3593700,Commodity,"Approved, Online Payment, Bank Payment, Cash On Delivery, Shipping Required",3,0086070017021,,,,,,
114917507,175129705,کفش چرم طبیعی زنانه مدل ونس رنگ: طوسی، سایز: 38,2156220,3593700,Commodity,"Approved, Online Payment, Bank Payment, Cash On Delivery, Shipping Required",3,0086070017019,,,,,,
114917506,175129705,کفش چرم طبیعی زنانه مدل ونس رنگ: طوسی، سایز: 37,2156220,3593700,Commodity,"Approved, Online Payment, Bank Payment, Cash On Delivery, Shipping Required",2,0086070017017,,,,,,
114917505,175129705,کفش چرم طبیعی زنانه مدل ونس رنگ: طوسی، سایز: 36,2156220,3593700,Commodity,"Approved, Online Payment, Bank Payment, Cash On Delivery, Shipping Required",1,0086070017015,,,,,,
114917501,175129701,کفش چرم طبیعی زنانه مدل ونس رنگ: سرمه ای، سایز: 39,2156220,3593700,Commodity,"Approved, Online Payment, Bank Payment, Cash On Delivery, Shipping Required",3,0086070007021,,,,,,
114917500,175129701,کفش چرم طبیعی زنانه مدل ونس رنگ: سرمه ای، سایز: 38,2156220,3593700,Commodity,"Approved, Online Payment, Bank Payment, Cash On Delivery, Shipping Required",2,0086070007019,,,,,,
114917499,175129701,کفش چرم طبیعی زنانه مدل ونس رنگ: سرمه ای، سایز: 37,2156220,3593700,Commodity,"Approved, Online Payment, Bank Payment, Cash On Delivery, Shipping Required",2,0086070007017,,,,,,
114917498,175129701,کفش چرم طبیعی زنانه مدل ونس رنگ: سرمه ای، سایز: 36,2156220,3593700,Commodity,"Approved, Online Payment, Bank Payment, Cash On Delivery, Shipping Required",1,0086070007015,,,,,,
114917496,175129699,کفش چرم طبیعی زنانه مدل دلتا رنگ: طوسی، سایز: 40,2069100,3448500,Commodity,"Approved, Online Payment, Bank Payment, Cash On Delivery, Shipping Required",2,0086560017040,,,,,,
114917495,175129699,کفش چرم طبیعی زنانه مدل دلتا رنگ: طوسی، سایز: 39,2069100,3448500,Commodity,"Approved, Online Payment, Bank Payment, Cash On Delivery, Shipping Required",3,0086560017021,,,,,,
114917494,175129699,کفش چرم طبیعی زنانه مدل دلتا رنگ: طوسی، سایز: 38,2069100,3448500,Commodity,"Approved, Online Payment, Bank Payment, Cash On Delivery, Shipping Required",1,0086560017019,,,,,,
114917493,175129699,کفش چرم طبیعی زنانه مدل دلتا رنگ: طوسی، سایز: 37,2069100,3448500,Commodity,"Approved, Online Payment, Bank Payment, Cash On Delivery, Shipping Required",1,0086560017017,,,,,,
114917441,175129677,کفش اسپرت زنانه چرم طبیعی مدل نیلما رنگ: مشکی، سایز: 41,3375900,5626500,Commodity,"Approved, Online Payment, Bank Payment, Cash On Delivery, Shipping Required",1,0085930001041,,,,,,
114917440,175129677,کفش اسپرت زنانه چرم طبیعی مدل نیلما رنگ: مشکی، سایز: 40,3375900,5626500,Commodity,"Approved, Online Payment, Bank Payment, Cash On Delivery, Shipping Required",3,0085930001040,,,,,,
114917439,175129677,کفش اسپرت زنانه چرم طبیعی مدل نیلما رنگ: مشکی، سایز: 39,3375900,5626500,Commodity,"Approved, Online Payment, Bank Payment, Cash On Delivery, Shipping Required",3,0085930001021,,,,,,
114917438,175129677,کفش اسپرت زنانه چرم طبیعی مدل نیلما رنگ: مشکی، سایز: 38,3375900,5626500,Commodity,"Approved, Online Payment, Bank Payment, Cash On Delivery, Shipping Required",6,0085930001019,,,,,,
114917437,175129677,کفش اسپرت زنانه چرم طبیعی مدل نیلما رنگ: مشکی، سایز: 37,3375900,5626500,Commodity,"Approved, Online Payment, Bank Payment, Cash On Delivery, Shipping Required",2,0085930001017,,,,,,
114917397,175129617,کیف اداری چرم طبیعی مدل L115 رنگ: زرشکی,4060000,5800000,Commodity,"Approved, Online Payment, Bank Payment, Cash On Delivery, Shipping Required",1,0036880006000,,,,,,
114917339,175129583,کیف اداری چرم طبیعی مدل L164 رنگ: عسلی,4620000,6600000,Commodity,"Approved, Online Payment, Bank Payment, Cash On Delivery, Shipping Required",1,0058460027000,,,,,,
114917330,175129579,کیف اداری چرم طبیعی مدل L153 رنگ: عسلی,7105000,10150000,Commodity,"Approved, Online Payment, Bank Payment, Cash On Delivery, Shipping Required",1,0052280027000,,,,,,
114917309,175129572,کفش اسپرت زنانه چرم طبیعی مدل 317 رنگ: مشکی سفید، سایز: 40,2395800,3993000,Commodity,"Approved, Online Payment, Bank Payment, Cash On Delivery, Shipping Required",1,0083488518040,,,,,,
114917308,175129572,کفش اسپرت زنانه چرم طبیعی مدل 317 رنگ: مشکی سفید، سایز: 38,2395800,3993000,Commodity,"Approved, Online Payment, Bank Payment, Cash On Delivery, Shipping Required",3,0083488518019,,,,,,
114917307,175129572,کفش اسپرت زنانه چرم طبیعی مدل 317 رنگ: مشکی سفید، سایز: 37,2395800,3993000,Commodity,"Approved, Online Payment, Bank Payment, Cash On Delivery, Shipping Required",1,0083488518017,,,,,,
114917306,175129572,کفش اسپرت زنانه چرم طبیعی مدل 317 رنگ: مشکی سفید، سایز: 36,2395800,3993000,Commodity,"Approved, Online Payment, Bank Payment, Cash On Delivery, Shipping Required",1,0083488518015,,,,,,
114917267,175129513,کفش پاشنه بلند چرم طبیعی مدل چشمی رنگ: مشکی، سایز: 40,3463020,5771700,Commodity,"Approved, Online Payment, Bank Payment, Cash On Delivery, Shipping Required",6,0085950001040,,,,,,
114917266,175129513,کفش پاشنه بلند چرم طبیعی مدل چشمی رنگ: مشکی، سایز: 39,3463020,5771700,Commodity,"Approved, Online Payment, Bank Payment, Cash On Delivery, Shipping Required",8,0085950001021,,,,,,
114917265,175129513,کفش پاشنه بلند چرم طبیعی مدل چشمی رنگ: مشکی، سایز: 38,3463020,5771700,Commodity,"Approved, Online Payment, Bank Payment, Cash On Delivery, Shipping Required",6,0085950001019,,,,,,
114917264,175129513,کفش پاشنه بلند چرم طبیعی مدل چشمی رنگ: مشکی، سایز: 37,3463020,5771700,Commodity,"Approved, Online Payment, Bank Payment, Cash On Delivery, Shipping Required",9,0085950001017,,,,,,
114917242,175129506,کفش پاشنه بلند چرم طبیعی مدل نیلان رنگ: مشکی، سایز: 39,3158100,5263500,Commodity,"Approved, Online Payment, Bank Payment, Cash On Delivery, Shipping Required",2,0085970001021,,,,,,
114917241,175129506,کفش پاشنه بلند چرم طبیعی مدل نیلان رنگ: مشکی، سایز: 38,3158100,5263500,Commodity,"Approved, Online Payment, Bank Payment, Cash On Delivery, Shipping Required",2,0085970001017,,,,,,
114917240,175129506,کفش پاشنه بلند چرم طبیعی مدل نیلان رنگ: مشکی، سایز: 37,3158100,5263500,Commodity,"Approved, Online Payment, Bank Payment, Cash On Delivery, Shipping Required",2,0085970001015,,,,,,
114917222,175129491,صندل زنانه چرم طبیعی مدل 220 رنگ: قرمز، سایز: 40,2504700,4174500,Commodity,"Approved, Online Payment, Bank Payment, Cash On Delivery, Shipping Required",1,0081910004040,,,,,,
114917221,175129491,صندل زنانه چرم طبیعی مدل 220 رنگ: قرمز، سایز: 39,2504700,4174500,Commodity,"Approved, Online Payment, Bank Payment, Cash On Delivery, Shipping Required",1,0081910004021,,,,,,
114917220,175129491,صندل زنانه چرم طبیعی مدل 220 رنگ: قرمز، سایز: 38,2504700,4174500,Commodity,"Approved, Online Payment, Bank Payment, Cash On Delivery, Shipping Required",2,0081910004019,,,,,,
114917219,175129491,صندل زنانه چرم طبیعی مدل 220 رنگ: قرمز، سایز: 37,2504700,4174500,Commodity,"Approved, Online Payment, Bank Payment, Cash On Delivery, Shipping Required",1,0081910004017,,,,,,
114917198,175129484,صندل زنانه چرم طبیعی مدل کشی رنگ: مشکی قرمز، سایز: 40,1742400,2904000,Commodity,"Approved, Online Payment, Bank Payment, Cash On Delivery, Shipping Required",2,0081378678040,,,,,,
114917197,175129484,صندل زنانه چرم طبیعی مدل کشی رنگ: مشکی قرمز، سایز: 38,1742400,2904000,Commodity,"Approved, Online Payment, Bank Payment, Cash On Delivery, Shipping Required",1,0081378678019,,,,,,
114917196,175129484,صندل زنانه چرم طبیعی مدل کشی رنگ: مشکی قرمز، سایز: 36,1742400,2904000,Commodity,"Approved, Online Payment, Bank Payment, Cash On Delivery, Shipping Required",2,0081378678015,,,,,,
114902853,175105985,کمربند مردانه چرم طبیعی مدل b2 رنگ: مشکی,728000,1040000,Commodity,"Approved, Online Payment, Bank Payment, Cash On Delivery, Shipping Required",1,,,,,,,
114902852,175105983,کمربند مردانه چرم طبیعی مدل b3 رنگ: عسلی,728000,1040000,Commodity,"Approved, Online Payment, Bank Payment, Cash On Delivery, Shipping Required",1,,,,,,,
114902840,175105981,کمربند مردانه چرم طبیعی مدل b3 رنگ: قهوه ای,728000,1040000,Commodity,"Approved, Online Payment, Bank Payment, Cash On Delivery, Shipping Required",1,,,,,,,
114902832,175105963,کفش اسپرت زنانه چرم طبیعی مدل 328 رنگ: عسلی، سایز: 40,2156220,3593700,Commodity,"Approved, Online Payment, Bank Payment, Cash On Delivery, Shipping Required",1,0085980027040,,,,,,
114902831,175105963,کفش اسپرت زنانه چرم طبیعی مدل 328 رنگ: عسلی، سایز: 39,2156220,3593700,Commodity,"Approved, Online Payment, Bank Payment, Cash On Delivery, Shipping Required",3,0085980027021,,,,,,
114902830,175105963,کفش اسپرت زنانه چرم طبیعی مدل 328 رنگ: عسلی، سایز: 38,2156220,3593700,Commodity,"Approved, Online Payment, Bank Payment, Cash On Delivery, Shipping Required",1,0085980027019,,,,,,
114902829,175105963,کفش اسپرت زنانه چرم طبیعی مدل 328 رنگ: عسلی، سایز: 37,2156220,3593700,Commodity,"Approved, Online Payment, Bank Payment, Cash On Delivery, Shipping Required",2,0085980027017,,,,,,
114902828,175105963,کفش اسپرت زنانه چرم طبیعی مدل 328 رنگ: عسلی، سایز: 36,2156220,3593700,Commodity,"Approved, Online Payment, Bank Payment, Cash On Delivery, Shipping Required",1,0085980027015,,,,,,
114902807,175105921,صندل زنانه چرم طبیعی مدل 220 رنگ: سفید، سایز: 39,2504700,4174500,Commodity,"Approved, Online Payment, Bank Payment, Cash On Delivery, Shipping Required",1,0081910016021,,,,,,
114902806,175105921,صندل زنانه چرم طبیعی مدل 220 رنگ: سفید، سایز: 38,2504700,4174500,Commodity,"Approved, Online Payment, Bank Payment, Cash On Delivery, Shipping Required",2,0081910016019,,,,,,
114902805,175105921,صندل زنانه چرم طبیعی مدل 220 رنگ: سفید، سایز: 37,2504700,4174500,Commodity,"Approved, Online Payment, Bank Payment, Cash On Delivery, Shipping Required",2,0081910016017,,,,,,
114902801,175105916,صندل زنانه چرم طبیعی مدل کشی رنگ: طوسی، سایز: 40,1742400,2904000,Commodity,"Approved, Online Payment, Bank Payment, Cash On Delivery, Shipping Required",2,0081370017040,,,,,,
114902800,175105916,صندل زنانه چرم طبیعی مدل کشی رنگ: طوسی، سایز: 38,1742400,2904000,Commodity,"Approved, Online Payment, Bank Payment, Cash On Delivery, Shipping Required",2,0081370017019,,,,,,
114902799,175105916,صندل زنانه چرم طبیعی مدل کشی رنگ: طوسی، سایز: 37,1742400,2904000,Commodity,"Approved, Online Payment, Bank Payment, Cash On Delivery, Shipping Required",1,0081370017017,,,,,,
114902798,175105916,صندل زنانه چرم طبیعی مدل کشی رنگ: طوسی، سایز: 36,1742400,2904000,Commodity,"Approved, Online Payment, Bank Payment, Cash On Delivery, Shipping Required",1,0081370017015,,,,,,
114902777,175105901,صندل زنانه چرم طبیعی مدل کشی رنگ: آبی، سایز: 41,1742400,2904000,Commodity,"Approved, Online Payment, Bank Payment, Cash On Delivery, Shipping Required",1,0081370008041,,,,,,
114902776,175105901,صندل زنانه چرم طبیعی مدل کشی رنگ: آبی، سایز: 40,1742400,2904000,Commodity,"Approved, Online Payment, Bank Payment, Cash On Delivery, Shipping Required",3,0081370008040,,,,,,
114902775,175105901,صندل زنانه چرم طبیعی مدل کشی رنگ: آبی، سایز: 39,1742400,2904000,Commodity,"Approved, Online Payment, Bank Payment, Cash On Delivery, Shipping Required",2,0081370008021,,,,,,
114902774,175105901,صندل زنانه چرم طبیعی مدل کشی رنگ: آبی، سایز: 38,1742400,2904000,Commodity,"Approved, Online Payment, Bank Payment, Cash On Delivery, Shipping Required",2,0081370008019,,,,,,
114902773,175105901,صندل زنانه چرم طبیعی مدل کشی رنگ: آبی، سایز: 37,1742400,2904000,Commodity,"Approved, Online Payment, Bank Payment, Cash On Delivery, Shipping Required",1,0081370008017,,,,,,
114902772,175105901,صندل زنانه چرم طبیعی مدل کشی رنگ: آبی، سایز: 36,1742400,2904000,Commodity,"Approved, Online Payment, Bank Payment, Cash On Delivery, Shipping Required",1,0081370008015,,,,,,
114898847,175097085,کفش اسپرت مردانه مدل اسکیچرز رنگ: مشکی سفید، سایز: 44,1188000,1980000,Commodity,"Approved, Online Payment, Bank Payment, Cash On Delivery, Shipping Required",1,0089678518044,,,,,,
114898846,175097085,کفش اسپرت مردانه مدل اسکیچرز رنگ: مشکی سفید، سایز: 43,1188000,1980000,Commodity,"Approved, Online Payment, Bank Payment, Cash On Delivery, Shipping Required",3,0089678518043,,,,,,
114898845,175097085,کفش اسپرت مردانه مدل اسکیچرز رنگ: مشکی سفید، سایز: 42,1188000,1980000,Commodity,"Approved, Online Payment, Bank Payment, Cash On Delivery, Shipping Required",2,0089678518042,,,,,,
114898844,175097085,کفش اسپرت مردانه مدل اسکیچرز رنگ: مشکی سفید، سایز: 41,1188000,1980000,Commodity,"Approved, Online Payment, Bank Payment, Cash On Delivery, Shipping Required",1,0089678518041,,,,,,
114898840,175097081,کفش اسپرت مردانه مدل اسکیچرز رنگ: طوسی سیر، سایز: 44,1188000,1980000,Commodity,"Approved, Online Payment, Bank Payment, Cash On Delivery, Shipping Required",1,0089678723044,,,,,,
114898839,175097081,کفش اسپرت مردانه مدل اسکیچرز رنگ: طوسی سیر، سایز: 43,1188000,1980000,Commodity,"Approved, Online Payment, Bank Payment, Cash On Delivery, Shipping Required",3,0089678723043,,,,,,
114898838,175097081,کفش اسپرت مردانه مدل اسکیچرز رنگ: طوسی سیر، سایز: 42,1188000,1980000,Commodity,"Approved, Online Payment, Bank Payment, Cash On Delivery, Shipping Required",3,0089678723042,,,,,,
114898837,175097081,کفش اسپرت مردانه مدل اسکیچرز رنگ: طوسی سیر، سایز: 41,1188000,1980000,Commodity,"Approved, Online Payment, Bank Payment, Cash On Delivery, Shipping Required",2,0089678723041,,,,,,
114898820,175097076,کفش اسپرت مردانه مدل اسکیچرز رنگ: طوسی، سایز: 44,1188000,1980000,Commodity,"Approved, Online Payment, Bank Payment, Cash On Delivery, Shipping Required",2,0089670017044,,,,,,
114898819,175097076,کفش اسپرت مردانه مدل اسکیچرز رنگ: طوسی، سایز: 43,1188000,1980000,Commodity,"Approved, Online Payment, Bank Payment, Cash On Delivery, Shipping Required",3,0089670017043,,,,,,
114898818,175097076,کفش اسپرت مردانه مدل اسکیچرز رنگ: طوسی، سایز: 42,1188000,1980000,Commodity,"Approved, Online Payment, Bank Payment, Cash On Delivery, Shipping Required",2,0089670017042,,,,,,
114898817,175097076,کفش اسپرت مردانه مدل اسکیچرز رنگ: طوسی، سایز: 41,1188000,1980000,Commodity,"Approved, Online Payment, Bank Payment, Cash On Delivery, Shipping Required",1,0089670017041,,,,,,
114898816,175097047,کفش اسپرت مردانه مدل اسکیچرز رنگ: مشکی، سایز: 44,1188000,1980000,Commodity,"Approved, Online Payment, Bank Payment, Cash On Delivery, Shipping Required",0,0089670001044,,,,,,
114898815,175097047,کفش اسپرت مردانه مدل اسکیچرز رنگ: مشکی، سایز: 43,1188000,1980000,Commodity,"Approved, Online Payment, Bank Payment, Cash On Delivery, Shipping Required",2,0089670001043,,,,,,
114898814,175097047,کفش اسپرت مردانه مدل اسکیچرز رنگ: مشکی، سایز: 42,1188000,1980000,Commodity,"Approved, Online Payment, Bank Payment, Cash On Delivery, Shipping Required",3,0089670001042,,,,,,
114898813,175097047,کفش اسپرت مردانه مدل اسکیچرز رنگ: مشکی، سایز: 41,1188000,1980000,Commodity,"Approved, Online Payment, Bank Payment, Cash On Delivery, Shipping Required",0,0089670001041,,,,,,
114898804,175097021,کفش اسپرت مردانه مدل جردن رنگ: سفید مشکی، سایز: 44,1386000,2310000,Commodity,"Approved, Online Payment, Bank Payment, Cash On Delivery, Shipping Required",2,0089668552044,,,,,,
114898803,175097021,کفش اسپرت مردانه مدل جردن رنگ: سفید مشکی، سایز: 43,1386000,2310000,Commodity,"Approved, Online Payment, Bank Payment, Cash On Delivery, Shipping Required",3,0089668552043,,,,,,
114898802,175097021,کفش اسپرت مردانه مدل جردن رنگ: سفید مشکی، سایز: 42,1386000,2310000,Commodity,"Approved, Online Payment, Bank Payment, Cash On Delivery, Shipping Required",3,0089668552042,,,,,,
114898801,175097021,کفش اسپرت مردانه مدل جردن رنگ: سفید مشکی، سایز: 41,1386000,2310000,Commodity,"Approved, Online Payment, Bank Payment, Cash On Delivery, Shipping Required",2,0089668552041,,,,,,
114898783,175097014,کفش اسپرت مردانه مدل جردن رنگ: سفید سرمه ای، سایز: 44,1386000,2310000,Commodity,"Approved, Online Payment, Bank Payment, Cash On Delivery, Shipping Required",2,0089668613044,,,,,,
114898782,175097014,کفش اسپرت مردانه مدل جردن رنگ: سفید سرمه ای، سایز: 43,1386000,2310000,Commodity,"Approved, Online Payment, Bank Payment, Cash On Delivery, Shipping Required",3,0089668613043,,,,,,
114898781,175097014,کفش اسپرت مردانه مدل جردن رنگ: سفید سرمه ای، سایز: 42,1386000,2310000,Commodity,"Approved, Online Payment, Bank Payment, Cash On Delivery, Shipping Required",3,0089668613042,,,,,,
114898780,175097014,کفش اسپرت مردانه مدل جردن رنگ: سفید سرمه ای، سایز: 41,1386000,2310000,Commodity,"Approved, Online Payment, Bank Payment, Cash On Delivery, Shipping Required",2,0089668613041,,,,,,
114898755,175096945,کفش اسپرت مردانه مدل جردن رنگ: کرم سفید، سایز: 44,1386000,2310000,Commodity,"Approved, Online Payment, Bank Payment, Cash On Delivery, Shipping Required",2,0089668799044,,,,,,
114898754,175096945,کفش اسپرت مردانه مدل جردن رنگ: کرم سفید، سایز: 43,1386000,2310000,Commodity,"Approved, Online Payment, Bank Payment, Cash On Delivery, Shipping Required",3,0089668799043,,,,,,
114898753,175096945,کفش اسپرت مردانه مدل جردن رنگ: کرم سفید، سایز: 42,1386000,2310000,Commodity,"Approved, Online Payment, Bank Payment, Cash On Delivery, Shipping Required",3,0089668799042,,,,,,
114898752,175096945,کفش اسپرت مردانه مدل جردن رنگ: کرم سفید، سایز: 41,1386000,2310000,Commodity,"Approved, Online Payment, Bank Payment, Cash On Delivery, Shipping Required",2,0089668799041,,,,,,
114898730,175096930,کفش اسپرت مردانه مدل جردن رنگ: سفید، سایز: 44,1386000,2310000,Commodity,"Approved, Online Payment, Bank Payment, Cash On Delivery, Shipping Required",2,0089660016044,,,,,,
114898729,175096930,کفش اسپرت مردانه مدل جردن رنگ: سفید، سایز: 43,1386000,2310000,Commodity,"Approved, Online Payment, Bank Payment, Cash On Delivery, Shipping Required",3,0089660016043,,,,,,
114898728,175096930,کفش اسپرت مردانه مدل جردن رنگ: سفید، سایز: 42,1386000,2310000,Commodity,"Approved, Online Payment, Bank Payment, Cash On Delivery, Shipping Required",3,0089660016042,,,,,,
114898727,175096930,کفش اسپرت مردانه مدل جردن رنگ: سفید، سایز: 41,1386000,2310000,Commodity,"Approved, Online Payment, Bank Payment, Cash On Delivery, Shipping Required",2,0089660016041,,,,,,
114898717,175096916,کفش اسپرت مردانه مدل جردن رنگ: مشکی سفید، سایز: 44,1386000,2310000,Commodity,"Approved, Online Payment, Bank Payment, Cash On Delivery, Shipping Required",1,0089668518044,,,,,,
114898716,175096916,کفش اسپرت مردانه مدل جردن رنگ: مشکی سفید، سایز: 43,1386000,2310000,Commodity,"Approved, Online Payment, Bank Payment, Cash On Delivery, Shipping Required",3,0089668518043,,,,,,
114898715,175096916,کفش اسپرت مردانه مدل جردن رنگ: مشکی سفید، سایز: 42,1386000,2310000,Commodity,"Approved, Online Payment, Bank Payment, Cash On Delivery, Shipping Required",3,0089668518042,,,,,,
114898714,175096916,کفش اسپرت مردانه مدل جردن رنگ: مشکی سفید، سایز: 41,1386000,2310000,Commodity,"Approved, Online Payment, Bank Payment, Cash On Delivery, Shipping Required",2,0089668518041,,,,,,
114898599,175096818,کفش اسپرت زنانه مدل امیری رنگ: کرم سبز، سایز: 40,1346400,2244000,Commodity,"Approved, Online Payment, Bank Payment, Cash On Delivery, Shipping Required",1,0088608649040,,,,,,
114898598,175096818,کفش اسپرت زنانه مدل امیری رنگ: کرم سبز، سایز: 39,1346400,2244000,Commodity,"Approved, Online Payment, Bank Payment, Cash On Delivery, Shipping Required",3,0088608649021,,,,,,
114898597,175096818,کفش اسپرت زنانه مدل امیری رنگ: کرم سبز، سایز: 38,1346400,2244000,Commodity,"Approved, Online Payment, Bank Payment, Cash On Delivery, Shipping Required",2,0088608649019,,,,,,
114898596,175096818,کفش اسپرت زنانه مدل امیری رنگ: کرم سبز، سایز: 37,1346400,2244000,Commodity,"Approved, Online Payment, Bank Payment, Cash On Delivery, Shipping Required",1,0088608649017,,,,,,
114898562,175096712,کفش اسپرت زنانه مدل امیری رنگ: مشکی کرم، سایز: 40,1346400,2244000,Commodity,"Approved, Online Payment, Bank Payment, Cash On Delivery, Shipping Required",2,0088608522040,,,,,,
114898561,175096712,کفش اسپرت زنانه مدل امیری رنگ: مشکی کرم، سایز: 39,1346400,2244000,Commodity,"Approved, Online Payment, Bank Payment, Cash On Delivery, Shipping Required",3,0088608522021,,,,,,
114898560,175096712,کفش اسپرت زنانه مدل امیری رنگ: مشکی کرم، سایز: 38,1346400,2244000,Commodity,"Approved, Online Payment, Bank Payment, Cash On Delivery, Shipping Required",3,0088608522019,,,,,,
114898559,175096712,کفش اسپرت زنانه مدل امیری رنگ: مشکی کرم، سایز: 37,1346400,2244000,Commodity,"Approved, Online Payment, Bank Payment, Cash On Delivery, Shipping Required",2,0088608522017,,,,,,
114897518,175095269,کفش طبی چرم طبیعی زنانه پورفسور مارتین مدل نرس کشی ونیز رنگ: سبز، سایز: 41,3960000,6600000,Commodity,"Approved, Online Payment, Bank Payment, Cash On Delivery, Shipping Required",1,0089700013041,,,,,,
114897517,175095269,کفش طبی چرم طبیعی زنانه پورفسور مارتین مدل نرس کشی ونیز رنگ: سبز، سایز: 40,3960000,6600000,Commodity,"Approved, Online Payment, Bank Payment, Cash On Delivery, Shipping Required",3,0089700013040,,,,,,
114897516,175095269,کفش طبی چرم طبیعی زنانه پورفسور مارتین مدل نرس کشی ونیز رنگ: سبز، سایز: 39,3960000,6600000,Commodity,"Approved, Online Payment, Bank Payment, Cash On Delivery, Shipping Required",2,0089700013021,,,,,,
114897515,175095269,کفش طبی چرم طبیعی زنانه پورفسور مارتین مدل نرس کشی ونیز رنگ: سبز، سایز: 38,3960000,6600000,Commodity,"Approved, Online Payment, Bank Payment, Cash On Delivery, Shipping Required",3,0089700013019,,,,,,
114897514,175095269,کفش طبی چرم طبیعی زنانه پورفسور مارتین مدل نرس کشی ونیز رنگ: سبز، سایز: 37,3960000,6600000,Commodity,"Approved, Online Payment, Bank Payment, Cash On Delivery, Shipping Required",2,0089700013017,,,,,,
114897513,175095269,کفش طبی چرم طبیعی زنانه پورفسور مارتین مدل نرس کشی ونیز رنگ: سبز، سایز: 36,3960000,6600000,Commodity,"Approved, Online Payment, Bank Payment, Cash On Delivery, Shipping Required",1,0089700013015,,,,,,
114897504,175095256,کفش طبی چرم طبیعی زنانه پورفسور مارتین مدل هالوکس والگوس رنگ: قهوه ای، سایز: 42,4059000,6765000,Commodity,"Approved, Online Payment, Bank Payment, Cash On Delivery, Shipping Required",1,0089760002042,,,,,,
114897503,175095256,کفش طبی چرم طبیعی زنانه پورفسور مارتین مدل هالوکس والگوس رنگ: قهوه ای، سایز: 41,4059000,6765000,Commodity,"Approved, Online Payment, Bank Payment, Cash On Delivery, Shipping Required",2,0089760002041,,,,,,
114897502,175095256,کفش طبی چرم طبیعی زنانه پورفسور مارتین مدل هالوکس والگوس رنگ: قهوه ای، سایز: 40,4059000,6765000,Commodity,"Approved, Online Payment, Bank Payment, Cash On Delivery, Shipping Required",2,0089760002040,,,,,,
114897501,175095256,کفش طبی چرم طبیعی زنانه پورفسور مارتین مدل هالوکس والگوس رنگ: قهوه ای، سایز: 39,4059000,6765000,Commodity,"Approved, Online Payment, Bank Payment, Cash On Delivery, Shipping Required",2,0089760002021,,,,,,
114897500,175095256,کفش طبی چرم طبیعی زنانه پورفسور مارتین مدل هالوکس والگوس رنگ: قهوه ای، سایز: 38,4059000,6765000,Commodity,"Approved, Online Payment, Bank Payment, Cash On Delivery, Shipping Required",1,0089760002019,,,,,,
114897499,175095256,کفش طبی چرم طبیعی زنانه پورفسور مارتین مدل هالوکس والگوس رنگ: قهوه ای، سایز: 37,4059000,6765000,Commodity,"Approved, Online Payment, Bank Payment, Cash On Delivery, Shipping Required",2,0089760002017,,,,,,
114897498,175095256,کفش طبی چرم طبیعی زنانه پورفسور مارتین مدل هالوکس والگوس رنگ: قهوه ای، سایز: 36,4059000,6765000,Commodity,"Approved, Online Payment, Bank Payment, Cash On Delivery, Shipping Required",0,0089760002015,,,,,,
114897488,175095242,کفش طبی چرم طبیعی زنانه پورفسور مارتین مدل نرس کلاریس رنگ: مشکی، سایز: 40,3524400,5874000,Commodity,"Approved, Online Payment, Bank Payment, Cash On Delivery, Shipping Required",4,0089720001040,,,,,,
114897487,175095242,کفش طبی چرم طبیعی زنانه پورفسور مارتین مدل نرس کلاریس رنگ: مشکی، سایز: 39,3524400,5874000,Commodity,"Approved, Online Payment, Bank Payment, Cash On Delivery, Shipping Required",1,0089720001021,,,,,,
114897486,175095242,کفش طبی چرم طبیعی زنانه پورفسور مارتین مدل نرس کلاریس رنگ: مشکی، سایز: 38,3524400,5874000,Commodity,"Approved, Online Payment, Bank Payment, Cash On Delivery, Shipping Required",3,0089720001019,,,,,,
114897485,175095242,کفش طبی چرم طبیعی زنانه پورفسور مارتین مدل نرس کلاریس رنگ: مشکی، سایز: 37,3524400,5874000,Commodity,"Approved, Online Payment, Bank Payment, Cash On Delivery, Shipping Required",3,0089720001017,,,,,,
114857460,175036701,کفش طبی چرم طبیعی زنانه پورفسور مارتین مدل نرس ونیز رنگ: مشکی، سایز: 41,3564000,5940000,Commodity,"Approved, Online Payment, Bank Payment, Cash On Delivery, Shipping Required",2,0089690001041,,,,,,
114857459,175036701,کفش طبی چرم طبیعی زنانه پورفسور مارتین مدل نرس ونیز رنگ: مشکی، سایز: 40,3564000,5940000,Commodity,"Approved, Online Payment, Bank Payment, Cash On Delivery, Shipping Required",4,0089690001040,,,,,,
114857458,175036701,کفش طبی چرم طبیعی زنانه پورفسور مارتین مدل نرس ونیز رنگ: مشکی، سایز: 39,3564000,5940000,Commodity,"Approved, Online Payment, Bank Payment, Cash On Delivery, Shipping Required",6,0089690001021,,,,,,
114857457,175036701,کفش طبی چرم طبیعی زنانه پورفسور مارتین مدل نرس ونیز رنگ: مشکی، سایز: 38,3564000,5940000,Commodity,"Approved, Online Payment, Bank Payment, Cash On Delivery, Shipping Required",6,0089690001019,,,,,,
114857456,175036701,کفش طبی چرم طبیعی زنانه پورفسور مارتین مدل نرس ونیز رنگ: مشکی، سایز: 37,3564000,5940000,Commodity,"Approved, Online Payment, Bank Payment, Cash On Delivery, Shipping Required",4,0089690001017,,,,,,
114857455,175036701,کفش طبی چرم طبیعی زنانه پورفسور مارتین مدل نرس ونیز رنگ: مشکی، سایز: 36,3564000,5940000,Commodity,"Approved, Online Payment, Bank Payment, Cash On Delivery, Shipping Required",1,0089690001015,,,,,,
114857439,175036694,کفش طبی چرم طبیعی زنانه پورفسور مارتین مدل ملوین کلاریس رنگ: مشکی، سایز: 42,3663000,6105000,Commodity,"Approved, Online Payment, Bank Payment, Cash On Delivery, Shipping Required",1,0089680001042,,,,,,
114857438,175036694,کفش طبی چرم طبیعی زنانه پورفسور مارتین مدل ملوین کلاریس رنگ: مشکی، سایز: 41,3663000,6105000,Commodity,"Approved, Online Payment, Bank Payment, Cash On Delivery, Shipping Required",2,0089680001041,,,,,,
114857437,175036694,کفش طبی چرم طبیعی زنانه پورفسور مارتین مدل ملوین کلاریس رنگ: مشکی، سایز: 40,3663000,6105000,Commodity,"Approved, Online Payment, Bank Payment, Cash On Delivery, Shipping Required",2,0089680001040,,,,,,
114857436,175036694,کفش طبی چرم طبیعی زنانه پورفسور مارتین مدل ملوین کلاریس رنگ: مشکی، سایز: 39,3663000,6105000,Commodity,"Approved, Online Payment, Bank Payment, Cash On Delivery, Shipping Required",2,0089680001021,,,,,,
114857435,175036694,کفش طبی چرم طبیعی زنانه پورفسور مارتین مدل ملوین کلاریس رنگ: مشکی، سایز: 38,3663000,6105000,Commodity,"Approved, Online Payment, Bank Payment, Cash On Delivery, Shipping Required",2,0089680001019,,,,,,
114857434,175036694,کفش طبی چرم طبیعی زنانه پورفسور مارتین مدل ملوین کلاریس رنگ: مشکی، سایز: 37,3663000,6105000,Commodity,"Approved, Online Payment, Bank Payment, Cash On Delivery, Shipping Required",1,0089680001017,,,,,,
114857433,175036694,کفش طبی چرم طبیعی زنانه پورفسور مارتین مدل ملوین کلاریس رنگ: مشکی، سایز: 36,3663000,6105000,Commodity,"Approved, Online Payment, Bank Payment, Cash On Delivery, Shipping Required",1,0089680001015,,,,,,
114857357,175036583,ست هدیه زنانه چرم طبیعی مدل M22,1330000,1900000,Commodity,"Approved, Online Payment, Bank Payment, Cash On Delivery, Shipping Required",2,,,,,,,
114857350,175036578,ست هدیه زنانه چرم طبیعی مدل M14/1,1521800,2174000,Commodity,"Approved, Online Payment, Bank Payment, Cash On Delivery, Shipping Required",2,,,,,,,
114857344,175036571,کفش طبی چرم طبیعی زنانه پورفسور مارتین مدل نرس کشی ونیز رنگ: قهوه ای، سایز: 41,3960000,6600000,Commodity,"Approved, Online Payment, Bank Payment, Cash On Delivery, Shipping Required",1,0089700002041,,,,,,
114857343,175036571,کفش طبی چرم طبیعی زنانه پورفسور مارتین مدل نرس کشی ونیز رنگ: قهوه ای، سایز: 40,3960000,6600000,Commodity,"Approved, Online Payment, Bank Payment, Cash On Delivery, Shipping Required",2,0089700002040,,,,,,
114857342,175036571,کفش طبی چرم طبیعی زنانه پورفسور مارتین مدل نرس کشی ونیز رنگ: قهوه ای، سایز: 39,3960000,6600000,Commodity,"Approved, Online Payment, Bank Payment, Cash On Delivery, Shipping Required",2,0089700002021,,,,,,
114857341,175036571,کفش طبی چرم طبیعی زنانه پورفسور مارتین مدل نرس کشی ونیز رنگ: قهوه ای، سایز: 38,3960000,6600000,Commodity,"Approved, Online Payment, Bank Payment, Cash On Delivery, Shipping Required",3,0089700002019,,,,,,
114857340,175036571,کفش طبی چرم طبیعی زنانه پورفسور مارتین مدل نرس کشی ونیز رنگ: قهوه ای، سایز: 37,3960000,6600000,Commodity,"Approved, Online Payment, Bank Payment, Cash On Delivery, Shipping Required",3,0089700002017,,,,,,
114857339,175036571,کفش طبی چرم طبیعی زنانه پورفسور مارتین مدل نرس کشی ونیز رنگ: قهوه ای، سایز: 36,3960000,6600000,Commodity,"Approved, Online Payment, Bank Payment, Cash On Delivery, Shipping Required",1,0089700002015,,,,,,
114857325,175036557,کفش طبی چرم طبیعی زنانه پورفسور مارتین مدل هالوکس والگوس رنگ: مشکی، سایز: 42,4059000,6765000,Commodity,"Approved, Online Payment, Bank Payment, Cash On Delivery, Shipping Required",1,0089760001042,,,,,,
114857324,175036557,کفش طبی چرم طبیعی زنانه پورفسور مارتین مدل هالوکس والگوس رنگ: مشکی، سایز: 41,4059000,6765000,Commodity,"Approved, Online Payment, Bank Payment, Cash On Delivery, Shipping Required",0,0089760001041,,,,,,
114857323,175036557,کفش طبی چرم طبیعی زنانه پورفسور مارتین مدل هالوکس والگوس رنگ: مشکی، سایز: 40,4059000,6765000,Commodity,"Approved, Online Payment, Bank Payment, Cash On Delivery, Shipping Required",3,0089760001040,,,,,,
114857322,175036557,کفش طبی چرم طبیعی زنانه پورفسور مارتین مدل هالوکس والگوس رنگ: مشکی، سایز: 39,4059000,6765000,Commodity,"Approved, Online Payment, Bank Payment, Cash On Delivery, Shipping Required",2,0089760001021,,,,,,
114857321,175036557,کفش طبی چرم طبیعی زنانه پورفسور مارتین مدل هالوکس والگوس رنگ: مشکی، سایز: 38,4059000,6765000,Commodity,"Approved, Online Payment, Bank Payment, Cash On Delivery, Shipping Required",3,0089760001019,,,,,,
114857320,175036557,کفش طبی چرم طبیعی زنانه پورفسور مارتین مدل هالوکس والگوس رنگ: مشکی، سایز: 37,4059000,6765000,Commodity,"Approved, Online Payment, Bank Payment, Cash On Delivery, Shipping Required",1,0089760001017,,,,,,
114857319,175036557,کفش طبی چرم طبیعی زنانه پورفسور مارتین مدل هالوکس والگوس رنگ: مشکی، سایز: 36,4059000,6765000,Commodity,"Approved, Online Payment, Bank Payment, Cash On Delivery, Shipping Required",0,0089760001015,,,,,,
114857290,175036546,کفش طبی چرم طبیعی زنانه پورفسور مارتین مدل ملوین ونیز رنگ: مشکی، سایز: 41,3861000,6435000,Commodity,"Approved, Online Payment, Bank Payment, Cash On Delivery, Shipping Required",1,0089740001041,,,,,,
114857289,175036546,کفش طبی چرم طبیعی زنانه پورفسور مارتین مدل ملوین ونیز رنگ: مشکی، سایز: 40,3861000,6435000,Commodity,"Approved, Online Payment, Bank Payment, Cash On Delivery, Shipping Required",2,0089740001040,,,,,,
114857288,175036546,کفش طبی چرم طبیعی زنانه پورفسور مارتین مدل ملوین ونیز رنگ: مشکی، سایز: 39,3861000,6435000,Commodity,"Approved, Online Payment, Bank Payment, Cash On Delivery, Shipping Required",3,0089740001021,,,,,,
114857287,175036546,کفش طبی چرم طبیعی زنانه پورفسور مارتین مدل ملوین ونیز رنگ: مشکی، سایز: 38,3861000,6435000,Commodity,"Approved, Online Payment, Bank Payment, Cash On Delivery, Shipping Required",2,0089740001019,,,,,,
114857286,175036546,کفش طبی چرم طبیعی زنانه پورفسور مارتین مدل ملوین ونیز رنگ: مشکی، سایز: 37,3861000,6435000,Commodity,"Approved, Online Payment, Bank Payment, Cash On Delivery, Shipping Required",2,0089740001017,,,,,,
114857285,175036546,کفش طبی چرم طبیعی زنانه پورفسور مارتین مدل ملوین ونیز رنگ: مشکی، سایز: 36,3861000,6435000,Commodity,"Approved, Online Payment, Bank Payment, Cash On Delivery, Shipping Required",1,0089740001015,,,,,,
114857259,175036532,کفش طبی چرم طبیعی زنانه پورفسور مارتین مدل میشل کلاریس رنگ: مشکی، سایز: 42,4158000,6930000,Commodity,"Approved, Online Payment, Bank Payment, Cash On Delivery, Shipping Required",3,0089710001043,,,,,,
114857258,175036532,کفش طبی چرم طبیعی زنانه پورفسور مارتین مدل میشل کلاریس رنگ: مشکی، سایز: 41,4158000,6930000,Commodity,"Approved, Online Payment, Bank Payment, Cash On Delivery, Shipping Required",2,0089710001041,,,,,,
114857257,175036532,کفش طبی چرم طبیعی زنانه پورفسور مارتین مدل میشل کلاریس رنگ: مشکی، سایز: 40,4158000,6930000,Commodity,"Approved, Online Payment, Bank Payment, Cash On Delivery, Shipping Required",3,0089710001040,,,,,,
114857256,175036532,کفش طبی چرم طبیعی زنانه پورفسور مارتین مدل میشل کلاریس رنگ: مشکی، سایز: 39,4158000,6930000,Commodity,"Approved, Online Payment, Bank Payment, Cash On Delivery, Shipping Required",5,0089710001021,,,,,,
114857255,175036532,کفش طبی چرم طبیعی زنانه پورفسور مارتین مدل میشل کلاریس رنگ: مشکی، سایز: 38,4158000,6930000,Commodity,"Approved, Online Payment, Bank Payment, Cash On Delivery, Shipping Required",6,0089710001019,,,,,,
114857254,175036532,کفش طبی چرم طبیعی زنانه پورفسور مارتین مدل میشل کلاریس رنگ: مشکی، سایز: 37,4158000,6930000,Commodity,"Approved, Online Payment, Bank Payment, Cash On Delivery, Shipping Required",1,0089710001017,,,,,,
114857253,175036532,کفش طبی چرم طبیعی زنانه پورفسور مارتین مدل میشل کلاریس رنگ: مشکی، سایز: 36,4158000,6930000,Commodity,"Approved, Online Payment, Bank Payment, Cash On Delivery, Shipping Required",1,0089710001015,,,,,,
114857182,175036456,کفش طبی چرم طبیعی زنانه پورفسور مارتین مدل پینکسون کلاریس رنگ: مشکی، سایز: 41,3861000,6435000,Commodity,"Approved, Online Payment, Bank Payment, Cash On Delivery, Shipping Required",1,0089750001041,,,,,,
114857181,175036456,کفش طبی چرم طبیعی زنانه پورفسور مارتین مدل پینکسون کلاریس رنگ: مشکی، سایز: 40,3861000,6435000,Commodity,"Approved, Online Payment, Bank Payment, Cash On Delivery, Shipping Required",1,0089750001040,,,,,,
114857180,175036456,کفش طبی چرم طبیعی زنانه پورفسور مارتین مدل پینکسون کلاریس رنگ: مشکی، سایز: 39,3861000,6435000,Commodity,"Approved, Online Payment, Bank Payment, Cash On Delivery, Shipping Required",3,0089750001021,,,,,,
114857179,175036456,کفش طبی چرم طبیعی زنانه پورفسور مارتین مدل پینکسون کلاریس رنگ: مشکی، سایز: 38,3861000,6435000,Commodity,"Approved, Online Payment, Bank Payment, Cash On Delivery, Shipping Required",3,0089750001019,,,,,,
114857178,175036456,کفش طبی چرم طبیعی زنانه پورفسور مارتین مدل پینکسون کلاریس رنگ: مشکی، سایز: 37,3861000,6435000,Commodity,"Approved, Online Payment, Bank Payment, Cash On Delivery, Shipping Required",1,0089750001017,,,,,,
114857177,175036456,کفش طبی چرم طبیعی زنانه پورفسور مارتین مدل پینکسون کلاریس رنگ: مشکی، سایز: 36,3861000,6435000,Commodity,"Approved, Online Payment, Bank Payment, Cash On Delivery, Shipping Required",1,0089750001015,,,,,,
114857127,175036380,کفش طبی چرم طبیعی مردانه پورفسور مارتین مدل کلارکسون رنگ: مشکی، سایز: 46,4257000,7095000,Commodity,"Approved, Online Payment, Bank Payment, Cash On Delivery, Shipping Required",1,0089770001046,,,,,,
114857126,175036380,کفش طبی چرم طبیعی مردانه پورفسور مارتین مدل کلارکسون رنگ: مشکی، سایز: 45,4257000,7095000,Commodity,"Approved, Online Payment, Bank Payment, Cash On Delivery, Shipping Required",2,0089770001045,,,,,,
114857125,175036380,کفش طبی چرم طبیعی مردانه پورفسور مارتین مدل کلارکسون رنگ: مشکی، سایز: 44,4257000,7095000,Commodity,"Approved, Online Payment, Bank Payment, Cash On Delivery, Shipping Required",0,0089770001044,,,,,,
114857124,175036380,کفش طبی چرم طبیعی مردانه پورفسور مارتین مدل کلارکسون رنگ: مشکی، سایز: 43,4257000,7095000,Commodity,"Approved, Online Payment, Bank Payment, Cash On Delivery, Shipping Required",3,0089770001043,,,,,,
114857123,175036380,کفش طبی چرم طبیعی مردانه پورفسور مارتین مدل کلارکسون رنگ: مشکی، سایز: 42,4257000,7095000,Commodity,"Approved, Online Payment, Bank Payment, Cash On Delivery, Shipping Required",1,0089770001042,,,,,,
114857122,175036380,کفش طبی چرم طبیعی مردانه پورفسور مارتین مدل کلارکسون رنگ: مشکی، سایز: 41,4257000,7095000,Commodity,"Approved, Online Payment, Bank Payment, Cash On Delivery, Shipping Required",0,0089770001041,,,,,,
114857121,175036380,کفش طبی چرم طبیعی مردانه پورفسور مارتین مدل کلارکسون رنگ: مشکی، سایز: 40,4257000,7095000,Commodity,"Approved, Online Payment, Bank Payment, Cash On Delivery, Shipping Required",0,0089770001040,,,,,,
114857092,175036320,کفش طبی چرم طبیعی مردانه پورفسور مارتین مدل کلارکسون رنگ: قهوه ای، سایز: 46,4257000,7095000,Commodity,"Approved, Online Payment, Bank Payment, Cash On Delivery, Shipping Required",1,0089770002046,,,,,,
114857091,175036320,کفش طبی چرم طبیعی مردانه پورفسور مارتین مدل کلارکسون رنگ: قهوه ای، سایز: 45,4257000,7095000,Commodity,"Approved, Online Payment, Bank Payment, Cash On Delivery, Shipping Required",1,0089770002045,,,,,,
114857090,175036320,کفش طبی چرم طبیعی مردانه پورفسور مارتین مدل کلارکسون رنگ: قهوه ای، سایز: 44,4257000,7095000,Commodity,"Approved, Online Payment, Bank Payment, Cash On Delivery, Shipping Required",2,0089770002044,,,,,,
114857089,175036320,کفش طبی چرم طبیعی مردانه پورفسور مارتین مدل کلارکسون رنگ: قهوه ای، سایز: 43,4257000,7095000,Commodity,"Approved, Online Payment, Bank Payment, Cash On Delivery, Shipping Required",3,0089770002043,,,,,,
114857088,175036320,کفش طبی چرم طبیعی مردانه پورفسور مارتین مدل کلارکسون رنگ: قهوه ای، سایز: 42,4257000,7095000,Commodity,"Approved, Online Payment, Bank Payment, Cash On Delivery, Shipping Required",0,0089770002042,,,,,,
114857087,175036320,کفش طبی چرم طبیعی مردانه پورفسور مارتین مدل کلارکسون رنگ: قهوه ای، سایز: 41,4257000,7095000,Commodity,"Approved, Online Payment, Bank Payment, Cash On Delivery, Shipping Required",2,0089770002041,,,,,,
114857086,175036320,کفش طبی چرم طبیعی مردانه پورفسور مارتین مدل کلارکسون رنگ: قهوه ای، سایز: 40,4257000,7095000,Commodity,"Approved, Online Payment, Bank Payment, Cash On Delivery, Shipping Required",1,0089770002040,,,,,,
114857048,175036210,کفش طبی چرم طبیعی مردانه پورفسور مارتین مدل کلارکسون رنگ: عسلی، سایز: 46,4257000,7095000,Commodity,"Approved, Online Payment, Bank Payment, Cash On Delivery, Shipping Required",0,0089770027046,,,,,,
114857047,175036210,کفش طبی چرم طبیعی مردانه پورفسور مارتین مدل کلارکسون رنگ: عسلی، سایز: 45,4257000,7095000,Commodity,"Approved, Online Payment, Bank Payment, Cash On Delivery, Shipping Required",2,0089770027045,,,,,,
114857046,175036210,کفش طبی چرم طبیعی مردانه پورفسور مارتین مدل کلارکسون رنگ: عسلی، سایز: 44,4257000,7095000,Commodity,"Approved, Online Payment, Bank Payment, Cash On Delivery, Shipping Required",1,0089770027044,,,,,,
114857045,175036210,کفش طبی چرم طبیعی مردانه پورفسور مارتین مدل کلارکسون رنگ: عسلی، سایز: 43,4257000,7095000,Commodity,"Approved, Online Payment, Bank Payment, Cash On Delivery, Shipping Required",3,0089770027043,,,,,,
114857044,175036210,کفش طبی چرم طبیعی مردانه پورفسور مارتین مدل کلارکسون رنگ: عسلی، سایز: 42,4257000,7095000,Commodity,"Approved, Online Payment, Bank Payment, Cash On Delivery, Shipping Required",3,0089770027042,,,,,,
114857043,175036210,کفش طبی چرم طبیعی مردانه پورفسور مارتین مدل کلارکسون رنگ: عسلی، سایز: 41,4257000,7095000,Commodity,"Approved, Online Payment, Bank Payment, Cash On Delivery, Shipping Required",2,0089770027041,,,,,,
114857042,175036210,کفش طبی چرم طبیعی مردانه پورفسور مارتین مدل کلارکسون رنگ: عسلی، سایز: 40,4257000,7095000,Commodity,"Approved, Online Payment, Bank Payment, Cash On Delivery, Shipping Required",0,0089770027040,,,,,,
114857013,175036170,کوله پشتی مدل sp251,1155000,1650000,Commodity,"Approved, Online Payment, Bank Payment, Cash On Delivery, Shipping Required",1,0087630001000,,,,,,
114857012,175036168,کوله پشتی مدل sp251,1155000,1650000,Commodity,"Approved, Online Payment, Bank Payment, Cash On Delivery, Shipping Required",2,0087630001000,,,,,,
114856990,175036107,کوله پشتی مدل sp332,2194500,3135000,Commodity,"Approved, Online Payment, Bank Payment, Cash On Delivery, Shipping Required",3,0089510001000,,,,,,
114856980,175036101,کوله پشتی مدل sp329,2356200,3366000,Commodity,"Approved, Online Payment, Bank Payment, Cash On Delivery, Shipping Required",5,0089480001000,,,,,,
114856921,175036011,کیف زنانه چرم ترکیبی کد 1921,3696000,5280000,Commodity,"Approved, Online Payment, Bank Payment, Cash On Delivery, Shipping Required",1,0085720001000,,,,,,
114844411,175021979,کیف زنانه چرم ترکیبی کد 1940,2656500,3795000,Commodity,"Approved, Online Payment, Bank Payment, Cash On Delivery, Shipping Required",1,0085770027000,,,,,,
114844409,175021977,کیف زنانه چرم ترکیبی کد 1940 رنگ: سبز,2656500,3795000,Commodity,"Approved, Online Payment, Bank Payment, Cash On Delivery, Shipping Required",1,0085770013000,,,,,,
114844402,175021975,کیف زنانه چرم ترکیبی کد 1935,2772000,3960000,Commodity,"Approved, Online Payment, Bank Payment, Cash On Delivery, Shipping Required",1,008738006000,,,,,,
114844399,175021972,کیف زنانه چرم ترکیبی کد 1935,2772000,39600000,Commodity,"Approved, Online Payment, Bank Payment, Cash On Delivery, Shipping Required",1,0087380027000,,,,,,
114844378,175021942,کیف زنانه چرم ترکیبی کد 1925,2541000,3630000,Commodity,"Approved, Online Payment, Bank Payment, Cash On Delivery, Shipping Required",1,0083808581000,,,,,,
114844374,175021940,کیف زنانه چرم ترکیبی کد 1925,2541000,3630000,Commodity,"Approved, Online Payment, Bank Payment, Cash On Delivery, Shipping Required",4,008380001000,,,,,,
114844297,175021751,کیف زنانه چرم ترکیبی کد 1943,2656500,3795000,Commodity,"Approved, Online Payment, Bank Payment, Cash On Delivery, Shipping Required",1,0087460001000,,,,,,
114844291,175021745,کیف زنانه چرم ترکیبی کد 1943,2656500,3795000,Commodity,"Approved, Online Payment, Bank Payment, Cash On Delivery, Shipping Required",1,0087460027000,,,,,,
114844250,175021632,کیف زنانه چرم ترکیبی کد 1948 رنگ: مشکی,3465000,4950000,Commodity,"Approved, Online Payment, Bank Payment, Cash On Delivery, Shipping Required",3,0087430017000,,,,,,
114844245,175021629,کیف زنانه چرم ترکیبی کد 1948 رنگ: طوسی,3465000,4950000,Commodity,"Approved, Online Payment, Bank Payment, Cash On Delivery, Shipping Required",1,0087430017000,,,,,,
114844202,175021549,کیف زنانه چرم ترکیبی کد 1921 رنگ: عسلی,3696000,5280000,Commodity,"Approved, Online Payment, Bank Payment, Cash On Delivery, Shipping Required",1,0085720027000,,,,,,
114844200,175021547,کیف زنانه چرم ترکیبی کد 1921 رنگ: طوسی,3696000,5280000,Commodity,"Approved, Online Payment, Bank Payment, Cash On Delivery, Shipping Required",1,0085720017000,,,,,,
114844199,175021547,کیف زنانه چرم ترکیبی کد 1921 رنگ: مشکی,3696000,5280000,Commodity,"Approved, Online Payment, Bank Payment, Cash On Delivery, Shipping Required",1,0085720001000,,,,,,
114844189,175021529,کیف زنانه چرم ترکیبی کد 1957 رنگ: سماقی,3118500,4455000,Commodity,"Approved, Online Payment, Bank Payment, Cash On Delivery, Shipping Required",1,0085733012000,,,,,,
114844179,175021522,کیف زنانه چرم ترکیبی کد 1957 رنگ: ویزون,3118500,4455000,Commodity,"Approved, Online Payment, Bank Payment, Cash On Delivery, Shipping Required",1,0085738581000,,,,,,
114844177,175021520,کیف زنانه چرم ترکیبی کد 1957 رنگ: مشکی,3118500,4455000,Commodity,"Approved, Online Payment, Bank Payment, Cash On Delivery, Shipping Required",1,0085730001000,,,,,,
114844174,175021517,کیف زنانه چرم ترکیبی کد 1957 رنگ: عسلی,3118500,4455000,Commodity,"Approved, Online Payment, Bank Payment, Cash On Delivery, Shipping Required",1,0085730027000,,,,,,
114844144,175021487,کیف زنانه چرم ترکیبی کد 1972 رنگ: زرشکی,3003000,4290000,Commodity,"Approved, Online Payment, Bank Payment, Cash On Delivery, Shipping Required",1,0087370006000,,,,,,
114844143,175021480,کیف زنانه چرم ترکیبی کد 1972 رنگ: ویزون,3003000,4290000,Commodity,"Approved, Online Payment, Bank Payment, Cash On Delivery, Shipping Required",1,0087378581000,,,,,,
114844139,175021476,کیف زنانه چرم ترکیبی کد 1972 رنگ: مشکی,3003000,4290000,Commodity,"Approved, Online Payment, Bank Payment, Cash On Delivery, Shipping Required",3,0087370001000,,,,,,
114844136,175021473,کیف زنانه چرم ترکیبی کد 1972 رنگ: کرم,3003000,4290000,Commodity,"Approved, Online Payment, Bank Payment, Cash On Delivery, Shipping Required",1,0087370010000,,,,,,
114844123,175021467,کیف زنانه چرم ترکیبی کد 1908 رنگ: مشکی,3465000,4950000,Commodity,"Approved, Online Payment, Bank Payment, Cash On Delivery, Shipping Required",2,0083730001000,,,,,,
114844120,175021412,کیف زنانه چرم ترکیبی کد 1908 رنگ: زرشکی,3465000,4950000,Commodity,"Approved, Online Payment, Bank Payment, Cash On Delivery, Shipping Required",1,0083730006000,,,,,,
114844102,175021411,کیف زنانه چرم ترکیبی کد 1908 رنگ: سبز,3465000,4950000,Commodity,"Approved, Online Payment, Bank Payment, Cash On Delivery, Shipping Required",1,0083730013000,,,,,,
114844093,175021400,کیف زنانه چرم ترکیبی کد 1942 رنگ: ویزون,3349500,4785000,Commodity,"Approved, Online Payment, Bank Payment, Cash On Delivery, Shipping Required",1,0085808581000,,,,,,
114844061,175021296,کیف زنانه چرم ترکیبی کد 1942 رنگ: عسلی,3349500,4785000,Commodity,"Approved, Online Payment, Bank Payment, Cash On Delivery, Shipping Required",1,0085800027000,,,,,,
114844052,175021276,کیف زنانه چرم ترکیبی کد 1942 رنگ: طوسی,3349500,4785000,Commodity,"Approved, Online Payment, Bank Payment, Cash On Delivery, Shipping Required",1,0085800017000,,,,,,
114844032,175021239,کیف زنانه چرم ترکیبی کد 1942 رنگ: سرمه ای,3349500,4785000,Commodity,"Approved, Online Payment, Bank Payment, Cash On Delivery, Shipping Required",1,0085800007000,,,,,,
114842992,175019606,کیف زنانه چرم ترکیبی کد 1898 رنگ: سبز,3349500,4785000,Commodity,"Approved, Online Payment, Bank Payment, Cash On Delivery, Shipping Required",1,0086840013000,,,,,,
114842874,175019349,کیف زنانه چرم ترکیبی کد 1886 رنگ: زرد,2725800,3894000,Commodity,"Approved, Online Payment, Bank Payment, Cash On Delivery, Shipping Required",1,0080240009000,,,,,,
114842412,175019214,کیف زنانه چرم ترکیبی کد 1886 رنگ: قرمز,2725800,3894000,Commodity,"Approved, Online Payment, Bank Payment, Cash On Delivery, Shipping Required",1,0080240004000,,,,,,
114842406,175019209,کیف زنانه چرم ترکیبی کد 1886 رنگ: سبز,2725800,3894000,Commodity,"Approved, Online Payment, Bank Payment, Cash On Delivery, Shipping Required",1,0080240013000,,,,,,
114842404,175019207,کیف زنانه چرم ترکیبی کد 1886 رنگ: ویزون,2725800,3894000,Commodity,"Approved, Online Payment, Bank Payment, Cash On Delivery, Shipping Required",1,0080248581000,,,,,,
114842268,175019020,کیف زنانه چرم ترکیبی کد 1879 رنگ: طوسی,2205000,3150000,Commodity,"Approved, Online Payment, Bank Payment, Cash On Delivery, Shipping Required",1,0080920017000,,,,,,
114841714,175018750,کیف زنانه چرم ترکیبی کد 1854 رنگ: ویزون,2656500,3795000,Commodity,"Approved, Online Payment, Bank Payment, Cash On Delivery, Shipping Required",1,0078758581000,,,,,,
114841668,175018641,کیف زنانه چرم ترکیبی کد 1953 رنگ: عسلی,2656500,3795000,Commodity,"Approved, Online Payment, Bank Payment, Cash On Delivery, Shipping Required",1,0085740027000,,,,,,
114841664,175018637,کیف زنانه چرم ترکیبی کد 1953 رنگ: طوسی,2656500,3795000,Commodity,"Approved, Online Payment, Bank Payment, Cash On Delivery, Shipping Required",1,0085740017000,,,,,,
114841620,175018578,کیف زنانه چرم ترکیبی کد 1953 رنگ: سماقی,2656500,3795000,Commodity,"Approved, Online Payment, Bank Payment, Cash On Delivery, Shipping Required",1,0085743012000,,,,,,
114841608,175018556,کیف زنانه چرم ترکیبی کد 1953 رنگ: کرم,2656500,3795000,Commodity,"Approved, Online Payment, Bank Payment, Cash On Delivery, Shipping Required",1,008574001000,,,,,,
114841491,175018285,ست هدیه چرم طبیعی کهن چرم مدل MK5,3220000,4600000,Commodity,"Approved, Online Payment, Bank Payment, Cash On Delivery, Shipping Required",1,,,,,,,
114841473,175018264,ست هدیه چرم طبیعی کهن چرم مدل MK8,3010000,4300000,Commodity,"Approved, Online Payment, Bank Payment, Cash On Delivery, Shipping Required",2,,,,,,,
114841438,175018251,کیف پول چرم طبیعی زنانه مدل LW50 رنگ: قرمز,1804670,2578100,Commodity,"Approved, Online Payment, Bank Payment, Cash On Delivery, Shipping Required",1,0014150004000,,,,,,
114841421,175018228,ست هدیه چرم بزی مدل MG1,770000,1100000,Commodity,"Approved, Online Payment, Bank Payment, Cash On Delivery, Shipping Required",1,,,,,,,
114841393,175018169,ست هدیه مردانه چرم طبیعی مدل M6,1400000,2000000,Commodity,"Approved, Online Payment, Bank Payment, Cash On Delivery, Shipping Required",2,,,,,,,
114841385,175018165,ست هدیه مردانه چرم طبیعی مدل M6,1400000,2000000,Commodity,"Approved, Online Payment, Bank Payment, Cash On Delivery, Shipping Required",2,,,,,,,
114841316,175018031,ست هدیه چرم طبیعی مدل M5,2030000,2900000,Commodity,"Approved, Online Payment, Bank Payment, Cash On Delivery, Shipping Required",2,,,,,,,
114841308,175018025,ست هدیه چرم طبیعی مدل M5,2030000,2900000,Commodity,"Approved, Online Payment, Bank Payment, Cash On Delivery, Shipping Required",2,,,,,,,
114841301,175018018,ست هدیه چرم طبیعی مدل M5,2030000,2900000,Commodity,"Approved, Online Payment, Bank Payment, Cash On Delivery, Shipping Required",2,,,,,,,
114841158,175017722,ست هدیه مردانه چرم طبیعی مدل M1,1050000,1500000,Commodity,"Approved, Online Payment, Bank Payment, Cash On Delivery, Shipping Required",2,,,,,,,
114841138,175017661,ست هدیه مردانه چرم طبیعی مدل M1,1050000,1500000,Commodity,"Approved, Online Payment, Bank Payment, Cash On Delivery, Shipping Required",2,,,,,,,
114841137,175017659,ست هدیه مردانه چرم طبیعی مدل M1,1050000,1500000,Commodity,"Approved, Online Payment, Bank Payment, Cash On Delivery, Shipping Required",2,,,,,,,
114841119,175017632,ست هدیه مردانه چرم طبیعی مدل M12,2416400,3452000,Commodity,"Approved, Online Payment, Bank Payment, Cash On Delivery, Shipping Required",2,,,,,,,
114841064,175017536,ست هدیه زنانه چرم طبیعی مدل K9,2940000,4200000,Commodity,"Approved, Online Payment, Bank Payment, Cash On Delivery, Shipping Required",2,,,,,,,
114841052,175017512,ست هدیه مردانه چرم طبیعی کهن چرم مدل K1,3500000,5000000,Commodity,"Approved, Online Payment, Bank Payment, Cash On Delivery, Shipping Required",2,,,,,,,
114841020,175017425,ست هدیه مردانه چرم طبیعی مدل M3,1761900,2517000,Commodity,"Approved, Online Payment, Bank Payment, Cash On Delivery, Shipping Required",2,,,,,,,
114840969,175017316,ست هدیه مردانه چرم طبیعی مدل M3,1761900,2517000,Commodity,"Approved, Online Payment, Bank Payment, Cash On Delivery, Shipping Required",2,,,,,,,
114840966,175017314,ست هدیه مردانه چرم طبیعی مدل M3,1761900,2517000,Commodity,"Approved, Online Payment, Bank Payment, Cash On Delivery, Shipping Required",2,,,,,,,
114840635,175016953,ست هدیه مردانه چرم طبیعی مدل M7,1428000,2040000,Commodity,"Approved, Online Payment, Bank Payment, Cash On Delivery, Shipping Required",,,,,,,,
114840627,175016947,ست هدیه مردانه چرم طبیعی مدل M7,1428000,2040000,Commodity,"Approved, Online Payment, Bank Payment, Cash On Delivery, Shipping Required",2,,,,,,,
114840616,175016939,ست هدیه مردانه چرم طبیعی مدل M7,1428000,2040000,Commodity,"Approved, Online Payment, Bank Payment, Cash On Delivery, Shipping Required",2,,,,,,,
114791771,174940955,کیف لپ تاپ مدل p257,3003000,4290000,Commodity,"Approved, Online Payment, Bank Payment, Cash On Delivery, Shipping Required",2,0089560001000,,,,,,
114791769,174940947,کیف لپ تاپ مدل p255,2310000,3300000,Commodity,"Approved, Online Payment, Bank Payment, Cash On Delivery, Shipping Required",3,0089540001000,,,,,,
114791579,174940755,کیف پول کتی چرم طبیعی مدل lw7 رنگ: مشکی,980000,1400000,Commodity,"Approved, Online Payment, Bank Payment, Cash On Delivery, Shipping Required",1,0041750001000,,,,,,
114791575,174940741,ساک ورزشی مدل sp331,970200,1386000,Commodity,"Approved, Online Payment, Bank Payment, Cash On Delivery, Shipping Required",5,008950001000,,,,,,
114791508,174940595,کیف پول جیبی چرم طبیعی مدل lp36 رنگ: قهوه ای,793800,1134000,Commodity,"Approved, Online Payment, Bank Payment, Cash On Delivery, Shipping Required",1,0053080002000,,,,,,
114791410,174940488,کیف پول جیبی چرم طبیعی مدل lp2 رنگ: قهوه ای,654500,935000,Commodity,"Approved, Online Payment, Bank Payment, Cash On Delivery, Shipping Required",1,0010770002000,,,,,,
114791387,174940431,کیف پول زنانه چرم طبیعی مدل lwk40,1416100,2023000,Commodity,"Approved, Online Payment, Bank Payment, Cash On Delivery, Shipping Required",1,0012090001000,,,,,,
114791364,174940416,کیف پوا کتی چرم طبیعی مدل lw60 رنگ: مشکی,744800,1064000,Commodity,"Approved, Online Payment, Bank Payment, Cash On Delivery, Shipping Required",1,0076950001000,,,,,,
114791357,174940410,کیف پول کتی چرم طبیعی مدل lw11 رنگ: عسلی,980000,1400000,Commodity,"Approved, Online Payment, Bank Payment, Cash On Delivery, Shipping Required",1,0045710027000,,,,,,
114791325,174940340,کیف مدارک چرم طبیعی مدل ps13 رنگ: مشکی,1617000,2310000,Commodity,"Approved, Online Payment, Bank Payment, Cash On Delivery, Shipping Required",1,0010150001000,,,,,,
114791297,174940283,کیف پول چرم طبیعی مدل lw4,742700,1061000,Commodity,"Approved, Online Payment, Bank Payment, Cash On Delivery, Shipping Required",1,0010740027000,,,,,,
114791266,174940213,کیف پول کتی چرم طبیعی مدل lw2 رنگ: قهوه ای,651700,931000,Commodity,"Approved, Online Payment, Bank Payment, Cash On Delivery, Shipping Required",1,0010080002000,,,,,,
114791254,174940183,کیف پول زنانه چرم طبیعی مدل lwk39,1547000,2210000,Commodity,"Approved, Online Payment, Bank Payment, Cash On Delivery, Shipping Required",1,0012290001000,,,,,,
114790999,174939783,کیف پول کتی چرم طبیعی مدل lw61 رنگ: عسلی,940800,1344000,Commodity,"Approved, Online Payment, Bank Payment, Cash On Delivery, Shipping Required",1,0053070027000,,,,,,
114790997,174939781,کیف پول جیبی چرم طبیعی مدل lp40,630000,900000,Commodity,"Approved, Online Payment, Bank Payment, Cash On Delivery, Shipping Required",1,0076910038000,,,,,,
114790983,174939743,کیف پول جیبی چرم طبیعی مدل lp37,764400,1092000,Commodity,"Approved, Online Payment, Bank Payment, Cash On Delivery, Shipping Required",1,0053060001000,,,,,,
114790981,174939741,کیف پول جیبی چرم طبیعی مدل lp40 رنگ: سرمه ای,630000,900000,Commodity,"Approved, Online Payment, Bank Payment, Cash On Delivery, Shipping Required",1,0076910007000,,,,,,
114790957,174939735,کیف مدارک چرم طبیعی مدل ps13 رنگ: عسلی,1617000,2310000,Commodity,"Approved, Online Payment, Bank Payment, Cash On Delivery, Shipping Required",1,0010150027000,,,,,,
114790946,174939729,کیف پول جیبی چرم طبیعی مدل lp36 رنگ: عسلی,793800,1134000,Commodity,"Approved, Online Payment, Bank Payment, Cash On Delivery, Shipping Required",1,0053080027000,,,,,,
114781078,174926401,کفش طبی چرم طبیعی زنانه مدل کایا130 رنگ: زرشکی، سایز: 41,2722500,4537500,Commodity,"Approved, Online Payment, Bank Payment, Cash On Delivery, Shipping Required",1,0087120006041,,,,,,
114781077,174926401,کفش طبی چرم طبیعی زنانه مدل کایا130 رنگ: زرشکی، سایز: 40,2722500,4537500,Commodity,"Approved, Online Payment, Bank Payment, Cash On Delivery, Shipping Required",1,0087120006040,,,,,,
114781076,174926401,کفش طبی چرم طبیعی زنانه مدل کایا130 رنگ: زرشکی، سایز: 39,2722500,4537500,Commodity,"Approved, Online Payment, Bank Payment, Cash On Delivery, Shipping Required",3,0087120006021,,,,,,
114781075,174926401,کفش طبی چرم طبیعی زنانه مدل کایا130 رنگ: زرشکی، سایز: 38,2722500,4537500,Commodity,"Approved, Online Payment, Bank Payment, Cash On Delivery, Shipping Required",3,0087120006019,,,,,,
114781074,174926401,کفش طبی چرم طبیعی زنانه مدل کایا130 رنگ: زرشکی، سایز: 37,2722500,4537500,Commodity,"Approved, Online Payment, Bank Payment, Cash On Delivery, Shipping Required",1,0087120006017,,,,,,
114781072,174926393,کفش طبی چرم طبیعی زنانه مدل کایا130 رنگ: عسلی، سایز: 41,2722500,4537500,Commodity,"Approved, Online Payment, Bank Payment, Cash On Delivery, Shipping Required",1,0087120027041,,,,,,
114781071,174926393,کفش طبی چرم طبیعی زنانه مدل کایا130 رنگ: عسلی، سایز: 40,2722500,4537500,Commodity,"Approved, Online Payment, Bank Payment, Cash On Delivery, Shipping Required",2,0087120027040,,,,,,
114781070,174926393,کفش طبی چرم طبیعی زنانه مدل کایا130 رنگ: عسلی، سایز: 39,2722500,4537500,Commodity,"Approved, Online Payment, Bank Payment, Cash On Delivery, Shipping Required",2,0087120027021,,,,,,
114781069,174926393,کفش طبی چرم طبیعی زنانه مدل کایا130 رنگ: عسلی، سایز: 38,2722500,4537500,Commodity,"Approved, Online Payment, Bank Payment, Cash On Delivery, Shipping Required",2,0087120027019,,,,,,
114781068,174926393,کفش طبی چرم طبیعی زنانه مدل کایا130 رنگ: عسلی، سایز: 37,2722500,4537500,Commodity,"Approved, Online Payment, Bank Payment, Cash On Delivery, Shipping Required",1,0087120027017,,,,,,
114781029,174926389,کیف پول جیبی چرم طبیعی مدل lp42 رنگ: عسلی,630000,900000,Commodity,"Approved, Online Payment, Bank Payment, Cash On Delivery, Shipping Required",1,0076938664000,,,,,,
114780955,174926225,کالج چرم طبیعی زنانه رنگ: مشکی، سایز: 39,2831400,4719000,Commodity,"Approved, Online Payment, Bank Payment, Cash On Delivery, Shipping Required",1,0083490001021,,,,,,
114780954,174926225,کالج چرم طبیعی زنانه رنگ: مشکی، سایز: 38,2831400,4719000,Commodity,"Approved, Online Payment, Bank Payment, Cash On Delivery, Shipping Required",2,0083490001019,,,,,,
114780953,174926225,کالج چرم طبیعی زنانه رنگ: مشکی، سایز: 37,2831400,4719000,Commodity,"Approved, Online Payment, Bank Payment, Cash On Delivery, Shipping Required",2,0083490001017,,,,,,
114780949,174926220,کالج چرم طبیعی زنانه رنگ: سرمه ای، سایز: 41,2831400,4719000,Commodity,"Approved, Online Payment, Bank Payment, Cash On Delivery, Shipping Required",1,0083490007041,,,,,,
114780948,174926220,کالج چرم طبیعی زنانه رنگ: سرمه ای، سایز: 40,2831400,4719000,Commodity,"Approved, Online Payment, Bank Payment, Cash On Delivery, Shipping Required",1,0083490007040,,,,,,
114780947,174926220,کالج چرم طبیعی زنانه رنگ: سرمه ای، سایز: 39,2831400,4719000,Commodity,"Approved, Online Payment, Bank Payment, Cash On Delivery, Shipping Required",1,0083490007021,,,,,,
114780946,174926220,کالج چرم طبیعی زنانه رنگ: سرمه ای، سایز: 38,2831400,4719000,Commodity,"Approved, Online Payment, Bank Payment, Cash On Delivery, Shipping Required",0,0083490007019,,,,,,
114780945,174926220,کالج چرم طبیعی زنانه رنگ: سرمه ای، سایز: 37,2831400,4719000,Commodity,"Approved, Online Payment, Bank Payment, Cash On Delivery, Shipping Required",1,0083490007017,,,,,,
114780920,174926147,کفش طبی چرم طبیعی زنانه مدل مازراتی رنگ: طوسی، سایز: 41,2722500,4537500,Commodity,"Approved, Online Payment, Bank Payment, Cash On Delivery, Shipping Required",1,0080040017041,,,,,,
114780919,174926147,کفش طبی چرم طبیعی زنانه مدل مازراتی رنگ: طوسی، سایز: 40,2722500,4537500,Commodity,"Approved, Online Payment, Bank Payment, Cash On Delivery, Shipping Required",2,0080040017040,,,,,,
114780918,174926147,کفش طبی چرم طبیعی زنانه مدل مازراتی رنگ: طوسی، سایز: 39,2722500,4537500,Commodity,"Approved, Online Payment, Bank Payment, Cash On Delivery, Shipping Required",0,0080040017021,,,,,,
114780917,174926147,کفش طبی چرم طبیعی زنانه مدل مازراتی رنگ: طوسی، سایز: 38,2722500,4537500,Commodity,"Approved, Online Payment, Bank Payment, Cash On Delivery, Shipping Required",3,0080040017019,,,,,,
114780916,174926147,کفش طبی چرم طبیعی زنانه مدل مازراتی رنگ: طوسی، سایز: 37,2722500,4537500,Commodity,"Approved, Online Payment, Bank Payment, Cash On Delivery, Shipping Required",1,0080040017017,,,,,,
114780890,174926120,کالج چرم طبیعی زنانه مدل لیزا رنگ: طوسی، سایز: 40,2156220,3593700,Commodity,"Approved, Online Payment, Bank Payment, Cash On Delivery, Shipping Required",1,0085960017040,,,,,,
114780889,174926120,کالج چرم طبیعی زنانه مدل لیزا رنگ: طوسی، سایز: 39,2156220,3593700,Commodity,"Approved, Online Payment, Bank Payment, Cash On Delivery, Shipping Required",2,0085960017021,,,,,,
114780888,174926120,کالج چرم طبیعی زنانه مدل لیزا رنگ: طوسی، سایز: 38,2156220,3593700,Commodity,"Approved, Online Payment, Bank Payment, Cash On Delivery, Shipping Required",3,0085960017019,,,,,,
114780887,174926120,کالج چرم طبیعی زنانه مدل لیزا رنگ: طوسی، سایز: 37,2156220,3593700,Commodity,"Approved, Online Payment, Bank Payment, Cash On Delivery, Shipping Required",2,0085960017017,,,,,,
114780886,174926120,کالج چرم طبیعی زنانه مدل لیزا رنگ: طوسی، سایز: 36,2156220,3593700,Commodity,"Approved, Online Payment, Bank Payment, Cash On Delivery, Shipping Required",1,0085960017015,,,,,,
114780853,174926043,کالج چرم طبیعی زنانه مدل لیزا رنگ: عسلی، سایز: 39,2156220,3593700,Commodity,"Approved, Online Payment, Bank Payment, Cash On Delivery, Shipping Required",1,0085960027021,,,,,,
114780852,174926043,کالج چرم طبیعی زنانه مدل لیزا رنگ: عسلی، سایز: 38,2156220,3593700,Commodity,"Approved, Online Payment, Bank Payment, Cash On Delivery, Shipping Required",3,0085960027019,,,,,,
114780851,174926043,کالج چرم طبیعی زنانه مدل لیزا رنگ: عسلی، سایز: 37,2156220,3593700,Commodity,"Approved, Online Payment, Bank Payment, Cash On Delivery, Shipping Required",2,0085960027017,,,,,,
114780850,174926043,کالج چرم طبیعی زنانه مدل لیزا رنگ: عسلی، سایز: 36,2156220,3593700,Commodity,"Approved, Online Payment, Bank Payment, Cash On Delivery, Shipping Required",1,0085960027015,,,,,,
114780847,174926040,کالج چرم طبیعی زنانه مدل لیزا رنگ: سرمه ای، سایز: 40,2156220,3593700,Commodity,"Approved, Online Payment, Bank Payment, Cash On Delivery, Shipping Required",2,0085960007040,,,,,,
114780845,174926040,کالج چرم طبیعی زنانه مدل لیزا رنگ: سرمه ای، سایز: 38,2156220,3593700,Commodity,"Approved, Online Payment, Bank Payment, Cash On Delivery, Shipping Required",1,0085960007019,,,,,,
114780843,174926040,کالج چرم طبیعی زنانه مدل لیزا رنگ: سرمه ای، سایز: 37,2156220,3593700,Commodity,"Approved, Online Payment, Bank Payment, Cash On Delivery, Shipping Required",2,0085960007017,,,,,,
114780841,174926040,کالج چرم طبیعی زنانه مدل لیزا رنگ: سرمه ای، سایز: 36,2156220,3593700,Commodity,"Approved, Online Payment, Bank Payment, Cash On Delivery, Shipping Required",1,0085960007015,,,,,,
114780793,174925921,کفش طبی چرم طبیعی زنانه مدل کایا132 رنگ: زرشکی، سایز: 41,3049200,5082000,Commodity,"Approved, Online Payment, Bank Payment, Cash On Delivery, Shipping Required",1,0087130006041,,,,,,
114780792,174925921,کفش طبی چرم طبیعی زنانه مدل کایا132 رنگ: زرشکی، سایز: 40,3049200,5082000,Commodity,"Approved, Online Payment, Bank Payment, Cash On Delivery, Shipping Required",3,0087130006040,,,,,,
114780791,174925921,کفش طبی چرم طبیعی زنانه مدل کایا132 رنگ: زرشکی، سایز: 39,3049200,5082000,Commodity,"Approved, Online Payment, Bank Payment, Cash On Delivery, Shipping Required",0,0087130006021,,,,,,
114780790,174925921,کفش طبی چرم طبیعی زنانه مدل کایا132 رنگ: زرشکی، سایز: 38,3049200,5082000,Commodity,"Approved, Online Payment, Bank Payment, Cash On Delivery, Shipping Required",4,0087130006019,,,,,,
114780789,174925921,کفش طبی چرم طبیعی زنانه مدل کایا132 رنگ: زرشکی، سایز: 37,3049200,5082000,Commodity,"Approved, Online Payment, Bank Payment, Cash On Delivery, Shipping Required",1,0087130006017,,,,,,
114780785,174925917,کفش طبی چرم طبیعی زنانه مدل کایا132 رنگ: قرمز، سایز: 41,3049200,5082000,Commodity,"Approved, Online Payment, Bank Payment, Cash On Delivery, Shipping Required",1,0087130004041,,,,,,
114780784,174925917,کفش طبی چرم طبیعی زنانه مدل کایا132 رنگ: قرمز، سایز: 40,3049200,5082000,Commodity,"Approved, Online Payment, Bank Payment, Cash On Delivery, Shipping Required",3,0087130004040,,,,,,
114780783,174925917,کفش طبی چرم طبیعی زنانه مدل کایا132 رنگ: قرمز، سایز: 39,3049200,5082000,Commodity,"Approved, Online Payment, Bank Payment, Cash On Delivery, Shipping Required",2,0087130004021,,,,,,
114780782,174925917,کفش طبی چرم طبیعی زنانه مدل کایا132 رنگ: قرمز، سایز: 38,3049200,5082000,Commodity,"Approved, Online Payment, Bank Payment, Cash On Delivery, Shipping Required",2,0087130004019,,,,,,
114780781,174925917,کفش طبی چرم طبیعی زنانه مدل کایا132 رنگ: قرمز، سایز: 37,3049200,5082000,Commodity,"Approved, Online Payment, Bank Payment, Cash On Delivery, Shipping Required",2,0087130004017,,,,,,
114780780,174925917,کفش طبی چرم طبیعی زنانه مدل کایا132 رنگ: قرمز، سایز: 36,3049200,5082000,Commodity,"Approved, Online Payment, Bank Payment, Cash On Delivery, Shipping Required",2,0087130004015,,,,,,
114780673,174925671,کیف پول زنانه چرم طبیعی مدل LW5 رنگ: قهوه ای,1050000,1500000,Commodity,"Approved, Online Payment, Bank Payment, Cash On Delivery, Shipping Required",1,00427220002000,,,,,,
114780651,174925662,کیف پاسپورت چرم طبیعی مدل ps44,945000,1350000,Commodity,"Approved, Online Payment, Bank Payment, Cash On Delivery, Shipping Required",1,0042080001000,,,,,,
114780637,174925647,کیف پول کتی چرم طبیعی مدل lw14 رنگ: عسلی,980000,1400000,Commodity,"Approved, Online Payment, Bank Payment, Cash On Delivery, Shipping Required",1,0010210027000,,,,,,
114780578,174925573,کیف پول کتی چرم طبیعی مدل lw61 رنگ: قهوه ای,940800,1344000,Commodity,"Approved, Online Payment, Bank Payment, Cash On Delivery, Shipping Required",1,0053070002000,,,,,,
114780462,174925390,کیف پول کتی چرم طبیعی مدل lw60 رنگ: عسلی,744800,1064000,Commodity,"Approved, Online Payment, Bank Payment, Cash On Delivery, Shipping Required",1,0076950027000,,,,,,
114780454,174925382,کیف پول جیبی چرم طبیعی مدل lp1 رنگ: قهوه ای,700000,1000000,Commodity,"Approved, Online Payment, Bank Payment, Cash On Delivery, Shipping Required",1,0017160002000,,,,,,
114780450,174925369,کیف پول کتی چرم طبیعی مدل lw60 رنگ: قهوه ای,744800,1064000,Commodity,"Approved, Online Payment, Bank Payment, Cash On Delivery, Shipping Required",1,0076950002000,,,,,,
114780440,174925364,کیف پول جیبی چرم طبیعی مدل lp17 رنگ: قهوه ای,700000,1000000,Commodity,"Approved, Online Payment, Bank Payment, Cash On Delivery, Shipping Required",1,0019180002000,,,,,,
114780418,174925309,کیف پول زنانه چرم طبیعی مدل lw59 رنگ: قهوه ای,901600,1288000,Commodity,"Approved, Online Payment, Bank Payment, Cash On Delivery, Shipping Required",1,0076940002000,,,,,,
114780376,174925243,کیف پول زنانه چرم طبیعی مدل lw57 رنگ: قرمز,944300,1349000,Commodity,"Approved, Online Payment, Bank Payment, Cash On Delivery, Shipping Required",1,0076940004000,,,,,,
114780311,174925230,کیف پول جیبی چرم طبیعی مدل LP2,654500,935000,Commodity,"Approved, Online Payment, Bank Payment, Cash On Delivery, Shipping Required",1,0010770001000,,,,,,
114769046,174907192,کفش طبی چرم طبیعی مدل کلارک بندی رنگ: قهوه ای، سایز: 45,1782000,2970000,Commodity,"Approved, Online Payment, Bank Payment, Cash On Delivery, Shipping Required",1,0088800002045,,,,,,
114769045,174907192,کفش طبی چرم طبیعی مدل کلارک بندی رنگ: قهوه ای، سایز: 44,1782000,2970000,Commodity,"Approved, Online Payment, Bank Payment, Cash On Delivery, Shipping Required",2,0088800002044,,,,,,
114769044,174907192,کفش طبی چرم طبیعی مدل کلارک بندی رنگ: قهوه ای، سایز: 43,1782000,2970000,Commodity,"Approved, Online Payment, Bank Payment, Cash On Delivery, Shipping Required",3,0088800002043,,,,,,
114769043,174907192,کفش طبی چرم طبیعی مدل کلارک بندی رنگ: قهوه ای، سایز: 42,1782000,2970000,Commodity,"Approved, Online Payment, Bank Payment, Cash On Delivery, Shipping Required",3,0088800002042,,,,,,
114769042,174907192,کفش طبی چرم طبیعی مدل کلارک بندی رنگ: قهوه ای، سایز: 41,1782000,2970000,Commodity,"Approved, Online Payment, Bank Payment, Cash On Delivery, Shipping Required",2,0088800002041,,,,,,
114769041,174907192,کفش طبی چرم طبیعی مدل کلارک بندی رنگ: قهوه ای، سایز: 40,1782000,2970000,Commodity,"Approved, Online Payment, Bank Payment, Cash On Delivery, Shipping Required",1,0088800002040,,,,,,
114768945,174907168,کفش طبی چرم طبیعی مدل ونیز بندی رنگ: قهوه ای، سایز: 45,1782000,2970000,Commodity,"Approved, Online Payment, Bank Payment, Cash On Delivery, Shipping Required",1,0088820002045,,,,,,
114768944,174907168,کفش طبی چرم طبیعی مدل ونیز بندی رنگ: قهوه ای، سایز: 44,1782000,2970000,Commodity,"Approved, Online Payment, Bank Payment, Cash On Delivery, Shipping Required",2,0088820002044,,,,,,
114768943,174907168,کفش طبی چرم طبیعی مدل ونیز بندی رنگ: قهوه ای، سایز: 43,1782000,2970000,Commodity,"Approved, Online Payment, Bank Payment, Cash On Delivery, Shipping Required",3,0088820002043,,,,,,
114768942,174907168,کفش طبی چرم طبیعی مدل ونیز بندی رنگ: قهوه ای، سایز: 42,1782000,2970000,Commodity,"Approved, Online Payment, Bank Payment, Cash On Delivery, Shipping Required",3,0088820002042,,,,,,
114768941,174907168,کفش طبی چرم طبیعی مدل ونیز بندی رنگ: قهوه ای، سایز: 41,1782000,2970000,Commodity,"Approved, Online Payment, Bank Payment, Cash On Delivery, Shipping Required",2,0088820002041,,,,,,
114768940,174907168,کفش طبی چرم طبیعی مدل ونیز بندی رنگ: قهوه ای، سایز: 40,1782000,2970000,Commodity,"Approved, Online Payment, Bank Payment, Cash On Delivery, Shipping Required",1,0088820002040,,,,,,
114768932,174907158,چمدان چرم طبیعی مدل l191 رنگ: مشکی,19355000,27650000,Commodity,"Approved, Online Payment, Bank Payment, Cash On Delivery, Shipping Required",1,0088570001000,,,,,,
114768651,174906944,کیف زنانه چرم ترکیبی مدل 1862 رنگ: مشکی,3003000,4290000,Commodity,"Approved, Online Payment, Bank Payment, Cash On Delivery, Shipping Required",2,0080230001000,,,,,,
114768647,174906943,کیف زنانه چرم ترکیبی مدل 1862 رنگ: سماقی,3003000,4290000,Commodity,"Approved, Online Payment, Bank Payment, Cash On Delivery, Shipping Required",1,0080233012000,,,,,,
114768638,174906935,کیف زنانه چرم ترکیبی مدل 1854 رنگ: مشکی,2656500,3795000,Commodity,"Approved, Online Payment, Bank Payment, Cash On Delivery, Shipping Required",1,0078750001000,,,,,,
114768596,174906820,چمدان چرم طبیعی مدل db127 رنگ: عسلی,14700000,21000000,Commodity,"Approved, Online Payment, Bank Payment, Cash On Delivery, Shipping Required",1,00792586664000,,,,,,
114768593,174906812,چمدان چرم طبیعی مدل db127 رنگ: مشکی,14700000,21000000,Commodity,"Approved, Online Payment, Bank Payment, Cash On Delivery, Shipping Required",1,0079258663000,,,,,,
114765970,174903333,چمدان چرم طبیعی مدل پنج جیب رنگ: مشکی,19355000,27650000,Commodity,"Approved, Online Payment, Bank Payment, Cash On Delivery, Shipping Required",1,0082240001000,,,,,,
114746330,174878096,کیف زنانه چرم ترکیبی مدل 1854 رنگ: سبز,2656500,3795000,Commodity,"Approved, Online Payment, Bank Payment, Cash On Delivery, Shipping Required",1,,,,,,,
114746289,174878078,کیف زنانه چرم ترکیبی مدل 1854 رنگ: عسلی,2656500,3795000,Commodity,"Approved, Online Payment, Bank Payment, Cash On Delivery, Shipping Required",1,0078750027000,,,,,,
114746146,174877773,کیف پول جیبی چرم طبیعی مدل f3 رنگ: عسلی,1057980,1511400,Commodity,"Approved, Online Payment, Bank Payment, Cash On Delivery, Shipping Required",1,0012900027000,,,,,,
114746123,174877747,کیف پول زنانه چرم طبیعی مدل lw9 رنگ: قرمز,1050000,1500000,Commodity,"Approved, Online Payment, Bank Payment, Cash On Delivery, Shipping Required",2,0010340004000,,,,,,
114746001,174877510,کیف پول جیبی چرم طبیعی مدل lp1 رنگ: عسلی,700000,1000000,Commodity,"Approved, Online Payment, Bank Payment, Cash On Delivery, Shipping Required",1,0017160027000,,,,,,
114745994,174877505,کیف پول کتی چرم طبیعی مدل lw7 رنگ: قهوه ای,980000,1400000,Commodity,"Approved, Online Payment, Bank Payment, Cash On Delivery, Shipping Required",1,0041750002000,,,,,,
114745971,174877490,کمربند چرم طبیعی مدل 3/5cm کلاسیک,654500,935000,Commodity,"Approved, Online Payment, Bank Payment, Cash On Delivery, Shipping Required",5,,,,,,,
114745964,174877488,کمربند چرم طبیعی مدل 3/5cm کلاسیک,654500,935000,Commodity,"Approved, Online Payment, Bank Payment, Cash On Delivery, Shipping Required",5,,,,,,,
114745960,174877484,کمربند چرم طبیعی مدل 3/5cm کلاسیک,654500,935000,Commodity,"Approved, Online Payment, Bank Payment, Cash On Delivery, Shipping Required",5,,,,,,,
114745957,174877481,کمربند چرم طبیعی مدل 3/5cm کلاسیک,654500,935000,Commodity,"Approved, Online Payment, Bank Payment, Cash On Delivery, Shipping Required",5,,,,,,,
114745956,174877480,کمربند چرم طبیعی مدل 3/5cm کلاسیک,654500,935000,Commodity,"Approved, Online Payment, Bank Payment, Cash On Delivery, Shipping Required",5,,,,,,,
114745953,174877477,کمربند چرم طبیعی مدل 3/5cm کلاسیک,654500,935000,Commodity,"Approved, Online Payment, Bank Payment, Cash On Delivery, Shipping Required",5,,,,,,,
114745949,174877474,کمربند چرم طبیعی مدل 3/5cm کلاسیک,654500,935000,Commodity,"Approved, Online Payment, Bank Payment, Cash On Delivery, Shipping Required",5,,,,,,,
114745652,174876865,کمربند چرم طبیعی پلاک دار مدل ریلی,1087625,1553750,Commodity,"Approved, Online Payment, Bank Payment, Cash On Delivery, Shipping Required",2,,,,,,,
114745650,174876863,کمربند چرم طبیعی پلاک دار مدل ریلی,1087625,1553750,Commodity,"Approved, Online Payment, Bank Payment, Cash On Delivery, Shipping Required",2,,,,,,,
114745649,174876862,کمربند چرم طبیعی پلاک دار مدل ریلی,1087625,1553750,Commodity,"Approved, Online Payment, Bank Payment, Cash On Delivery, Shipping Required",2,,,,,,,
114745646,174876858,کمربند چرم طبیعی پلاک دار مدل ریلی,1087625,1553750,Commodity,"Approved, Online Payment, Bank Payment, Cash On Delivery, Shipping Required",2,,,,,,,
114745627,174876851,کمربند چرم طبیعی پلاک دار دو رو مدل گردون,1093575,1562250,Commodity,"Approved, Online Payment, Bank Payment, Cash On Delivery, Shipping Required",3,,,,,,,
114745599,174876790,کمربند چرم طبیعی پلاک دار دو رو مدل مجلسی,875875,1251250,Commodity,"Approved, Online Payment, Bank Payment, Cash On Delivery, Shipping Required",5,,,,,,,
114745589,174876786,کمربند چرم طبیعی پلاک دار دو رو مدل مجلسی,875875,1251250,Commodity,"Approved, Online Payment, Bank Payment, Cash On Delivery, Shipping Required",5,,,,,,,
114745547,174876699,کمربند پلاک دار چرم طبیعی مدل 615,808500,1155000,Commodity,"Approved, Online Payment, Bank Payment, Cash On Delivery, Shipping Required",5,,,,,,,
114726230,174842215,کفش طبی چرم طبیعی مدل هشترگ بندی رنگ: مشکی، سایز: 45,1960200,3267000,Commodity,"Approved, Online Payment, Bank Payment, Cash On Delivery, Shipping Required",2,0088840001045,,,,,,
114726229,174842215,کفش طبی چرم طبیعی مدل هشترگ بندی رنگ: مشکی، سایز: 44,1960200,3267000,Commodity,"Approved, Online Payment, Bank Payment, Cash On Delivery, Shipping Required",3,0088840001044,,,,,,
114726228,174842215,کفش طبی چرم طبیعی مدل هشترگ بندی رنگ: مشکی، سایز: 43,1960200,3267000,Commodity,"Approved, Online Payment, Bank Payment, Cash On Delivery, Shipping Required",5,0088840001043,,,,,,
114726227,174842215,کفش طبی چرم طبیعی مدل هشترگ بندی رنگ: مشکی، سایز: 42,1960200,3267000,Commodity,"Approved, Online Payment, Bank Payment, Cash On Delivery, Shipping Required",5,0088840001042,,,,,,
114726226,174842215,کفش طبی چرم طبیعی مدل هشترگ بندی رنگ: مشکی، سایز: 41,1960200,3267000,Commodity,"Approved, Online Payment, Bank Payment, Cash On Delivery, Shipping Required",4,0088840001041,,,,,,
114726225,174842215,کفش طبی چرم طبیعی مدل هشترگ بندی رنگ: مشکی، سایز: 40,1960200,3267000,Commodity,"Approved, Online Payment, Bank Payment, Cash On Delivery, Shipping Required",2,0088840001040,,,,,,
114726207,174842198,کفش طبی چرم طبیعی مدل گریدر بندی رنگ: قهوه ای، سایز: 45,1980000,3300000,Commodity,"Approved, Online Payment, Bank Payment, Cash On Delivery, Shipping Required",1,0088870002045,,,,,,
114726206,174842198,کفش طبی چرم طبیعی مدل گریدر بندی رنگ: قهوه ای، سایز: 44,1980000,3300000,Commodity,"Approved, Online Payment, Bank Payment, Cash On Delivery, Shipping Required",2,0088870002044,,,,,,
114726205,174842198,کفش طبی چرم طبیعی مدل گریدر بندی رنگ: قهوه ای، سایز: 43,1980000,3300000,Commodity,"Approved, Online Payment, Bank Payment, Cash On Delivery, Shipping Required",3,0088870002043,,,,,,
114726204,174842198,کفش طبی چرم طبیعی مدل گریدر بندی رنگ: قهوه ای، سایز: 42,1980000,3300000,Commodity,"Approved, Online Payment, Bank Payment, Cash On Delivery, Shipping Required",3,0088870002042,,,,,,
114726203,174842198,کفش طبی چرم طبیعی مدل گریدر بندی رنگ: قهوه ای، سایز: 41,1980000,3300000,Commodity,"Approved, Online Payment, Bank Payment, Cash On Delivery, Shipping Required",2,0088870002041,,,,,,
114726202,174842198,کفش طبی چرم طبیعی مدل گریدر بندی رنگ: قهوه ای، سایز: 40,1980000,3300000,Commodity,"Approved, Online Payment, Bank Payment, Cash On Delivery, Shipping Required",1,0088870002040,,,,,,
114726189,174842196,کفش طبی چرم طبیعی مدل گریدر بندی رنگ: مشکی، سایز: 45,1980000,3300000,Commodity,"Approved, Online Payment, Bank Payment, Cash On Delivery, Shipping Required",0,0088870001045,,,,,,
114726188,174842196,کفش طبی چرم طبیعی مدل گریدر بندی رنگ: مشکی، سایز: 44,1980000,3300000,Commodity,"Approved, Online Payment, Bank Payment, Cash On Delivery, Shipping Required",2,0088870001044,,,,,,
114726187,174842196,کفش طبی چرم طبیعی مدل گریدر بندی رنگ: مشکی، سایز: 43,1980000,3300000,Commodity,"Approved, Online Payment, Bank Payment, Cash On Delivery, Shipping Required",2,0088870001043,,,,,,
114726186,174842196,کفش طبی چرم طبیعی مدل گریدر بندی رنگ: مشکی، سایز: 42,1980000,3300000,Commodity,"Approved, Online Payment, Bank Payment, Cash On Delivery, Shipping Required",3,0088870001042,,,,,,
114726185,174842196,کفش طبی چرم طبیعی مدل گریدر بندی رنگ: مشکی، سایز: 41,1980000,3300000,Commodity,"Approved, Online Payment, Bank Payment, Cash On Delivery, Shipping Required",1,0088870001041,,,,,,
114726184,174842196,کفش طبی چرم طبیعی مدل گریدر بندی رنگ: مشکی، سایز: 40,1980000,3300000,Commodity,"Approved, Online Payment, Bank Payment, Cash On Delivery, Shipping Required",1,0088870001040,,,,,,
114726137,174842104,کفش اسپرت زنانه مدل لاگوست رنگ: سفید، سایز: 40,792000,1320000,Commodity,"Approved, Online Payment, Bank Payment, Cash On Delivery, Shipping Required",4,0088620016040,,,,,,
114726136,174842104,کفش اسپرت زنانه مدل لاگوست رنگ: سفید، سایز: 39,792000,1320000,Commodity,"Approved, Online Payment, Bank Payment, Cash On Delivery, Shipping Required",6,0088620016021,,,,,,
114726135,174842104,کفش اسپرت زنانه مدل لاگوست رنگ: سفید، سایز: 38,792000,1320000,Commodity,"Approved, Online Payment, Bank Payment, Cash On Delivery, Shipping Required",4,0088620016019,,,,,,
114726134,174842104,کفش اسپرت زنانه مدل لاگوست رنگ: سفید، سایز: 37,792000,1320000,Commodity,"Approved, Online Payment, Bank Payment, Cash On Delivery, Shipping Required",0,0088620016017,,,,,,
114726098,174842022,کفش مردانه چرم طبیعی مدل کورت رنگ: مشکی، سایز: 44,2970000,4950000,Commodity,"Approved, Online Payment, Bank Payment, Cash On Delivery, Shipping Required",1,0088918518044,,,,,,
114726097,174842022,کفش مردانه چرم طبیعی مدل کورت رنگ: مشکی، سایز: 43,2970000,4950000,Commodity,"Approved, Online Payment, Bank Payment, Cash On Delivery, Shipping Required",2,0088918518043,,,,,,
114726096,174842022,کفش مردانه چرم طبیعی مدل کورت رنگ: مشکی، سایز: 42,2970000,4950000,Commodity,"Approved, Online Payment, Bank Payment, Cash On Delivery, Shipping Required",3,0088918518042,,,,,,
114726095,174842022,کفش مردانه چرم طبیعی مدل کورت رنگ: مشکی، سایز: 41,2970000,4950000,Commodity,"Approved, Online Payment, Bank Payment, Cash On Delivery, Shipping Required",3,0088918518041,,,,,,
114726094,174842022,کفش مردانه چرم طبیعی مدل کورت رنگ: مشکی، سایز: 40,2970000,4950000,Commodity,"Approved, Online Payment, Bank Payment, Cash On Delivery, Shipping Required",1,0088918518040,,,,,,
114725140,174840327,کفش طبی چرم طبیعی مدل کلارک بندی رنگ: مشکی، سایز: 45,1782000,2970000,Commodity,"Approved, Online Payment, Bank Payment, Cash On Delivery, Shipping Required",1,0088800001045,,,,,,
114725139,174840327,کفش طبی چرم طبیعی مدل کلارک بندی رنگ: مشکی، سایز: 44,1782000,2970000,Commodity,"Approved, Online Payment, Bank Payment, Cash On Delivery, Shipping Required",2,0088800001044,,,,,,
114725138,174840327,کفش طبی چرم طبیعی مدل کلارک بندی رنگ: مشکی، سایز: 43,1782000,2970000,Commodity,"Approved, Online Payment, Bank Payment, Cash On Delivery, Shipping Required",3,0088800001043,,,,,,
114725137,174840327,کفش طبی چرم طبیعی مدل کلارک بندی رنگ: مشکی، سایز: 42,1782000,2970000,Commodity,"Approved, Online Payment, Bank Payment, Cash On Delivery, Shipping Required",2,0088800001042,,,,,,
114725136,174840327,کفش طبی چرم طبیعی مدل کلارک بندی رنگ: مشکی، سایز: 41,1782000,2970000,Commodity,"Approved, Online Payment, Bank Payment, Cash On Delivery, Shipping Required",2,0088800001041,,,,,,
114725135,174840327,کفش طبی چرم طبیعی مدل کلارک بندی رنگ: مشکی، سایز: 40,1782000,2970000,Commodity,"Approved, Online Payment, Bank Payment, Cash On Delivery, Shipping Required",1,0088800001040,,,,,,
114725072,174840215,کفش طبی چرم طبیعی مدل ونیز بندی رنگ: مشکی، سایز: 45,1782000,2970000,Commodity,"Approved, Online Payment, Bank Payment, Cash On Delivery, Shipping Required",2,0088880001045,,,,,,
114725071,174840215,کفش طبی چرم طبیعی مدل ونیز بندی رنگ: مشکی، سایز: 44,1782000,2970000,Commodity,"Approved, Online Payment, Bank Payment, Cash On Delivery, Shipping Required",1,0088880001044,,,,,,
114725070,174840215,کفش طبی چرم طبیعی مدل ونیز بندی رنگ: مشکی، سایز: 43,1782000,2970000,Commodity,"Approved, Online Payment, Bank Payment, Cash On Delivery, Shipping Required",6,0088880001043,,,,,,
114725069,174840215,کفش طبی چرم طبیعی مدل ونیز بندی رنگ: مشکی، سایز: 42,1782000,2970000,Commodity,"Approved, Online Payment, Bank Payment, Cash On Delivery, Shipping Required",4,0088880001042,,,,,,
114725068,174840215,کفش طبی چرم طبیعی مدل ونیز بندی رنگ: مشکی، سایز: 41,1782000,2970000,Commodity,"Approved, Online Payment, Bank Payment, Cash On Delivery, Shipping Required",4,0088880001041,,,,,,
114725067,174840215,کفش طبی چرم طبیعی مدل ونیز بندی رنگ: مشکی، سایز: 40,1782000,2970000,Commodity,"Approved, Online Payment, Bank Payment, Cash On Delivery, Shipping Required",1,0088880001040,,,,,,
114725025,174840103,کفش اسپرت زنانه مدل لاگوست رنگ: مشکی، سایز: 40,792000,1320000,Commodity,"Approved, Online Payment, Bank Payment, Cash On Delivery, Shipping Required",7,0088620001040,,,,,,
114725024,174840103,کفش اسپرت زنانه مدل لاگوست رنگ: مشکی، سایز: 39,792000,1320000,Commodity,"Approved, Online Payment, Bank Payment, Cash On Delivery, Shipping Required",5,0088620001021,,,,,,
114725023,174840103,کفش اسپرت زنانه مدل لاگوست رنگ: مشکی، سایز: 38,792000,1320000,Commodity,"Approved, Online Payment, Bank Payment, Cash On Delivery, Shipping Required",6,0088620001019,,,,,,
114725022,174840103,کفش اسپرت زنانه مدل لاگوست رنگ: مشکی، سایز: 37,792000,1320000,Commodity,"Approved, Online Payment, Bank Payment, Cash On Delivery, Shipping Required",2,0088620001017,,,,,,
114724880,174839921,کفش اسپرت زنانه مدل لاگوست رنگ: طوسی سیر، سایز: 40,792000,1320000,Commodity,"Approved, Online Payment, Bank Payment, Cash On Delivery, Shipping Required",0,0088628723040,,,,,,
114724879,174839921,کفش اسپرت زنانه مدل لاگوست رنگ: طوسی سیر، سایز: 39,792000,1320000,Commodity,"Approved, Online Payment, Bank Payment, Cash On Delivery, Shipping Required",0,0088628723021,,,,,,
114724878,174839921,کفش اسپرت زنانه مدل لاگوست رنگ: طوسی سیر، سایز: 38,792000,1320000,Commodity,"Approved, Online Payment, Bank Payment, Cash On Delivery, Shipping Required",5,0088628723019,,,,,,
114724877,174839921,کفش اسپرت زنانه مدل لاگوست رنگ: طوسی سیر، سایز: 37,792000,1320000,Commodity,"Approved, Online Payment, Bank Payment, Cash On Delivery, Shipping Required",1,0088628723017,,,,,,
114724860,174839894,کفش بچه گانه مدل جین لایک رنگ: سفید آبی، سایز: 39,594000,990000,Commodity,"Approved, Online Payment, Bank Payment, Cash On Delivery, Shipping Required",2,0088068561021,,,,,,
114724859,174839894,کفش بچه گانه مدل جین لایک رنگ: سفید آبی، سایز: 38,594000,990000,Commodity,"Approved, Online Payment, Bank Payment, Cash On Delivery, Shipping Required",2,0088068561019,,,,,,
114724858,174839894,کفش بچه گانه مدل جین لایک رنگ: سفید آبی، سایز: 37,594000,990000,Commodity,"Approved, Online Payment, Bank Payment, Cash On Delivery, Shipping Required",1,0088068561017,,,,,,
114724857,174839894,کفش بچه گانه مدل جین لایک رنگ: سفید آبی، سایز: 36,594000,990000,Commodity,"Approved, Online Payment, Bank Payment, Cash On Delivery, Shipping Required",2,0088068561015,,,,,,
114724856,174839894,کفش بچه گانه مدل جین لایک رنگ: سفید آبی، سایز: 35,594000,990000,Commodity,"Approved, Online Payment, Bank Payment, Cash On Delivery, Shipping Required",0,0088068561035,,,,,,
114724855,174839894,کفش بچه گانه مدل جین لایک رنگ: سفید آبی، سایز: 34,594000,990000,Commodity,"Approved, Online Payment, Bank Payment, Cash On Delivery, Shipping Required",1,0088068561034,,,,,,
114724854,174839894,کفش بچه گانه مدل جین لایک رنگ: سفید آبی، سایز: 33,594000,990000,Commodity,"Approved, Online Payment, Bank Payment, Cash On Delivery, Shipping Required",1,0088068561033,,,,,,
114724853,174839894,کفش بچه گانه مدل جین لایک رنگ: سفید آبی، سایز: 32,594000,990000,Commodity,"Approved, Online Payment, Bank Payment, Cash On Delivery, Shipping Required",1,0088068561032,,,,,,
114724852,174839894,کفش بچه گانه مدل جین لایک رنگ: سفید آبی، سایز: 31,594000,990000,Commodity,"Approved, Online Payment, Bank Payment, Cash On Delivery, Shipping Required",1,0088068561031,,,,,,
114724851,174839894,کفش بچه گانه مدل جین لایک رنگ: سفید آبی، سایز: 30,594000,990000,Commodity,"Approved, Online Payment, Bank Payment, Cash On Delivery, Shipping Required",2,0088068561190,,,,,,
114724850,174839894,کفش بچه گانه مدل جین لایک رنگ: سفید آبی، سایز: 29,594000,990000,Commodity,"Approved, Online Payment, Bank Payment, Cash On Delivery, Shipping Required",0,0088068561162,,,,,,
114724849,174839894,کفش بچه گانه مدل جین لایک رنگ: سفید آبی، سایز: 28,594000,990000,Commodity,"Approved, Online Payment, Bank Payment, Cash On Delivery, Shipping Required",0,00880068561188,,,,,,
114724848,174839894,کفش بچه گانه مدل جین لایک رنگ: سفید آبی، سایز: 27,594000,990000,Commodity,"Approved, Online Payment, Bank Payment, Cash On Delivery, Shipping Required",2,0088068561160,,,,,,
114724847,174839894,کفش بچه گانه مدل جین لایک رنگ: سفید آبی، سایز: 26,594000,990000,Commodity,"Approved, Online Payment, Bank Payment, Cash On Delivery, Shipping Required",1,0088068561159,,,,,,
114724846,174839894,کفش بچه گانه مدل جین لایک رنگ: سفید آبی، سایز: 25,594000,990000,Commodity,"Approved, Online Payment, Bank Payment, Cash On Delivery, Shipping Required",2,0088068561029,,,,,,
114724827,174839880,کفش اسپرت زنانه مدل جردن رنگ: سفید، سایز: 40,1346400,2244000,Commodity,"Approved, Online Payment, Bank Payment, Cash On Delivery, Shipping Required",2,0088610016040,,,,,,
114724826,174839880,کفش اسپرت زنانه مدل جردن رنگ: سفید، سایز: 39,1346400,2244000,Commodity,"Approved, Online Payment, Bank Payment, Cash On Delivery, Shipping Required",3,0088610016021,,,,,,
114724825,174839880,کفش اسپرت زنانه مدل جردن رنگ: سفید، سایز: 38,1346400,2244000,Commodity,"Approved, Online Payment, Bank Payment, Cash On Delivery, Shipping Required",3,0088610016019,,,,,,
114724824,174839880,کفش اسپرت زنانه مدل جردن رنگ: سفید، سایز: 37,1346400,2244000,Commodity,"Approved, Online Payment, Bank Payment, Cash On Delivery, Shipping Required",2,0088610016017,,,,,,
114697432,174798975,کوله پشتی مدل sp292 رنگ: طوسی,877800,1254000,Commodity,"Approved, Online Payment, Bank Payment, Cash On Delivery, Shipping Required",1,0088190017000,,,,,,
114697396,174587088,کوله پشتی مدل sp292 رنگ: سبز روشن,877800,1254000,Commodity,"Approved, Online Payment, Bank Payment, Cash On Delivery, Shipping Required",1,0088198733000,,,,,,
114697359,174798853,کیف پول چرم طبیعی مدل LW10,840000,1200000,Commodity,"Approved, Online Payment, Bank Payment, Cash On Delivery, Shipping Required",1,0058090029000,,,,,,
114697342,174798811,جاکارتی چرم طبیعی مدل CH7,385000,550000,Commodity,"Approved, Online Payment, Bank Payment, Cash On Delivery, Shipping Required",1,005370004000,,,,,,
114697335,174798793,کیف پول زنانه چرم طبیعی مدل LW5,1050000,1500000,Commodity,"Approved, Online Payment, Bank Payment, Cash On Delivery, Shipping Required",2,0042720001000,,,,,,
114697333,174798791,کیف پول زنانه چرم طبیعی مدل LW5,1050000,1500000,Commodity,"Approved, Online Payment, Bank Payment, Cash On Delivery, Shipping Required",1,0042720027000,,,,,,
114697330,174798788,کوله پشتی کوهنوردی مدل SP291 رنگ: زرد,1848000,2640000,Commodity,"Approved, Online Payment, Bank Payment, Cash On Delivery, Shipping Required",1,0088180009000,,,,,,
114697325,174798785,کوله پشتی کوهنوردی مدل SP291 رنگ: آبی,1848000,2640000,Commodity,"Approved, Online Payment, Bank Payment, Cash On Delivery, Shipping Required",1,0088080008000,,,,,,
114697320,174798772,کوله پشتی کوهنوردی مدل SP291 رنگ: فسفری,1848000,2640000,Commodity,"Approved, Online Payment, Bank Payment, Cash On Delivery, Shipping Required",1,0088088634000,,,,,,
114697300,174798749,کوله پشتی کوهنوردی مدل SP278 رنگ: زرد,2425500,3465000,Commodity,"Approved, Online Payment, Bank Payment, Cash On Delivery, Shipping Required",1,0088020009000,,,,,,
114693123,174792349,جاکارتی چرم طبیعی مدل CH5,462000,660000,Commodity,"Approved, Online Payment, Bank Payment, Cash On Delivery, Shipping Required",1,0057900002000,,,,,,
114693121,174792347,جاکارتی چرم طبیعی مدل CH5,462000,660000,Commodity,"Approved, Online Payment, Bank Payment, Cash On Delivery, Shipping Required",1,0057900001000,,,,,,
114693083,174792234,کوله پشتی کوهنوردی مدل SP278 رنگ: آبی,2425500,3465000,Commodity,"Approved, Online Payment, Bank Payment, Cash On Delivery, Shipping Required",1,0088020008000,,,,,,
114693078,174792230,کوله پشتی کوهنوردی مدل SP278 رنگ: فسفری,2425500,3465000,Commodity,"Approved, Online Payment, Bank Payment, Cash On Delivery, Shipping Required",1,0088028634000,,,,,,
114692969,174792019,کوله پشتی کوهنوردی مدل SP234 رنگ: زرد,1995000,2850000,Commodity,"Approved, Online Payment, Bank Payment, Cash On Delivery, Shipping Required",1,0082940009000,,,,,,
114692967,174792017,کوله پشتی کوهنوردی مدل SP234 رنگ: قرمز,1995000,2850000,Commodity,"Approved, Online Payment, Bank Payment, Cash On Delivery, Shipping Required",1,0082940004000,,,,,,
114692145,174790374,چمدان چرم طبیعی مدل L189,19355000,27650000,Commodity,"Approved, Online Payment, Bank Payment, Cash On Delivery, Shipping Required",1,0083148769000,,,,,,
114692120,174790307,چمدان خلبانی زیپ دوبل,5428500,7755000,Commodity,"Approved, Online Payment, Bank Payment, Cash On Delivery, Shipping Required",2,0088930001000,,,,,,
114692099,174790248,چمدان چرم طبیعی مدل L190 رنگ: سبز,19600000,28000000,Commodity,"Approved, Online Payment, Bank Payment, Cash On Delivery, Shipping Required",1,0088561113000,,,,,,
114692078,174790190,چمدان چرم طبیعی مدل L191,19355000,27650000,Commodity,"Approved, Online Payment, Bank Payment, Cash On Delivery, Shipping Required",1,0088570027000,,,,,,
114691964,174789968,کیف زنانه چرم ترکیبی مدل 1945,2425500,3465000,Commodity,"Approved, Online Payment, Bank Payment, Cash On Delivery, Shipping Required",1,0086630001000,,,,,,
114691954,174789961,کیف زنانه چرم ترکیبی مدل 1905,2402400,3432000,Commodity,"Approved, Online Payment, Bank Payment, Cash On Delivery, Shipping Required",2,0080850001000,,,,,,
114691937,174789929,کیف زنانه چرم ترکیبی مدل 1865,3118500,4455000,Commodity,"Approved, Online Payment, Bank Payment, Cash On Delivery, Shipping Required",2,0083750001000,,,,,,
114691909,174789904,کیف زنانه چرم ترکیبی مدل 1897,3234000,4620000,Commodity,"Approved, Online Payment, Bank Payment, Cash On Delivery, Shipping Required",1,008750001000,,,,,,
114691881,174789824,کیف زنانه چرم ترکیبی مدل plv159,2030000,2900000,Commodity,"Approved, Online Payment, Bank Payment, Cash On Delivery, Shipping Required",1,0051410004000,,,,,,
114691818,174789697,کیف پول کتی چرم طبیعی مدل lw8,910000,1300000,Commodity,"Approved, Online Payment, Bank Payment, Cash On Delivery, Shipping Required",1,0010730001000,,,,,,
114691804,174789685,کیف پول کتی چرم طبیعی مدل lw2,651700,931000,Commodity,"Approved, Online Payment, Bank Payment, Cash On Delivery, Shipping Required",1,0010080001000,,,,,,
114691582,174789162,کیف پول جیبی چرم طبیعی مدل lp36,793800,1134000,Commodity,"Approved, Online Payment, Bank Payment, Cash On Delivery, Shipping Required",1,0053080001000,,,,,,
114691553,174789146,کیف پول جیبی چرم طبیعی مدل lp40 رنگ: قرمز,630000,900000,Commodity,"Approved, Online Payment, Bank Payment, Cash On Delivery, Shipping Required",1,0076910004000,,,,,,
114691551,174789141,کیف پول جیبی چرم طبیعی مدل lp40 رنگ: مشکی کرکو,630000,900000,Commodity,"Approved, Online Payment, Bank Payment, Cash On Delivery, Shipping Required",1,0076918663000,,,,,,
114691541,174789121,کیف پول جیبی چرم طبیعی مدل lp40 رنگ: قرمز کورکو,630000,900000,Commodity,"Approved, Online Payment, Bank Payment, Cash On Delivery, Shipping Required",1,0076918774000,,,,,,
114691539,174789119,کیف پول جیبی چرم طبیعی مدل lp40 رنگ: زرد,630000,900000,Commodity,"Approved, Online Payment, Bank Payment, Cash On Delivery, Shipping Required",1,0076910009000,,,,,,
114691508,174789079,آینه چرم طبیعی مدل lm6 رنگ: مشکی,245000,350000,Commodity,"Approved, Online Payment, Bank Payment, Cash On Delivery, Shipping Required",1,002401001000,,,,,,
114677850,174764034,کیف پول چرم طبیعی مدل lw16 رنگ: قرمز,700000,1000000,Commodity,"Approved, Online Payment, Bank Payment, Cash On Delivery, Shipping Required",1,0010190004000,,,,,,
114677835,174764009,کیف پول چرم طبیعی مدل lw16 رنگ: قهوه ای,700000,1000000,Commodity,"Approved, Online Payment, Bank Payment, Cash On Delivery, Shipping Required",1,0010190002000,,,,,,
114676247,174760661,جاکلیدی چرم طبیعی مدل s7,475020,678600,Commodity,"Approved, Online Payment, Bank Payment, Cash On Delivery, Shipping Required",1,0012800027000,,,,,,
114676228,174760646,جاکلیدی چرم طبیعی مدل s12,420000,600000,Commodity,"Approved, Online Payment, Bank Payment, Cash On Delivery, Shipping Required",1,0053710001000,,,,,,
114676221,174760642,کیف پول چرم طبیعی مدل lw63 رنگ: قهوه ای,910000,1300000,Commodity,"Approved, Online Payment, Bank Payment, Cash On Delivery, Shipping Required",1,0053740002000,,,,,,
114676217,174760631,جاکلیدی چرم طبیعی مدل s4,280000,400000,Commodity,"Approved, Online Payment, Bank Payment, Cash On Delivery, Shipping Required",1,0053730027000,,,,,,
114676214,174760628,جاکارتی مدل s9,350000,500000,Commodity,"Approved, Online Payment, Bank Payment, Cash On Delivery, Shipping Required",0,0053660027000,,,,,,
114676181,174760561,جاکلیدی چرم طبیعی مدل s3 پولاپ,474110,677300,Commodity,"Approved, Online Payment, Bank Payment, Cash On Delivery, Shipping Required",1,0053610028000,,,,,,
114676141,174760545,جاکلیدی چرم طبیعی مدل s6 ترک,477750,682500,Commodity,"Approved, Online Payment, Bank Payment, Cash On Delivery, Shipping Required",1,0025250001000,,,,,,
114676113,174760474,جاکلیدی چرم طبیعی مدل gs1,280000,400000,Commodity,"Approved, Online Payment, Bank Payment, Cash On Delivery, Shipping Required",1,0053640027000,,,,,,
114676023,174760312,کیف اداری چرم طبیعی مدل l186 رنگ: زرشکی,12705000,18150000,Commodity,"Approved, Online Payment, Bank Payment, Cash On Delivery, Shipping Required",2,0082250006000,,,,,,
114676003,174760281,جاکلیدی چرم طبیعی مدل s6,382200,546000,Commodity,"Approved, Online Payment, Bank Payment, Cash On Delivery, Shipping Required",1,0053680027000,,,,,,
114675973,174760213,جاکلیدی چرم طبیعی مدل s6,382200,546000,Commodity,"Approved, Online Payment, Bank Payment, Cash On Delivery, Shipping Required",2,0053680001000,,,,,,
114675942,174760148,جاکلیدی چرم مصنوعی مدل as18,175000,250000,Commodity,"Approved, Online Payment, Bank Payment, Cash On Delivery, Shipping Required",1,0053930001000,,,,,,
114675912,174760083,کیف پول جیبی چرم طبیعی مدل lp10,811300,1159000,Commodity,"Approved, Online Payment, Bank Payment, Cash On Delivery, Shipping Required",1,0017180001000,,,,,,
114675528,174759505,کیف پول زنانه چرم طبیعی مدل lw58,1610000,2300000,Commodity,"Approved, Online Payment, Bank Payment, Cash On Delivery, Shipping Required",1,0053550004000,,,,,,
114675503,174759433,کیف پول کتی چرم طبیعی مدل lw33 رنگ: مشکی,910000,1300000,Commodity,"Approved, Online Payment, Bank Payment, Cash On Delivery, Shipping Required",1,0053720001000,,,,,,
114657065,174725543,کیف پول چرم مصنوعی مدل aw18 رنگ: قهوه ای,350000,500000,Commodity,"Approved, Online Payment, Bank Payment, Cash On Delivery, Shipping Required",1,0013010002000,,,,,,
114657016,174725431,کیف مدارک چرم طبیعی مدل ps37 رنگ: مشکی,882882,1261260,Commodity,"Approved, Online Payment, Bank Payment, Cash On Delivery, Shipping Required",1,0019640001000,,,,,,
114657011,174725417,کیف مدارک چرم طبیعی مدل ps33 رنگ: مشکی,906920,1295600,Commodity,"Approved, Online Payment, Bank Payment, Cash On Delivery, Shipping Required",1,0019620001000,,,,,,
114656985,174725347,کیف مدارک چرم طبیعی مدل ps42 رنگ: مشکی,951860,1359800,Commodity,"Approved, Online Payment, Bank Payment, Cash On Delivery, Shipping Required",2,0037220001000,,,,,,
114656894,174725237,کیف پول چرم مصنوعی مدل aw5 رنگ: زرشکی,350000,500000,Commodity,"Approved, Online Payment, Bank Payment, Cash On Delivery, Shipping Required",1,0053790006000,,,,,,
114648093,174710430,کیف پول کتی چرم طبیعی مدل lw8 رنگ: عسلی,910000,1300000,Commodity,"Approved, Online Payment, Bank Payment, Cash On Delivery, Shipping Required",1,0010730027000,,,,,,
114648064,174710415,کیف پول کتی چرم طبیعی مدل lw8 رنگ: قهوه ای,910000,1300000,Commodity,"Approved, Online Payment, Bank Payment, Cash On Delivery, Shipping Required",1,0010730002000,,,,,,
114648030,174710345,کیف پول جیبی چرم طبیعی مدل lp1 رنگ: مشکی,700000,1000000,Commodity,"Approved, Online Payment, Bank Payment, Cash On Delivery, Shipping Required",1,0017160001000,,,,,,
114648009,174710281,آینه چرم طبیعی مدل lm6 رنگ: قرمز,245000,350000,Commodity,"Approved, Online Payment, Bank Payment, Cash On Delivery, Shipping Required",2,0024010004000,,,,,,
114647965,174710166,جاکلیدی چرم طبیعی مدل s8 رنگ: قرمز,471380,673400,Commodity,"Approved, Online Payment, Bank Payment, Cash On Delivery, Shipping Required",2,0053760004000,,,,,,
114643793,174702413,کفش اداری چرم طبیعی زنانه مدل دنیز رنگ: مشکی، سایز: 37,3158100,5263500,Commodity,"Approved, Online Payment, Bank Payment, Cash On Delivery, Shipping Required",1,0082710001017,,,,,,
114643792,174702413,کفش اداری چرم طبیعی زنانه مدل دنیز رنگ: مشکی، سایز: 36,3158100,5263500,Commodity,"Approved, Online Payment, Bank Payment, Cash On Delivery, Shipping Required",1,0082710001015,,,,,,
114630978,174682834,کفش طبی چرم طبیعی مدل محبوبه رنگ: سرمه ای، سایز: 41,2613600,4356000,Commodity,"Approved, Online Payment, Bank Payment, Cash On Delivery, Shipping Required",1,0079870007041,,,,,,
114630977,174682834,کفش طبی چرم طبیعی مدل محبوبه رنگ: سرمه ای، سایز: 40,2613600,4356000,Commodity,"Approved, Online Payment, Bank Payment, Cash On Delivery, Shipping Required",1,0079870007040,,,,,,
114630976,174682834,کفش طبی چرم طبیعی مدل محبوبه رنگ: سرمه ای، سایز: 39,2613600,4356000,Commodity,"Approved, Online Payment, Bank Payment, Cash On Delivery, Shipping Required",1,0079870007021,,,,,,
114630975,174682834,کفش طبی چرم طبیعی مدل محبوبه رنگ: سرمه ای، سایز: 38,2613600,4356000,Commodity,"Approved, Online Payment, Bank Payment, Cash On Delivery, Shipping Required",1,0079870007019,,,,,,
114630974,174682834,کفش طبی چرم طبیعی مدل محبوبه رنگ: سرمه ای، سایز: 37,2613600,4356000,Commodity,"Approved, Online Payment, Bank Payment, Cash On Delivery, Shipping Required",1,0079870007017,,,,,,
114630971,174682830,کفش طبی چرم طبیعی مدل محبوبه رنگ: مشکی، سایز: 42,2613600,4356000,Commodity,"Approved, Online Payment, Bank Payment, Cash On Delivery, Shipping Required",3,0079870001042,,,,,,
114630970,174682830,کفش طبی چرم طبیعی مدل محبوبه رنگ: مشکی، سایز: 41,2613600,4356000,Commodity,"Approved, Online Payment, Bank Payment, Cash On Delivery, Shipping Required",2,0079870001041,,,,,,
114630969,174682830,کفش طبی چرم طبیعی مدل محبوبه رنگ: مشکی، سایز: 40,2613600,4356000,Commodity,"Approved, Online Payment, Bank Payment, Cash On Delivery, Shipping Required",1,0079870001040,,,,,,
114630968,174682830,کفش طبی چرم طبیعی مدل محبوبه رنگ: مشکی، سایز: 39,2613600,4356000,Commodity,"Approved, Online Payment, Bank Payment, Cash On Delivery, Shipping Required",2,0079870001021,,,,,,
114630967,174682830,کفش طبی چرم طبیعی مدل محبوبه رنگ: مشکی، سایز: 38,2613600,4356000,Commodity,"Approved, Online Payment, Bank Payment, Cash On Delivery, Shipping Required",1,0079870001019,,,,,,
114630966,174682830,کفش طبی چرم طبیعی مدل محبوبه رنگ: مشکی، سایز: 37,2613600,4356000,Commodity,"Approved, Online Payment, Bank Payment, Cash On Delivery, Shipping Required",2,0079870001017,,,,,,
114630952,174682814,کیف چرم زنانه ترکیبی کد 1934 رنگ: سماقی,2610300,3729000,Commodity,"Approved, Online Payment, Bank Payment, Cash On Delivery, Shipping Required",1,0087393012000,,,,,,
114630942,174682793,کیف زنانه چرم ترکیبی کد 1934 رنگ: عسلی,2610300,3729000,Commodity,"Approved, Online Payment, Bank Payment, Cash On Delivery, Shipping Required",1,0087390027000,,,,,,
114630890,174682684,کفش طبی چرم طبیعی مدل مرینوس کشی رنگ: مشکی، سایز: 45,2376000,3960000,Commodity,"Approved, Online Payment, Bank Payment, Cash On Delivery, Shipping Required",1,0089230001045,,,,,,
114630889,174682684,کفش طبی چرم طبیعی مدل مرینوس کشی رنگ: مشکی، سایز: 44,2376000,3960000,Commodity,"Approved, Online Payment, Bank Payment, Cash On Delivery, Shipping Required",1,0089230001044,,,,,,
114630888,174682684,کفش طبی چرم طبیعی مدل مرینوس کشی رنگ: مشکی، سایز: 43,2376000,3960000,Commodity,"Approved, Online Payment, Bank Payment, Cash On Delivery, Shipping Required",2,0089230001043,,,,,,
114630887,174682684,کفش طبی چرم طبیعی مدل مرینوس کشی رنگ: مشکی، سایز: 42,2376000,3960000,Commodity,"Approved, Online Payment, Bank Payment, Cash On Delivery, Shipping Required",3,0089230001042,,,,,,
114630886,174682684,کفش طبی چرم طبیعی مدل مرینوس کشی رنگ: مشکی، سایز: 41,2376000,3960000,Commodity,"Approved, Online Payment, Bank Payment, Cash On Delivery, Shipping Required",2,0089230001041,,,,,,
114630885,174682684,کفش طبی چرم طبیعی مدل مرینوس کشی رنگ: مشکی، سایز: 40,2376000,3960000,Commodity,"Approved, Online Payment, Bank Payment, Cash On Delivery, Shipping Required",1,0089230001040,,,,,,
114630875,174682660,کالج چرم طبیعی رنگ: مشکی، سایز: 44,2277000,3795000,Commodity,"Approved, Online Payment, Bank Payment, Cash On Delivery, Shipping Required",1,0089160001044,,,,,,
114630874,174682660,کالج چرم طبیعی رنگ: مشکی، سایز: 43,2277000,3795000,Commodity,"Approved, Online Payment, Bank Payment, Cash On Delivery, Shipping Required",0,0089160001043,,,,,,
114630873,174682660,کالج چرم طبیعی رنگ: مشکی، سایز: 42,2277000,3795000,Commodity,"Approved, Online Payment, Bank Payment, Cash On Delivery, Shipping Required",3,0089160001042,,,,,,
114630872,174682660,کالج چرم طبیعی رنگ: مشکی، سایز: 41,2277000,3795000,Commodity,"Approved, Online Payment, Bank Payment, Cash On Delivery, Shipping Required",0,0089160001041,,,,,,
114630871,174682660,کالج چرم طبیعی رنگ: مشکی، سایز: 40,2277000,3795000,Commodity,"Approved, Online Payment, Bank Payment, Cash On Delivery, Shipping Required",1,0089160001040,,,,,,
114630841,174682576,کفش طبی چرم طبیعی مدل تکسن کشی رنگ: مشکی، سایز: 44,2395800,3993000,Commodity,"Approved, Online Payment, Bank Payment, Cash On Delivery, Shipping Required",1,0089190001044,,,,,,
114630840,174682576,کفش طبی چرم طبیعی مدل تکسن کشی رنگ: مشکی، سایز: 43,2395800,3993000,Commodity,"Approved, Online Payment, Bank Payment, Cash On Delivery, Shipping Required",2,0089190001043,,,,,,
114630839,174682576,کفش طبی چرم طبیعی مدل تکسن کشی رنگ: مشکی، سایز: 42,2395800,3993000,Commodity,"Approved, Online Payment, Bank Payment, Cash On Delivery, Shipping Required",3,0089190001042,,,,,,
114630838,174682576,کفش طبی چرم طبیعی مدل تکسن کشی رنگ: مشکی، سایز: 41,2395800,3993000,Commodity,"Approved, Online Payment, Bank Payment, Cash On Delivery, Shipping Required",3,0089190001041,,,,,,
114630837,174682576,کفش طبی چرم طبیعی مدل تکسن کشی رنگ: مشکی، سایز: 40,2395800,3993000,Commodity,"Approved, Online Payment, Bank Payment, Cash On Delivery, Shipping Required",1,0089190001040,,,,,,
114630824,174682555,کفش طبی چرم طبیعی مدل ایهان بندی رنگ: مشکی، سایز: 45,2277000,3795000,Commodity,"Approved, Online Payment, Bank Payment, Cash On Delivery, Shipping Required",1,0089130001045,,,,,,
114630823,174682555,کفش طبی چرم طبیعی مدل ایهان بندی رنگ: مشکی، سایز: 44,2277000,3795000,Commodity,"Approved, Online Payment, Bank Payment, Cash On Delivery, Shipping Required",0,0089130001044,,,,,,
114630822,174682555,کفش طبی چرم طبیعی مدل ایهان بندی رنگ: مشکی، سایز: 43,2277000,3795000,Commodity,"Approved, Online Payment, Bank Payment, Cash On Delivery, Shipping Required",1,0089130001043,,,,,,
114630821,174682555,کفش طبی چرم طبیعی مدل ایهان بندی رنگ: مشکی، سایز: 42,2277000,3795000,Commodity,"Approved, Online Payment, Bank Payment, Cash On Delivery, Shipping Required",3,0089130001042,,,,,,
114630820,174682555,کفش طبی چرم طبیعی مدل ایهان بندی رنگ: مشکی، سایز: 41,2277000,3795000,Commodity,"Approved, Online Payment, Bank Payment, Cash On Delivery, Shipping Required",2,0089130001041,,,,,,
114630819,174682555,کفش طبی چرم طبیعی مدل ایهان بندی رنگ: مشکی، سایز: 40,2277000,3795000,Commodity,"Approved, Online Payment, Bank Payment, Cash On Delivery, Shipping Required",1,0089130001040,,,,,,
114630759,174682477,کفش طبی چرم طبیعی مدل ایهان بندی ساعتی رنگ: مشکی، سایز: 45,2277000,3795000,Commodity,"Approved, Online Payment, Bank Payment, Cash On Delivery, Shipping Required",1,0089110001045,,,,,,
114630758,174682477,کفش طبی چرم طبیعی مدل ایهان بندی ساعتی رنگ: مشکی، سایز: 44,2277000,3795000,Commodity,"Approved, Online Payment, Bank Payment, Cash On Delivery, Shipping Required",1,0089110001044,,,,,,
114630757,174682477,کفش طبی چرم طبیعی مدل ایهان بندی ساعتی رنگ: مشکی، سایز: 43,2277000,3795000,Commodity,"Approved, Online Payment, Bank Payment, Cash On Delivery, Shipping Required",2,0089110001043,,,,,,
114630756,174682477,کفش طبی چرم طبیعی مدل ایهان بندی ساعتی رنگ: مشکی، سایز: 42,2277000,3795000,Commodity,"Approved, Online Payment, Bank Payment, Cash On Delivery, Shipping Required",2,0089110001042,,,,,,
114630755,174682477,کفش طبی چرم طبیعی مدل ایهان بندی ساعتی رنگ: مشکی، سایز: 41,2277000,3795000,Commodity,"Approved, Online Payment, Bank Payment, Cash On Delivery, Shipping Required",0,0089110001041,,,,,,
114630754,174682477,کفش طبی چرم طبیعی مدل ایهان بندی ساعتی رنگ: مشکی، سایز: 40,2277000,3795000,Commodity,"Approved, Online Payment, Bank Payment, Cash On Delivery, Shipping Required",1,0089110001040,,,,,,
114630684,174682304,کفش طبی چرم طبیعی مدل مرینوس بندی رنگ: مشکی، سایز: 45,2376000,3960000,Commodity,"Approved, Online Payment, Bank Payment, Cash On Delivery, Shipping Required",1,0089250001045,,,,,,
114630683,174682304,کفش طبی چرم طبیعی مدل مرینوس بندی رنگ: مشکی، سایز: 44,2376000,3960000,Commodity,"Approved, Online Payment, Bank Payment, Cash On Delivery, Shipping Required",0,0089250001044,,,,,,
114630682,174682304,کفش طبی چرم طبیعی مدل مرینوس بندی رنگ: مشکی، سایز: 43,2376000,3960000,Commodity,"Approved, Online Payment, Bank Payment, Cash On Delivery, Shipping Required",2,0089250001043,,,,,,
114630681,174682304,کفش طبی چرم طبیعی مدل مرینوس بندی رنگ: مشکی، سایز: 42,2376000,3960000,Commodity,"Approved, Online Payment, Bank Payment, Cash On Delivery, Shipping Required",3,0089250001042,,,,,,
114630680,174682304,کفش طبی چرم طبیعی مدل مرینوس بندی رنگ: مشکی، سایز: 41,2376000,3960000,Commodity,"Approved, Online Payment, Bank Payment, Cash On Delivery, Shipping Required",2,0089250001041,,,,,,
114630679,174682304,کفش طبی چرم طبیعی مدل مرینوس بندی رنگ: مشکی، سایز: 40,2376000,3960000,Commodity,"Approved, Online Payment, Bank Payment, Cash On Delivery, Shipping Required",1,0089250001040,,,,,,
114630657,174682274,کفش طبی چرم طبیعی مدل ایهان کشی ساعتی رنگ: مشکی، سایز: 44,2643300,4405500,Commodity,"Approved, Online Payment, Bank Payment, Cash On Delivery, Shipping Required",0,0089150001044,,,,,,
114630656,174682274,کفش طبی چرم طبیعی مدل ایهان کشی ساعتی رنگ: مشکی، سایز: 43,2643300,4405500,Commodity,"Approved, Online Payment, Bank Payment, Cash On Delivery, Shipping Required",2,0089150001043,,,,,,
114630655,174682274,کفش طبی چرم طبیعی مدل ایهان کشی ساعتی رنگ: مشکی، سایز: 42,2643300,4405500,Commodity,"Approved, Online Payment, Bank Payment, Cash On Delivery, Shipping Required",3,0089150001042,,,,,,
114630654,174682274,کفش طبی چرم طبیعی مدل ایهان کشی ساعتی رنگ: مشکی، سایز: 41,2643300,4405500,Commodity,"Approved, Online Payment, Bank Payment, Cash On Delivery, Shipping Required",2,0089150001041,,,,,,
114630653,174682274,کفش طبی چرم طبیعی مدل ایهان کشی ساعتی رنگ: مشکی، سایز: 40,2643300,4405500,Commodity,"Approved, Online Payment, Bank Payment, Cash On Delivery, Shipping Required",1,0089150001040,,,,,,
114630329,174681644,کفش طبی چرم طبیعی مدل مرینوس ساعتی رنگ: مشکی، سایز: 45,2376000,3960000,Commodity,"Approved, Online Payment, Bank Payment, Cash On Delivery, Shipping Required",1,0089240001045,,,,,,
114630328,174681644,کفش طبی چرم طبیعی مدل مرینوس ساعتی رنگ: مشکی، سایز: 44,2376000,3960000,Commodity,"Approved, Online Payment, Bank Payment, Cash On Delivery, Shipping Required",1,0089240001044,,,,,,
114630327,174681644,کفش طبی چرم طبیعی مدل مرینوس ساعتی رنگ: مشکی، سایز: 43,2376000,3960000,Commodity,"Approved, Online Payment, Bank Payment, Cash On Delivery, Shipping Required",2,0089240001043,,,,,,
114630326,174681644,کفش طبی چرم طبیعی مدل مرینوس ساعتی رنگ: مشکی، سایز: 42,2376000,3960000,Commodity,"Approved, Online Payment, Bank Payment, Cash On Delivery, Shipping Required",3,0089240001042,,,,,,
114630325,174681644,کفش طبی چرم طبیعی مدل مرینوس ساعتی رنگ: مشکی، سایز: 41,2376000,3960000,Commodity,"Approved, Online Payment, Bank Payment, Cash On Delivery, Shipping Required",2,0089240001041,,,,,,
114630324,174681644,کفش طبی چرم طبیعی مدل مرینوس ساعتی رنگ: مشکی، سایز: 40,2376000,3960000,Commodity,"Approved, Online Payment, Bank Payment, Cash On Delivery, Shipping Required",1,0089240001040,,,,,,
114630284,174681575,کفش طبی چرم طبیعی مدل تکسن بندی رنگ: مشکی، سایز: 44,2395800,3993000,Commodity,"Approved, Online Payment, Bank Payment, Cash On Delivery, Shipping Required",0,0089180001044,,,,,,
114630283,174681575,کفش طبی چرم طبیعی مدل تکسن بندی رنگ: مشکی، سایز: 43,2395800,3993000,Commodity,"Approved, Online Payment, Bank Payment, Cash On Delivery, Shipping Required",2,0089180001043,,,,,,
114630282,174681575,کفش طبی چرم طبیعی مدل تکسن بندی رنگ: مشکی، سایز: 42,2395800,3993000,Commodity,"Approved, Online Payment, Bank Payment, Cash On Delivery, Shipping Required",2,0089180001042,,,,,,
114630281,174681575,کفش طبی چرم طبیعی مدل تکسن بندی رنگ: مشکی، سایز: 41,2395800,3993000,Commodity,"Approved, Online Payment, Bank Payment, Cash On Delivery, Shipping Required",2,0089180001041,,,,,,
114630280,174681575,کفش طبی چرم طبیعی مدل تکسن بندی رنگ: مشکی، سایز: 40,2395800,3993000,Commodity,"Approved, Online Payment, Bank Payment, Cash On Delivery, Shipping Required",1,0089180001040,,,,,,
114619990,174666958,جاکارتی چرم طبیعی مدل ch5 رنگ: عسلی,462000,660000,Commodity,"Approved, Online Payment, Bank Payment, Cash On Delivery, Shipping Required",1,0057900027000,,,,,,
114619989,174666958,جاکارتی چرم طبیعی مدل ch5 رنگ: قهوه ای,462000,660000,Commodity,"Approved, Online Payment, Bank Payment, Cash On Delivery, Shipping Required",1,005790002000,,,,,,
114619988,174666958,جاکارتی چرم طبیعی مدل ch5 رنگ: مشکی,462000,660000,Commodity,"Approved, Online Payment, Bank Payment, Cash On Delivery, Shipping Required",1,005790001000,,,,,,
114619980,174666945,جاکلیدی چرم طبیعی مدل s21 رنگ: قرمز,714350,1020500,Commodity,"Approved, Online Payment, Bank Payment, Cash On Delivery, Shipping Required",2,0033060004000,,,,,,
114619972,174666915,جاکارتی چرم طبیعی مدل ch25 رنگ: قرمز,436100,623000,Commodity,"Approved, Online Payment, Bank Payment, Cash On Delivery, Shipping Required",2,0053590004000,,,,,,
114619938,174666852,جاکارتی چرم طبیعی مدل ch16 رنگ: قهوه ای روشن,739200,1056000,Commodity,"Approved, Online Payment, Bank Payment, Cash On Delivery, Shipping Required",1,0037480003000,,,,,,
114619926,174666840,کیف پول مردانه چرم طبیعی مدل lp32 رنگ: عسلی,700000,1000000,Commodity,"Approved, Online Payment, Bank Payment, Cash On Delivery, Shipping Required",1,005367002700,,,,,,
114619589,174666178,کیف پول مردانه چرم طبیعی مدل lpk1 رنگ: مشکی,1481200,2116000,Commodity,"Approved, Online Payment, Bank Payment, Cash On Delivery, Shipping Required",1,0011660002000,,,,,,
114619583,174666176,کیف پول مردانه چرم طبیعی مدل lpk1 رنگ: قهوه ای,1481200,2116000,Commodity,"Approved, Online Payment, Bank Payment, Cash On Delivery, Shipping Required",1,0011660002000,,,,,,
114619560,174666116,کیف پول مردانه چرم طبیعی مدل lpk2 رنگ: مشکی,1481200,2116000,Commodity,"Approved, Online Payment, Bank Payment, Cash On Delivery, Shipping Required",1,0053540001000,,,,,,
114619534,174666051,کیف پول مردانه چرم طبیعی مدل lpk2 رنگ: قهوه ای,1481200,2116000,Commodity,"Approved, Online Payment, Bank Payment, Cash On Delivery, Shipping Required",1,005340002000,,,,,,
114619371,174665768,کیف پول مردانه چرم طبیعی مدل lpk16 رنگ: قهوه ای,1481270,2116100,Commodity,"Approved, Online Payment, Bank Payment, Cash On Delivery, Shipping Required",1,0011690002000,,,,,,
114619367,174665761,کیف پول مردانه چرم طبیعی مدل lpk16 رنگ: عسلی,1481270,2116100,Commodity,"Approved, Online Payment, Bank Payment, Cash On Delivery, Shipping Required",1,0011690027000,,,,,,
114619238,174665542,کیف مدارک چرم طبیعی مدل ps22,1872500,2675000,Commodity,"Approved, Online Payment, Bank Payment, Cash On Delivery, Shipping Required",1,0010490001000,,,,,,
114619234,174665538,کیف مدارک چرم طبیعی مدل ps22,2082500,2975000,Commodity,"Approved, Online Payment, Bank Payment, Cash On Delivery, Shipping Required",1,0010490002000,,,,,,
114619230,174665533,کیف پول مردانه چرم مصنوعی مدل gw1,490000,700000,Commodity,"Approved, Online Payment, Bank Payment, Cash On Delivery, Shipping Required",1,0053630027000,,,,,,
114619218,174665519,کیف پول زنانه چرم طبیعی مدل lw25,1442364,2060520,Commodity,"Approved, Online Payment, Bank Payment, Cash On Delivery, Shipping Required",1,0010350004000,,,,,,
114619209,174665499,کوله پشتی مدل sp277,1386000,1980000,Commodity,"Approved, Online Payment, Bank Payment, Cash On Delivery, Shipping Required",0,,,,,,,
114619191,174665444,کیف پول زنانه چرم طبیعی مدل lw44,1869350,2670500,Commodity,"Approved, Online Payment, Bank Payment, Cash On Delivery, Shipping Required",1,0014350006000,,,,,,
114581533,174618603,کیف مدارک چرم طبیعی مدل ps3,1848000,2640000,Commodity,"Approved, Online Payment, Bank Payment, Cash On Delivery, Shipping Required",1,0040490002000,,,,,,
114581532,174618601,کیف مدارک چرم طبیعی مدل ps3,1848000,2640000,Commodity,"Approved, Online Payment, Bank Payment, Cash On Delivery, Shipping Required",2,0040490027000,,,,,,
114581531,174618599,کیف مدارک چرم طبیعی مدل ps3,1848000,2640000,Commodity,"Approved, Online Payment, Bank Payment, Cash On Delivery, Shipping Required",1,0040490001000,,,,,,
114581528,174618596,کیف پول جیبی چرم طبیعی مدل lp17,700000,1000000,Commodity,"Approved, Online Payment, Bank Payment, Cash On Delivery, Shipping Required",2,0019180027000,,,,,,
114581324,174618215,کمربند چرم طبیعی پارینه مدل bp6(3/5cm) رنگ: سرمه ای، سایز: 130,737100,1053000,Commodity,"Approved, Online Payment, Bank Payment, Cash On Delivery, Shipping Required",2,0058840007130,,,,,,
114581323,174618215,کمربند چرم طبیعی پارینه مدل bp6(3/5cm) رنگ: سرمه ای، سایز: 125,737100,1053000,Commodity,"Approved, Online Payment, Bank Payment, Cash On Delivery, Shipping Required",2,0058840007125,,,,,,
114581322,174618215,کمربند چرم طبیعی پارینه مدل bp6(3/5cm) رنگ: سرمه ای، سایز: 120,737100,1053000,Commodity,"Approved, Online Payment, Bank Payment, Cash On Delivery, Shipping Required",4,0058840007120,,,,,,
114581321,174618215,کمربند چرم طبیعی پارینه مدل bp6(3/5cm) رنگ: سرمه ای، سایز: 115,737100,1053000,Commodity,"Approved, Online Payment, Bank Payment, Cash On Delivery, Shipping Required",1,0058840007115,,,,,,
114581320,174618215,کمربند چرم طبیعی پارینه مدل bp6(3/5cm) رنگ: سرمه ای، سایز: 110,737100,1053000,Commodity,"Approved, Online Payment, Bank Payment, Cash On Delivery, Shipping Required",1,0058840007110,,,,,,
114581298,174618201,کمربند چرم طبیعی پارینه مدل b81 رنگ: عسلی، سایز: 130,989100,1413000,Commodity,"Approved, Online Payment, Bank Payment, Cash On Delivery, Shipping Required",1,0048090027130,,,,,,
114581297,174618201,کمربند چرم طبیعی پارینه مدل b81 رنگ: عسلی، سایز: 120,989100,1413000,Commodity,"Approved, Online Payment, Bank Payment, Cash On Delivery, Shipping Required",1,0048090027120,,,,,,
114581296,174618201,کمربند چرم طبیعی پارینه مدل b81 رنگ: عسلی، سایز: 115,989100,1413000,Commodity,"Approved, Online Payment, Bank Payment, Cash On Delivery, Shipping Required",2,0048090027115,,,,,,
114581295,174618201,کمربند چرم طبیعی پارینه مدل b81 رنگ: عسلی، سایز: 110,989100,1413000,Commodity,"Approved, Online Payment, Bank Payment, Cash On Delivery, Shipping Required",2,0048090027110,,,,,,
114581294,174618201,کمربند چرم طبیعی پارینه مدل b81 رنگ: قهوه ای، سایز: 130,989100,1413000,Commodity,"Approved, Online Payment, Bank Payment, Cash On Delivery, Shipping Required",1,0048090002130,,,,,,
114581293,174618201,کمربند چرم طبیعی پارینه مدل b81 رنگ: قهوه ای، سایز: 120,989100,1413000,Commodity,"Approved, Online Payment, Bank Payment, Cash On Delivery, Shipping Required",1,0048090002120,,,,,,
114581292,174618201,کمربند چرم طبیعی پارینه مدل b81 رنگ: قهوه ای، سایز: 115,989100,1413000,Commodity,"Approved, Online Payment, Bank Payment, Cash On Delivery, Shipping Required",2,0048090002115,,,,,,
114581291,174618201,کمربند چرم طبیعی پارینه مدل b81 رنگ: قهوه ای، سایز: 110,989100,1413000,Commodity,"Approved, Online Payment, Bank Payment, Cash On Delivery, Shipping Required",0,,,,,,,
114580595,174617312,کمربند چرم طبیعی پارینه مدل b11(4cm) رنگ: عسلی، سایز: 120,859600,1228000,Commodity,"Approved, Online Payment, Bank Payment, Cash On Delivery, Shipping Required",5,0053310027120,,,,,,
114580594,174617312,کمربند چرم طبیعی پارینه مدل b11(4cm) رنگ: عسلی، سایز: 115,859600,1228000,Commodity,"Approved, Online Payment, Bank Payment, Cash On Delivery, Shipping Required",6,0053310027115,,,,,,
114580593,174617312,کمربند چرم طبیعی پارینه مدل b11(4cm) رنگ: عسلی، سایز: 110,859600,1228000,Commodity,"Approved, Online Payment, Bank Payment, Cash On Delivery, Shipping Required",7,0053310027110,,,,,,
114580500,174617159,کمربند چرم طبیعی پارینه مدل bp15(3/5) رنگ: سرمه ای، سایز: 130,728000,1040000,Commodity,"Approved, Online Payment, Bank Payment, Cash On Delivery, Shipping Required",4,0024460007130,,,,,,
114580499,174617159,کمربند چرم طبیعی پارینه مدل bp15(3/5) رنگ: سرمه ای، سایز: 125,728000,1040000,Commodity,"Approved, Online Payment, Bank Payment, Cash On Delivery, Shipping Required",5,0024460007125,,,,,,
114580498,174617159,کمربند چرم طبیعی پارینه مدل bp15(3/5) رنگ: سرمه ای، سایز: 120,728000,1040000,Commodity,"Approved, Online Payment, Bank Payment, Cash On Delivery, Shipping Required",4,0024460007120,,,,,,
114580497,174617159,کمربند چرم طبیعی پارینه مدل bp15(3/5) رنگ: سرمه ای، سایز: 115,728000,1040000,Commodity,"Approved, Online Payment, Bank Payment, Cash On Delivery, Shipping Required",3,0024460007115,,,,,,
114580496,174617159,کمربند چرم طبیعی پارینه مدل bp15(3/5) رنگ: سرمه ای، سایز: 110,728000,1040000,Commodity,"Approved, Online Payment, Bank Payment, Cash On Delivery, Shipping Required",1,0024460007110,,,,,,
114580450,174617082,کمربند چرم طبیعی پارینه مدل b22 رنگ: قهوه ای، سایز: 130,989100,1413000,Commodity,"Approved, Online Payment, Bank Payment, Cash On Delivery, Shipping Required",1,0012880002130,,,,,,
114580449,174617082,کمربند چرم طبیعی پارینه مدل b22 رنگ: قهوه ای، سایز: 125,989100,1413000,Commodity,"Approved, Online Payment, Bank Payment, Cash On Delivery, Shipping Required",3,0012880002125,,,,,,
114580448,174617082,کمربند چرم طبیعی پارینه مدل b22 رنگ: قهوه ای، سایز: 120,989100,1413000,Commodity,"Approved, Online Payment, Bank Payment, Cash On Delivery, Shipping Required",8,0012880002120,,,,,,
114580447,174617082,کمربند چرم طبیعی پارینه مدل b22 رنگ: قهوه ای، سایز: 115,989100,1413000,Commodity,"Approved, Online Payment, Bank Payment, Cash On Delivery, Shipping Required",5,0012880002115,,,,,,
114580446,174617082,کمربند چرم طبیعی پارینه مدل b22 رنگ: قهوه ای، سایز: 110,989100,1413000,Commodity,"Approved, Online Payment, Bank Payment, Cash On Delivery, Shipping Required",4,0012880002110,,,,,,
114580424,174617061,کمربند چرم طبیعی پارینه b13 رنگ: عسلی، سایز: 130,989100,1413000,Commodity,"Approved, Online Payment, Bank Payment, Cash On Delivery, Shipping Required",4,0011800027130,,,,,,
114580423,174617061,کمربند چرم طبیعی پارینه b13 رنگ: عسلی، سایز: 125,989100,1413000,Commodity,"Approved, Online Payment, Bank Payment, Cash On Delivery, Shipping Required",3,0011800027125,,,,,,
114580422,174617061,کمربند چرم طبیعی پارینه b13 رنگ: عسلی، سایز: 120,989100,1413000,Commodity,"Approved, Online Payment, Bank Payment, Cash On Delivery, Shipping Required",1,0011800027120,,,,,,
114580394,174616997,کمربند چرم طبیعی زنانه,596750,852500,Commodity,"Approved, Online Payment, Bank Payment, Cash On Delivery, Shipping Required",2,,,,,,,
114580377,174616981,کمربند چرم طبیعی زنانه مدل 2/5 کلاسیک,529375,756250,Commodity,"Approved, Online Payment, Bank Payment, Cash On Delivery, Shipping Required",1,,,,,,,
114580371,174616975,کمربند چرم طبیعی زنانه,596750,852500,Commodity,"Approved, Online Payment, Bank Payment, Cash On Delivery, Shipping Required",2,,,,,,,
114580369,174616973,کمربند چرم طبیعی زنانه مدل 3 کلاسیک,596750,852500,Commodity,"Approved, Online Payment, Bank Payment, Cash On Delivery, Shipping Required",2,,,,,,,
114580364,174616970,کمربند چرم طبیعی زنانه مدل 2/5 کلاسیک,529375,756250,Commodity,"Approved, Online Payment, Bank Payment, Cash On Delivery, Shipping Required",3,,,,,,,
114580361,174616967,کمربند چرم طبیعی پسرانه,345800,494000,Commodity,"Approved, Online Payment, Bank Payment, Cash On Delivery, Shipping Required",1,,,,,,,
114580342,174616913,کمربند چرم طبیعی زنانه,737100,1053000,Commodity,"Approved, Online Payment, Bank Payment, Cash On Delivery, Shipping Required",2,,,,,,,
114580317,174616844,کمربند چرم طبیعی مردانه مدل 3/5 کلاسیک,654500,935000,Commodity,"Approved, Online Payment, Bank Payment, Cash On Delivery, Shipping Required",4,,,,,,,
114569275,174603854,کفش طبی چرم طبیعی مدل آیدین کشی رنگ: مشکی، سایز: 44,2277000,3795000,Commodity,"Approved, Online Payment, Bank Payment, Cash On Delivery, Shipping Required",0,0089330001044,,,,,,
114569274,174603854,کفش طبی چرم طبیعی مدل آیدین کشی رنگ: مشکی، سایز: 43,2277000,3795000,Commodity,"Approved, Online Payment, Bank Payment, Cash On Delivery, Shipping Required",2,0089330001043,,,,,,
114569273,174603854,کفش طبی چرم طبیعی مدل آیدین کشی رنگ: مشکی، سایز: 42,2277000,3795000,Commodity,"Approved, Online Payment, Bank Payment, Cash On Delivery, Shipping Required",2,0089330001042,,,,,,
114569272,174603854,کفش طبی چرم طبیعی مدل آیدین کشی رنگ: مشکی، سایز: 41,2277000,3795000,Commodity,"Approved, Online Payment, Bank Payment, Cash On Delivery, Shipping Required",0,0089330001041,,,,,,
114569271,174603854,کفش طبی چرم طبیعی مدل آیدین کشی رنگ: مشکی، سایز: 40,2277000,3795000,Commodity,"Approved, Online Payment, Bank Payment, Cash On Delivery, Shipping Required",0,0089330001040,,,,,,
114569120,174603840,کفش طبی چرم طبیعی مدل الوین کشی رنگ: مشکی، سایز: 45,2108700,3514500,Commodity,"Approved, Online Payment, Bank Payment, Cash On Delivery, Shipping Required",1,0089100001045,,,,,,
114569119,174603840,کفش طبی چرم طبیعی مدل الوین کشی رنگ: مشکی، سایز: 44,2108700,3514500,Commodity,"Approved, Online Payment, Bank Payment, Cash On Delivery, Shipping Required",1,0089100001044,,,,,,
114569118,174603840,کفش طبی چرم طبیعی مدل الوین کشی رنگ: مشکی، سایز: 43,2108700,3514500,Commodity,"Approved, Online Payment, Bank Payment, Cash On Delivery, Shipping Required",2,0089100001043,,,,,,
114569117,174603840,کفش طبی چرم طبیعی مدل الوین کشی رنگ: مشکی، سایز: 42,2108700,3514500,Commodity,"Approved, Online Payment, Bank Payment, Cash On Delivery, Shipping Required",3,0089100001042,,,,,,
114569116,174603840,کفش طبی چرم طبیعی مدل الوین کشی رنگ: مشکی، سایز: 41,2108700,3514500,Commodity,"Approved, Online Payment, Bank Payment, Cash On Delivery, Shipping Required",2,0089100001041,,,,,,
114569115,174603840,کفش طبی چرم طبیعی مدل الوین کشی رنگ: مشکی، سایز: 40,2108700,3514500,Commodity,"Approved, Online Payment, Bank Payment, Cash On Delivery, Shipping Required",1,0089100001040,,,,,,
114569108,174603821,کفش طبی چرم طبیعی مدل آیدین ساعتی رنگ: مشکی، سایز: 44,2277000,3795000,Commodity,"Approved, Online Payment, Bank Payment, Cash On Delivery, Shipping Required",0,0089320001044,,,,,,
114569107,174603821,کفش طبی چرم طبیعی مدل آیدین ساعتی رنگ: مشکی، سایز: 43,2277000,3795000,Commodity,"Approved, Online Payment, Bank Payment, Cash On Delivery, Shipping Required",1,0089320001043,,,,,,
114569106,174603821,کفش طبی چرم طبیعی مدل آیدین ساعتی رنگ: مشکی، سایز: 42,2277000,3795000,Commodity,"Approved, Online Payment, Bank Payment, Cash On Delivery, Shipping Required",3,0089320001042,,,,,,
114569105,174603821,کفش طبی چرم طبیعی مدل آیدین ساعتی رنگ: مشکی، سایز: 41,2277000,3795000,Commodity,"Approved, Online Payment, Bank Payment, Cash On Delivery, Shipping Required",2,0089320001041,,,,,,
114569104,174603821,کفش طبی چرم طبیعی مدل آیدین ساعتی رنگ: مشکی، سایز: 40,2277000,3795000,Commodity,"Approved, Online Payment, Bank Payment, Cash On Delivery, Shipping Required",1,0089320001040,,,,,,
114569027,174603745,کفش طبی چرم طبیعی مدل الوین بندی رنگ: مشکی، سایز: 45,2227500,3712500,Commodity,"Approved, Online Payment, Bank Payment, Cash On Delivery, Shipping Required",1,0089090001045,,,,,,
114569026,174603745,کفش طبی چرم طبیعی مدل الوین بندی رنگ: مشکی، سایز: 44,2227500,3712500,Commodity,"Approved, Online Payment, Bank Payment, Cash On Delivery, Shipping Required",1,0089090001044,,,,,,
114569025,174603745,کفش طبی چرم طبیعی مدل الوین بندی رنگ: مشکی، سایز: 43,2227500,3712500,Commodity,"Approved, Online Payment, Bank Payment, Cash On Delivery, Shipping Required",2,0089090001043,,,,,,
114569024,174603745,کفش طبی چرم طبیعی مدل الوین بندی رنگ: مشکی، سایز: 42,2227500,3712500,Commodity,"Approved, Online Payment, Bank Payment, Cash On Delivery, Shipping Required",3,0089090001042,,,,,,
114569023,174603745,کفش طبی چرم طبیعی مدل الوین بندی رنگ: مشکی، سایز: 41,2227500,3712500,Commodity,"Approved, Online Payment, Bank Payment, Cash On Delivery, Shipping Required",1,0089090001041,,,,,,
114569022,174603745,کفش طبی چرم طبیعی مدل الوین بندی رنگ: مشکی، سایز: 40,2227500,3712500,Commodity,"Approved, Online Payment, Bank Payment, Cash On Delivery, Shipping Required",0,0089090001040,,,,,,
114568944,174603552,کفش طبی چرم طبیعی مدل آیدین بندی رنگ: مشکی، سایز: 44,2277000,3795000,Commodity,"Approved, Online Payment, Bank Payment, Cash On Delivery, Shipping Required",1,0089310001044,,,,,,
114568943,174603552,کفش طبی چرم طبیعی مدل آیدین بندی رنگ: مشکی، سایز: 43,2277000,3795000,Commodity,"Approved, Online Payment, Bank Payment, Cash On Delivery, Shipping Required",2,0089310001043,,,,,,
114568942,174603552,کفش طبی چرم طبیعی مدل آیدین بندی رنگ: مشکی، سایز: 42,2277000,3795000,Commodity,"Approved, Online Payment, Bank Payment, Cash On Delivery, Shipping Required",2,0089310001042,,,,,,
114568941,174603552,کفش طبی چرم طبیعی مدل آیدین بندی رنگ: مشکی، سایز: 41,2277000,3795000,Commodity,"Approved, Online Payment, Bank Payment, Cash On Delivery, Shipping Required",2,0089310001041,,,,,,
114568940,174603552,کفش طبی چرم طبیعی مدل آیدین بندی رنگ: مشکی، سایز: 40,2277000,3795000,Commodity,"Approved, Online Payment, Bank Payment, Cash On Delivery, Shipping Required",1,0089310001040,,,,,,
114568923,174603537,کفش طبی چرم طبیعی مدل ایما بندی رنگ: مشکی، سایز: 44,2277000,3795000,Commodity,"Approved, Online Payment, Bank Payment, Cash On Delivery, Shipping Required",1,0089170001044,,,,,,
114568922,174603537,کفش طبی چرم طبیعی مدل ایما بندی رنگ: مشکی، سایز: 43,2277000,3795000,Commodity,"Approved, Online Payment, Bank Payment, Cash On Delivery, Shipping Required",1,0089170001043,,,,,,
114568921,174603537,کفش طبی چرم طبیعی مدل ایما بندی رنگ: مشکی، سایز: 42,2277000,3795000,Commodity,"Approved, Online Payment, Bank Payment, Cash On Delivery, Shipping Required",3,0089170001042,,,,,,
114568920,174603537,کفش طبی چرم طبیعی مدل ایما بندی رنگ: مشکی، سایز: 41,2277000,3795000,Commodity,"Approved, Online Payment, Bank Payment, Cash On Delivery, Shipping Required",2,0089170001041,,,,,,
114568919,174603537,کفش طبی چرم طبیعی مدل ایما بندی رنگ: مشکی، سایز: 40,2277000,3795000,Commodity,"Approved, Online Payment, Bank Payment, Cash On Delivery, Shipping Required",2,0089170001040,,,,,,
114558058,169350628,ست هدیه مردانه کهن چرم مدل K3 رنگ: مشکی,2800000,4000000,Commodity,"Approved, Online Payment, Bank Payment, Cash On Delivery, Shipping Required",2,,,,,,,
114558047,169350166,ست هدیه مردانه کهن چرم مدل K1 رنگ: مشکی,3640000,5200000,Commodity,"Approved, Online Payment, Bank Payment, Cash On Delivery, Shipping Required",2,,,,,,,
114558020,170286373,ست هدیه مردانه پارینه چرم M5 رنگ: قهوه ای,2100000,3000000,Commodity,"Approved, Online Payment, Bank Payment, Cash On Delivery, Shipping Required",2,,,,,,,
114558019,170286373,ست هدیه مردانه پارینه چرم M5 رنگ: عسلی,2100000,3000000,Commodity,"Approved, Online Payment, Bank Payment, Cash On Delivery, Shipping Required",2,,,,,,,
114558004,170491009,ست هدیه پارینه چرم مدل M5 رنگ: مشکی,2100000,3000000,Commodity,"Approved, Online Payment, Bank Payment, Cash On Delivery, Shipping Required",2,,,,,,,
114557911,170503103,ست هدیه مردانه پارینه چرم مدل M12 رنگ: مشکی,2520000,3600000,Commodity,"Approved, Online Payment, Bank Payment, Cash On Delivery, Shipping Required",2,,,,,,,
114557906,170515623,ست هدیه مردانه پارینه چرم مدل M1 رنگ: مشکی,1120000,1600000,Commodity,"Approved, Online Payment, Bank Payment, Cash On Delivery, Shipping Required",2,,,,,,,
114557822,170530454,ست هدیه مردانه پارینه چرم مدل M7 رنگ: عسلی,1400000,2000000,Commodity,"Approved, Online Payment, Bank Payment, Cash On Delivery, Shipping Required",2,,,,,,,
114557819,170530451,ست هدیه مردانه پارینه چرم مدل M7 رنگ: مشکی,1400000,2000000,Commodity,"Approved, Online Payment, Bank Payment, Cash On Delivery, Shipping Required",2,,,,,,,
114557798,170491270,ست هدیه پارینه چرم مدل M6 رنگ: قهوه ای,1470000,2100000,Commodity,"Approved, Online Payment, Bank Payment, Cash On Delivery, Shipping Required",2,,,,,,,
114557795,170491215,ست هدیه پارینه چرم مدل M6 رنگ: مشکی,1470000,2100000,Commodity,"Approved, Online Payment, Bank Payment, Cash On Delivery, Shipping Required",2,,,,,,,
114557731,170301031,ست هدیه زنانه کهن چرم مدل K9 رنگ: قرمز,2730000,3900000,Commodity,"Approved, Online Payment, Bank Payment, Cash On Delivery, Shipping Required",2,0,,,,,,
114557694,170491086,ست هدیه پارینه چرم مدل M3 رنگ: مشکی,1890000,2700000,Commodity,"Approved, Online Payment, Bank Payment, Cash On Delivery, Shipping Required",2,,,,,,,
114557572,174587408,کفش طبی چرم طبیعی مدل آلپ ساعتی بندی رنگ: مشکی، سایز: 45,2415600,4026000,Commodity,"Approved, Online Payment, Bank Payment, Cash On Delivery, Shipping Required",1,0089260001045,,,,,,
114557571,174587408,کفش طبی چرم طبیعی مدل آلپ ساعتی بندی رنگ: مشکی، سایز: 44,2415600,4026000,Commodity,"Approved, Online Payment, Bank Payment, Cash On Delivery, Shipping Required",0,0089260001044,,,,,,
114557570,174587408,کفش طبی چرم طبیعی مدل آلپ ساعتی بندی رنگ: مشکی، سایز: 43,2415600,4026000,Commodity,"Approved, Online Payment, Bank Payment, Cash On Delivery, Shipping Required",1,0089260001043,,,,,,
114557569,174587408,کفش طبی چرم طبیعی مدل آلپ ساعتی بندی رنگ: مشکی، سایز: 42,2415600,4026000,Commodity,"Approved, Online Payment, Bank Payment, Cash On Delivery, Shipping Required",3,0089260001042,,,,,,
114557568,174587408,کفش طبی چرم طبیعی مدل آلپ ساعتی بندی رنگ: مشکی، سایز: 41,2415600,4026000,Commodity,"Approved, Online Payment, Bank Payment, Cash On Delivery, Shipping Required",2,0089260001041,,,,,,
114557567,174587408,کفش طبی چرم طبیعی مدل آلپ ساعتی بندی رنگ: مشکی، سایز: 40,2415600,4026000,Commodity,"Approved, Online Payment, Bank Payment, Cash On Delivery, Shipping Required",1,0089260001040,,,,,,
114557536,174587345,کفش طبی چرم طبیعی مدل آرمان بندی رنگ: مشکی، سایز: 45,2277000,3795000,Commodity,"Approved, Online Payment, Bank Payment, Cash On Delivery, Shipping Required",1,0089200001044,,,,,,
114557535,174587345,کفش طبی چرم طبیعی مدل آرمان بندی رنگ: مشکی، سایز: 44,2277000,3795000,Commodity,"Approved, Online Payment, Bank Payment, Cash On Delivery, Shipping Required",1,0089200001044,,,,,,
114557534,174587345,کفش طبی چرم طبیعی مدل آرمان بندی رنگ: مشکی، سایز: 43,2277000,3795000,Commodity,"Approved, Online Payment, Bank Payment, Cash On Delivery, Shipping Required",2,0089200001043,,,,,,
114557533,174587345,کفش طبی چرم طبیعی مدل آرمان بندی رنگ: مشکی، سایز: 42,2277000,3795000,Commodity,"Approved, Online Payment, Bank Payment, Cash On Delivery, Shipping Required",2,008920001042,,,,,,
114557532,174587345,کفش طبی چرم طبیعی مدل آرمان بندی رنگ: مشکی، سایز: 41,2277000,3795000,Commodity,"Approved, Online Payment, Bank Payment, Cash On Delivery, Shipping Required",2,0089200001041,,,,,,
114557531,174587345,کفش طبی چرم طبیعی مدل آرمان بندی رنگ: مشکی، سایز: 40,2277000,3795000,Commodity,"Approved, Online Payment, Bank Payment, Cash On Delivery, Shipping Required",1,0089200001040,,,,,,
114557475,174587269,کفش طبی چرم طبیعی مدل آراز کشی ساعتی رنگ: مشکی، سایز: 44,2643300,4405500,Commodity,"Approved, Online Payment, Bank Payment, Cash On Delivery, Shipping Required",0,0089150001044,,,,,,
114557474,174587269,کفش طبی چرم طبیعی مدل آراز کشی ساعتی رنگ: مشکی، سایز: 43,2643300,4405500,Commodity,"Approved, Online Payment, Bank Payment, Cash On Delivery, Shipping Required",2,0089150001043,,,,,,
114557473,174587269,کفش طبی چرم طبیعی مدل آراز کشی ساعتی رنگ: مشکی، سایز: 42,2643300,4405500,Commodity,"Approved, Online Payment, Bank Payment, Cash On Delivery, Shipping Required",3,0089150001042,,,,,,
114557472,174587269,کفش طبی چرم طبیعی مدل آراز کشی ساعتی رنگ: مشکی، سایز: 41,2643300,4405500,Commodity,"Approved, Online Payment, Bank Payment, Cash On Delivery, Shipping Required",2,0089150001041,,,,,,
114557471,174587269,کفش طبی چرم طبیعی مدل آراز کشی ساعتی رنگ: مشکی، سایز: 40,2643300,4405500,Commodity,"Approved, Online Payment, Bank Payment, Cash On Delivery, Shipping Required",1,0089150001040,,,,,,
114557437,174587250,کفش طبی چرم طبیعی مدل آرمان کشی ساده رنگ: مشکی، سایز: 45,2277000,3795000,Commodity,"Approved, Online Payment, Bank Payment, Cash On Delivery, Shipping Required",1,0089210001045,,,,,,
114557436,174587250,کفش طبی چرم طبیعی مدل آرمان کشی ساده رنگ: مشکی، سایز: 44,2277000,3795000,Commodity,"Approved, Online Payment, Bank Payment, Cash On Delivery, Shipping Required",1,0089210001044,,,,,,
114557435,174587250,کفش طبی چرم طبیعی مدل آرمان کشی ساده رنگ: مشکی، سایز: 43,2277000,3795000,Commodity,"Approved, Online Payment, Bank Payment, Cash On Delivery, Shipping Required",2,0089210001043,,,,,,
114557434,174587250,کفش طبی چرم طبیعی مدل آرمان کشی ساده رنگ: مشکی، سایز: 42,2277000,3795000,Commodity,"Approved, Online Payment, Bank Payment, Cash On Delivery, Shipping Required",3,0089210001042,,,,,,
114557433,174587250,کفش طبی چرم طبیعی مدل آرمان کشی ساده رنگ: مشکی، سایز: 41,2277000,3795000,Commodity,"Approved, Online Payment, Bank Payment, Cash On Delivery, Shipping Required",2,0089210001041,,,,,,
114557432,174587250,کفش طبی چرم طبیعی مدل آرمان کشی ساده رنگ: مشکی، سایز: 40,2277000,3795000,Commodity,"Approved, Online Payment, Bank Payment, Cash On Delivery, Shipping Required",1,0089210001040,,,,,,
114557420,174587226,کفش طبی چرم طبیعی مدل آرمان کشی ساعتی رنگ: مشکی، سایز: 45,2277000,3795000,Commodity,"Approved, Online Payment, Bank Payment, Cash On Delivery, Shipping Required",1,0089220001045,,,,,,
114557419,174587226,کفش طبی چرم طبیعی مدل آرمان کشی ساعتی رنگ: مشکی، سایز: 44,2277000,3795000,Commodity,"Approved, Online Payment, Bank Payment, Cash On Delivery, Shipping Required",1,0089220001044,,,,,,
114557418,174587226,کفش طبی چرم طبیعی مدل آرمان کشی ساعتی رنگ: مشکی، سایز: 43,2277000,3795000,Commodity,"Approved, Online Payment, Bank Payment, Cash On Delivery, Shipping Required",2,0089220001043,,,,,,
114557417,174587226,کفش طبی چرم طبیعی مدل آرمان کشی ساعتی رنگ: مشکی، سایز: 42,2277000,3795000,Commodity,"Approved, Online Payment, Bank Payment, Cash On Delivery, Shipping Required",3,0089220001042,,,,,,
114557416,174587226,کفش طبی چرم طبیعی مدل آرمان کشی ساعتی رنگ: مشکی، سایز: 41,2277000,3795000,Commodity,"Approved, Online Payment, Bank Payment, Cash On Delivery, Shipping Required",2,0089220001041,,,,,,
114557415,174587226,کفش طبی چرم طبیعی مدل آرمان کشی ساعتی رنگ: مشکی، سایز: 40,2277000,3795000,Commodity,"Approved, Online Payment, Bank Payment, Cash On Delivery, Shipping Required",0,0089220001040,,,,,,
114557325,174587100,ساک ورزشی مدل sp269 رنگ: مشکی,1660400,2372000,Commodity,"Approved, Online Payment, Bank Payment, Cash On Delivery, Shipping Required",1,0087930001000,,,,,,
114557285,174587084,کوله پشتی مدل sp292 رنگ: سفید,877800,1254000,Commodity,"Approved, Online Payment, Bank Payment, Cash On Delivery, Shipping Required",0,0088190016000,,,,,,
114557272,174587076,چمدان چرم طبیعی مدل db127 رنگ: ویزون,14700000,21000000,Commodity,"Approved, Online Payment, Bank Payment, Cash On Delivery, Shipping Required",1,0079258581000,,,,,,
114557195,174587031,کیف زنانه چرم ترکیبی کد 1841 رنگ: مشکی,2263800,3234000,Commodity,"Approved, Online Payment, Bank Payment, Cash On Delivery, Shipping Required",3,0086620001000,,,,,,
114557170,174587024,کیف زنانه چرم ترکیبی کد 1727 رنگ: زرشکی,2425500,3465000,Commodity,"Approved, Online Payment, Bank Payment, Cash On Delivery, Shipping Required",0,0086770006000,,,,,,
114557167,174587021,کیف زنانه چرم ترکیبی کد 1727 رنگ: مشکی,2425500,3465000,Commodity,"Approved, Online Payment, Bank Payment, Cash On Delivery, Shipping Required",1,0086770001000,,,,,,
114557163,174587017,کیف زنانه چرم ترکیبی کد 1845 رنگ: عسلی,3234000,4620000,Commodity,"Approved, Online Payment, Bank Payment, Cash On Delivery, Shipping Required",1,0078790027000,,,,,,
114557156,174587015,کیف زنانه چرم ترکیبی کد 1845 رنگ: ویزون,3234000,4620000,Commodity,"Approved, Online Payment, Bank Payment, Cash On Delivery, Shipping Required",1,0078798581000,,,,,,
114557143,174587003,ساک ورزشی نایک مدل sp275 رنگ: مشکی,2079000,2970000,Commodity,"Approved, Online Payment, Bank Payment, Cash On Delivery, Shipping Required",2,0087990001000,,,,,,
114557110,174586995,کوله پشتی چرم طبیعی مدل v249 رنگ: قهوه ای,9030000,12900000,Commodity,"Approved, Online Payment, Bank Payment, Cash On Delivery, Shipping Required",1,0083150056000,,,,,,
114504351,174504098,کفش اسپرت مدل نایک تراویس رنگ: سفید طوسی، سایز: 44,1328580,2214300,Commodity,"Approved, Online Payment, Bank Payment, Cash On Delivery, Shipping Required",3,0086598535044,,,,,,
114504350,174504098,کفش اسپرت مدل نایک تراویس رنگ: سفید طوسی، سایز: 43,1328580,2214300,Commodity,"Approved, Online Payment, Bank Payment, Cash On Delivery, Shipping Required",4,0086598535043,,,,,,
114504349,174504098,کفش اسپرت مدل نایک تراویس رنگ: سفید طوسی، سایز: 42,1328580,2214300,Commodity,"Approved, Online Payment, Bank Payment, Cash On Delivery, Shipping Required",4,0086598535042,,,,,,
114504348,174504098,کفش اسپرت مدل نایک تراویس رنگ: سفید طوسی، سایز: 41,1328580,2214300,Commodity,"Approved, Online Payment, Bank Payment, Cash On Delivery, Shipping Required",5,0086598535041,,,,,,
114504287,174504085,کیف زنانه چرم ترکیبی کد 1444 رنگ: عسلی,2425500,3465000,Commodity,"Approved, Online Payment, Bank Payment, Cash On Delivery, Shipping Required",1,0078900027000,,,,,,
114504261,174504027,کیف زنانه چرم ترکیبی کد 1444 رنگ: سبز,2425500,3465000,Commodity,"Approved, Online Payment, Bank Payment, Cash On Delivery, Shipping Required",1,0078900013000,,,,,,
114504243,174503973,کیف زنانه چرم ترکیبی کد 1444 رنگ: ویزون,2425500,3465000,Commodity,"Approved, Online Payment, Bank Payment, Cash On Delivery, Shipping Required",1,0078908581000,,,,,,
114504229,174503964,کیف زنانه چرم ترکیبی کد 1583 رنگ: سماقی,2887500,4125000,Commodity,"Approved, Online Payment, Bank Payment, Cash On Delivery, Shipping Required",1,0080193012000,,,,,,
114504205,174503942,کیف زنانه چرم ترکیبی کد 1583 رنگ: کرم,2887500,4125000,Commodity,"Approved, Online Payment, Bank Payment, Cash On Delivery, Shipping Required",1,0080190010000,,,,,,
114504192,174503902,کیف زنانه چرم ترکیبی کد 1020 رنگ: مشکی,3465000,4950000,Commodity,"Approved, Online Payment, Bank Payment, Cash On Delivery, Shipping Required",2,0087490001000,,,,,,
114504187,174503897,کیف زنانه چرم ترکیبی کد 1348 رنگ: مشکی,3349500,4785000,Commodity,"Approved, Online Payment, Bank Payment, Cash On Delivery, Shipping Required",1,0087510001000,,,,,,
114461941,174432475,کفش اسپرت مدل نایک تراویس رنگ: سفید مشکی، سایز: 44,1328580,2214300,Commodity,"Approved, Online Payment, Bank Payment, Cash On Delivery, Shipping Required",2,0086598552044,,,,,,
114461940,174432475,کفش اسپرت مدل نایک تراویس رنگ: سفید مشکی، سایز: 43,1328580,2214300,Commodity,"Approved, Online Payment, Bank Payment, Cash On Delivery, Shipping Required",0,0086598552043,,,,,,
114461939,174432475,کفش اسپرت مدل نایک تراویس رنگ: سفید مشکی، سایز: 42,1328580,2214300,Commodity,"Approved, Online Payment, Bank Payment, Cash On Delivery, Shipping Required",1,0086598552042,,,,,,
114461938,174432475,کفش اسپرت مدل نایک تراویس رنگ: سفید مشکی، سایز: 41,1328580,2214300,Commodity,"Approved, Online Payment, Bank Payment, Cash On Delivery, Shipping Required",2,0086598552041,,,,,,
114461929,174432466,کفش اسپرت مدل نایک تراویس رنگ: سفید، سایز: 44,1328580,2214300,Commodity,"Approved, Online Payment, Bank Payment, Cash On Delivery, Shipping Required",1,0086590016044,,,,,,
114461928,174432466,کفش اسپرت مدل نایک تراویس رنگ: سفید، سایز: 43,1328580,2214300,Commodity,"Approved, Online Payment, Bank Payment, Cash On Delivery, Shipping Required",2,0086590016043,,,,,,
114461927,174432466,کفش اسپرت مدل نایک تراویس رنگ: سفید، سایز: 42,1328580,2214300,Commodity,"Approved, Online Payment, Bank Payment, Cash On Delivery, Shipping Required",1,0086590016042,,,,,,
114461926,174432466,کفش اسپرت مدل نایک تراویس رنگ: سفید، سایز: 41,1328580,2214300,Commodity,"Approved, Online Payment, Bank Payment, Cash On Delivery, Shipping Required",1,0086590016041,,,,,,
114461908,174432409,کفش بچه گانه مدل جین لایک رنگ: سفید مشکی، سایز: 39,594000,990000,Commodity,"Approved, Online Payment, Bank Payment, Cash On Delivery, Shipping Required",2,0088068552021,,,,,,
114461907,174432409,کفش بچه گانه مدل جین لایک رنگ: سفید مشکی، سایز: 38,594000,990000,Commodity,"Approved, Online Payment, Bank Payment, Cash On Delivery, Shipping Required",2,0088068552019,,,,,,
114461906,174432409,کفش بچه گانه مدل جین لایک رنگ: سفید مشکی، سایز: 37,594000,990000,Commodity,"Approved, Online Payment, Bank Payment, Cash On Delivery, Shipping Required",2,0088068552017,,,,,,
114461905,174432409,کفش بچه گانه مدل جین لایک رنگ: سفید مشکی، سایز: 36,594000,990000,Commodity,"Approved, Online Payment, Bank Payment, Cash On Delivery, Shipping Required",0,0088068552015,,,,,,
114461904,174432409,کفش بچه گانه مدل جین لایک رنگ: سفید مشکی، سایز: 35,594000,990000,Commodity,"Approved, Online Payment, Bank Payment, Cash On Delivery, Shipping Required",0,0088068552035,,,,,,
114461903,174432409,کفش بچه گانه مدل جین لایک رنگ: سفید مشکی، سایز: 34,594000,990000,Commodity,"Approved, Online Payment, Bank Payment, Cash On Delivery, Shipping Required",1,0088068552034,,,,,,
114461902,174432409,کفش بچه گانه مدل جین لایک رنگ: سفید مشکی، سایز: 33,594000,990000,Commodity,"Approved, Online Payment, Bank Payment, Cash On Delivery, Shipping Required",2,0088068552033,,,,,,
114461901,174432409,کفش بچه گانه مدل جین لایک رنگ: سفید مشکی، سایز: 32,594000,990000,Commodity,"Approved, Online Payment, Bank Payment, Cash On Delivery, Shipping Required",2,0088068552032,,,,,,
114461900,174432409,کفش بچه گانه مدل جین لایک رنگ: سفید مشکی، سایز: 31,594000,990000,Commodity,"Approved, Online Payment, Bank Payment, Cash On Delivery, Shipping Required",2,0088068552031,,,,,,
114461899,174432409,کفش بچه گانه مدل جین لایک رنگ: سفید مشکی، سایز: 30,594000,990000,Commodity,"Approved, Online Payment, Bank Payment, Cash On Delivery, Shipping Required",2,0088068552190,,,,,,
114461898,174432409,کفش بچه گانه مدل جین لایک رنگ: سفید مشکی، سایز: 29,594000,990000,Commodity,"Approved, Online Payment, Bank Payment, Cash On Delivery, Shipping Required",2,0088068552162,,,,,,
114461897,174432409,کفش بچه گانه مدل جین لایک رنگ: سفید مشکی، سایز: 28,594000,990000,Commodity,"Approved, Online Payment, Bank Payment, Cash On Delivery, Shipping Required",2,0088068552188,,,,,,
114461896,174432409,کفش بچه گانه مدل جین لایک رنگ: سفید مشکی، سایز: 27,594000,990000,Commodity,"Approved, Online Payment, Bank Payment, Cash On Delivery, Shipping Required",2,0088068552160,,,,,,
114461895,174432409,کفش بچه گانه مدل جین لایک رنگ: سفید مشکی، سایز: 26,594000,990000,Commodity,"Approved, Online Payment, Bank Payment, Cash On Delivery, Shipping Required",2,0088068552159,,,,,,
114461894,174432409,کفش بچه گانه مدل جین لایک رنگ: سفید مشکی، سایز: 25,594000,990000,Commodity,"Approved, Online Payment, Bank Payment, Cash On Delivery, Shipping Required",2,0088068552029,,,,,,
114461858,174432319,کفش طبی چرم طبیعی مدل فوکوس رنگ: مشکی، سایز: 45,1881000,3135000,Commodity,"Approved, Online Payment, Bank Payment, Cash On Delivery, Shipping Required",1,0088850001045,,,,,,
114461857,174432319,کفش طبی چرم طبیعی مدل فوکوس رنگ: مشکی، سایز: 44,1881000,3135000,Commodity,"Approved, Online Payment, Bank Payment, Cash On Delivery, Shipping Required",2,0088850001044,,,,,,
114461856,174432319,کفش طبی چرم طبیعی مدل فوکوس رنگ: مشکی، سایز: 43,1881000,3135000,Commodity,"Approved, Online Payment, Bank Payment, Cash On Delivery, Shipping Required",6,0088850001043,,,,,,
114461855,174432319,کفش طبی چرم طبیعی مدل فوکوس رنگ: مشکی، سایز: 42,1881000,3135000,Commodity,"Approved, Online Payment, Bank Payment, Cash On Delivery, Shipping Required",5,0088850001042,,,,,,
114461854,174432319,کفش طبی چرم طبیعی مدل فوکوس رنگ: مشکی، سایز: 41,1881000,3135000,Commodity,"Approved, Online Payment, Bank Payment, Cash On Delivery, Shipping Required",2,0088850001041,,,,,,
114461853,174432319,کفش طبی چرم طبیعی مدل فوکوس رنگ: مشکی، سایز: 40,1881000,3135000,Commodity,"Approved, Online Payment, Bank Payment, Cash On Delivery, Shipping Required",2,0088850001040,,,,,,
114461829,174432261,کفش طبی چرم طبیعی مدل فوکوس رنگ: قهوه ای، سایز: 45,1881000,3135000,Commodity,"Approved, Online Payment, Bank Payment, Cash On Delivery, Shipping Required",0,0088850002045,,,,,,
114461828,174432261,کفش طبی چرم طبیعی مدل فوکوس رنگ: قهوه ای، سایز: 44,1881000,3135000,Commodity,"Approved, Online Payment, Bank Payment, Cash On Delivery, Shipping Required",2,0088850002044,,,,,,
114461827,174432261,کفش طبی چرم طبیعی مدل فوکوس رنگ: قهوه ای، سایز: 43,1881000,3135000,Commodity,"Approved, Online Payment, Bank Payment, Cash On Delivery, Shipping Required",3,0088850002043,,,,,,
114461826,174432261,کفش طبی چرم طبیعی مدل فوکوس رنگ: قهوه ای، سایز: 42,1881000,3135000,Commodity,"Approved, Online Payment, Bank Payment, Cash On Delivery, Shipping Required",1,0088850002042,,,,,,
114461825,174432261,کفش طبی چرم طبیعی مدل فوکوس رنگ: قهوه ای، سایز: 41,1881000,3135000,Commodity,"Approved, Online Payment, Bank Payment, Cash On Delivery, Shipping Required",2,0088850002041,,,,,,
114461824,174432261,کفش طبی چرم طبیعی مدل فوکوس رنگ: قهوه ای، سایز: 40,1881000,3135000,Commodity,"Approved, Online Payment, Bank Payment, Cash On Delivery, Shipping Required",1,0088850002040,,,,,,
114461771,174432181,کفش طبی چرم طبیعی مدل ونیز کشی رنگ: مشکی، سایز: 45,1782000,2970000,Commodity,"Approved, Online Payment, Bank Payment, Cash On Delivery, Shipping Required",2,0088810001045,,,,,,
114461770,174432181,کفش طبی چرم طبیعی مدل ونیز کشی رنگ: مشکی، سایز: 44,1782000,2970000,Commodity,"Approved, Online Payment, Bank Payment, Cash On Delivery, Shipping Required",2,0088810001044,,,,,,
114461769,174432181,کفش طبی چرم طبیعی مدل ونیز کشی رنگ: مشکی، سایز: 43,1782000,2970000,Commodity,"Approved, Online Payment, Bank Payment, Cash On Delivery, Shipping Required",4,0088810001043,,,,,,
114461768,174432181,کفش طبی چرم طبیعی مدل ونیز کشی رنگ: مشکی، سایز: 42,1782000,2970000,Commodity,"Approved, Online Payment, Bank Payment, Cash On Delivery, Shipping Required",4,0088810001042,,,,,,
114461767,174432181,کفش طبی چرم طبیعی مدل ونیز کشی رنگ: مشکی، سایز: 41,1782000,2970000,Commodity,"Approved, Online Payment, Bank Payment, Cash On Delivery, Shipping Required",2,0088810001041,,,,,,
114461766,174432181,کفش طبی چرم طبیعی مدل ونیز کشی رنگ: مشکی، سایز: 40,1782000,2970000,Commodity,"Approved, Online Payment, Bank Payment, Cash On Delivery, Shipping Required",1,0088810001040,,,,,,
114461674,174431936,کفش طبی چرم طبیعی مدل ونیز کشی رنگ: قهوه ای، سایز: 45,1782000,2970000,Commodity,"Approved, Online Payment, Bank Payment, Cash On Delivery, Shipping Required",1,0088810002045,,,,,,
114461673,174431936,کفش طبی چرم طبیعی مدل ونیز کشی رنگ: قهوه ای، سایز: 44,1782000,2970000,Commodity,"Approved, Online Payment, Bank Payment, Cash On Delivery, Shipping Required",0,0088810002044,,,,,,
114461672,174431936,کفش طبی چرم طبیعی مدل ونیز کشی رنگ: قهوه ای، سایز: 43,1782000,2970000,Commodity,"Approved, Online Payment, Bank Payment, Cash On Delivery, Shipping Required",3,0088810002043,,,,,,
114461671,174431936,کفش طبی چرم طبیعی مدل ونیز کشی رنگ: قهوه ای، سایز: 42,1782000,2970000,Commodity,"Approved, Online Payment, Bank Payment, Cash On Delivery, Shipping Required",3,0088810002042,,,,,,
114461670,174431936,کفش طبی چرم طبیعی مدل ونیز کشی رنگ: قهوه ای، سایز: 41,1782000,2970000,Commodity,"Approved, Online Payment, Bank Payment, Cash On Delivery, Shipping Required",2,0088810002041,,,,,,
114461669,174431936,کفش طبی چرم طبیعی مدل ونیز کشی رنگ: قهوه ای، سایز: 40,1782000,2970000,Commodity,"Approved, Online Payment, Bank Payment, Cash On Delivery, Shipping Required",1,0088810002040,,,,,,
114461641,174431874,کفش طبی چرم طبیعی مدل گریدر کشی رنگ: مشکی، سایز: 45,1980000,3300000,Commodity,"Approved, Online Payment, Bank Payment, Cash On Delivery, Shipping Required",1,0088880001045,,,,,,
114461640,174431874,کفش طبی چرم طبیعی مدل گریدر کشی رنگ: مشکی، سایز: 44,1980000,3300000,Commodity,"Approved, Online Payment, Bank Payment, Cash On Delivery, Shipping Required",1,0088880001044,,,,,,
114461639,174431874,کفش طبی چرم طبیعی مدل گریدر کشی رنگ: مشکی، سایز: 43,1980000,3300000,Commodity,"Approved, Online Payment, Bank Payment, Cash On Delivery, Shipping Required",2,0088880001043,,,,,,
114461638,174431874,کفش طبی چرم طبیعی مدل گریدر کشی رنگ: مشکی، سایز: 42,1980000,3300000,Commodity,"Approved, Online Payment, Bank Payment, Cash On Delivery, Shipping Required",3,0088880001042,,,,,,
114461637,174431874,کفش طبی چرم طبیعی مدل گریدر کشی رنگ: مشکی، سایز: 41,1980000,3300000,Commodity,"Approved, Online Payment, Bank Payment, Cash On Delivery, Shipping Required",2,0088880001041,,,,,,
114461636,174431874,کفش طبی چرم طبیعی مدل گریدر کشی رنگ: مشکی، سایز: 40,1980000,3300000,Commodity,"Approved, Online Payment, Bank Payment, Cash On Delivery, Shipping Required",1,0088880001040,,,,,,
114461566,174431693,کفش طبی چرم طبیعی مدل هشترگ کشی رنگ: قهوه ای، سایز: 45,1900800,3168000,Commodity,"Approved, Online Payment, Bank Payment, Cash On Delivery, Shipping Required",1,0088830002045,,,,,,
114461565,174431693,کفش طبی چرم طبیعی مدل هشترگ کشی رنگ: قهوه ای، سایز: 44,1900800,3168000,Commodity,"Approved, Online Payment, Bank Payment, Cash On Delivery, Shipping Required",0,0088830002044,,,,,,
114461564,174431693,کفش طبی چرم طبیعی مدل هشترگ کشی رنگ: قهوه ای، سایز: 43,1900800,3168000,Commodity,"Approved, Online Payment, Bank Payment, Cash On Delivery, Shipping Required",2,0088830002043,,,,,,
114461563,174431693,کفش طبی چرم طبیعی مدل هشترگ کشی رنگ: قهوه ای، سایز: 42,1900800,3168000,Commodity,"Approved, Online Payment, Bank Payment, Cash On Delivery, Shipping Required",3,0088830002042,,,,,,
114461562,174431693,کفش طبی چرم طبیعی مدل هشترگ کشی رنگ: قهوه ای، سایز: 41,1900800,3168000,Commodity,"Approved, Online Payment, Bank Payment, Cash On Delivery, Shipping Required",1,0088830002041,,,,,,
114461561,174431693,کفش طبی چرم طبیعی مدل هشترگ کشی رنگ: قهوه ای، سایز: 40,1900800,3168000,Commodity,"Approved, Online Payment, Bank Payment, Cash On Delivery, Shipping Required",1,0088830002040,,,,,,
114461540,174431635,کفش طبی چرم طبیعی مدل ماهان رنگ: قهوه ای، سایز: 45,1980000,3300000,Commodity,"Approved, Online Payment, Bank Payment, Cash On Delivery, Shipping Required",0,0088860002045,,,,,,
114461539,174431635,کفش طبی چرم طبیعی مدل ماهان رنگ: قهوه ای، سایز: 44,1980000,3300000,Commodity,"Approved, Online Payment, Bank Payment, Cash On Delivery, Shipping Required",0,0088860002044,,,,,,
114461538,174431635,کفش طبی چرم طبیعی مدل ماهان رنگ: قهوه ای، سایز: 43,1980000,3300000,Commodity,"Approved, Online Payment, Bank Payment, Cash On Delivery, Shipping Required",3,0088860002043,,,,,,
114461537,174431635,کفش طبی چرم طبیعی مدل ماهان رنگ: قهوه ای، سایز: 42,1980000,3300000,Commodity,"Approved, Online Payment, Bank Payment, Cash On Delivery, Shipping Required",3,0088860002042,,,,,,
114461536,174431635,کفش طبی چرم طبیعی مدل ماهان رنگ: قهوه ای، سایز: 41,1980000,3300000,Commodity,"Approved, Online Payment, Bank Payment, Cash On Delivery, Shipping Required",1,0088860002041,,,,,,
114461535,174431635,کفش طبی چرم طبیعی مدل ماهان رنگ: قهوه ای، سایز: 40,1980000,3300000,Commodity,"Approved, Online Payment, Bank Payment, Cash On Delivery, Shipping Required",1,0088860002040,,,,,,
114461446,174431487,کفش طبی چرم طبیعی مدل بتیس رنگ: مشکی، سایز: 44,1980000,3300000,Commodity,"Approved, Online Payment, Bank Payment, Cash On Delivery, Shipping Required",2,008890001044,,,,,,
114461445,174431487,کفش طبی چرم طبیعی مدل بتیس رنگ: مشکی، سایز: 43,1980000,3300000,Commodity,"Approved, Online Payment, Bank Payment, Cash On Delivery, Shipping Required",2,008890001043,,,,,,
114461444,174431487,کفش طبی چرم طبیعی مدل بتیس رنگ: مشکی، سایز: 42,1980000,3300000,Commodity,"Approved, Online Payment, Bank Payment, Cash On Delivery, Shipping Required",2,008890001042,,,,,,
114461443,174431487,کفش طبی چرم طبیعی مدل بتیس رنگ: مشکی، سایز: 41,1980000,3300000,Commodity,"Approved, Online Payment, Bank Payment, Cash On Delivery, Shipping Required",2,008890001041,,,,,,
114461442,174431487,کفش طبی چرم طبیعی مدل بتیس رنگ: مشکی، سایز: 40,1980000,3300000,Commodity,"Approved, Online Payment, Bank Payment, Cash On Delivery, Shipping Required",1,008890001040,,,,,,
114461431,174431482,کفش طبی چرم طبیعی مدل کلارک کشی رنگ: مشکی، سایز: 45,1782000,2970000,Commodity,"Approved, Online Payment, Bank Payment, Cash On Delivery, Shipping Required",0,0088790001045,,,,,,
114461430,174431482,کفش طبی چرم طبیعی مدل کلارک کشی رنگ: مشکی، سایز: 44,1782000,2970000,Commodity,"Approved, Online Payment, Bank Payment, Cash On Delivery, Shipping Required",1,0088790001044,,,,,,
114461429,174431482,کفش طبی چرم طبیعی مدل کلارک کشی رنگ: مشکی، سایز: 43,1782000,2970000,Commodity,"Approved, Online Payment, Bank Payment, Cash On Delivery, Shipping Required",3,0088790001043,,,,,,
114461428,174431482,کفش طبی چرم طبیعی مدل کلارک کشی رنگ: مشکی، سایز: 42,1782000,2970000,Commodity,"Approved, Online Payment, Bank Payment, Cash On Delivery, Shipping Required",2,0088790001042,,,,,,
114461427,174431482,کفش طبی چرم طبیعی مدل کلارک کشی رنگ: مشکی، سایز: 41,1782000,2970000,Commodity,"Approved, Online Payment, Bank Payment, Cash On Delivery, Shipping Required",2,0088790001041,,,,,,
114461426,174431482,کفش طبی چرم طبیعی مدل کلارک کشی رنگ: مشکی، سایز: 40,1782000,2970000,Commodity,"Approved, Online Payment, Bank Payment, Cash On Delivery, Shipping Required",1,0088790001040,,,,,,
114461419,174431471,کفش طبی چرم طبیعی مدل کلارک کشی رنگ: قهوه ای، سایز: 45,1782000,2970000,Commodity,"Approved, Online Payment, Bank Payment, Cash On Delivery, Shipping Required",1,0088790002045,,,,,,
114461418,174431471,کفش طبی چرم طبیعی مدل کلارک کشی رنگ: قهوه ای، سایز: 44,1782000,2970000,Commodity,"Approved, Online Payment, Bank Payment, Cash On Delivery, Shipping Required",2,0088790002044,,,,,,
114461417,174431471,کفش طبی چرم طبیعی مدل کلارک کشی رنگ: قهوه ای، سایز: 43,1782000,2970000,Commodity,"Approved, Online Payment, Bank Payment, Cash On Delivery, Shipping Required",3,0088790002043,,,,,,
114461416,174431471,کفش طبی چرم طبیعی مدل کلارک کشی رنگ: قهوه ای، سایز: 42,1782000,2970000,Commodity,"Approved, Online Payment, Bank Payment, Cash On Delivery, Shipping Required",3,0088790002042,,,,,,
114461415,174431471,کفش طبی چرم طبیعی مدل کلارک کشی رنگ: قهوه ای، سایز: 41,1782000,2970000,Commodity,"Approved, Online Payment, Bank Payment, Cash On Delivery, Shipping Required",2,0088790002041,,,,,,
114461414,174431471,کفش طبی چرم طبیعی مدل کلارک کشی رنگ: قهوه ای، سایز: 40,1782000,2970000,Commodity,"Approved, Online Payment, Bank Payment, Cash On Delivery, Shipping Required",1,0088790002040,,,,,,
114461387,174431415,کفش طبی چرم طبیعی مدل ماهان رنگ: مشکی، سایز: 45,1980000,3300000,Commodity,"Approved, Online Payment, Bank Payment, Cash On Delivery, Shipping Required",1,0088860001045,,,,,,
114461386,174431415,کفش طبی چرم طبیعی مدل ماهان رنگ: مشکی، سایز: 44,1980000,3300000,Commodity,"Approved, Online Payment, Bank Payment, Cash On Delivery, Shipping Required",4,0088860001044,,,,,,
114461385,174431415,کفش طبی چرم طبیعی مدل ماهان رنگ: مشکی، سایز: 43,1980000,3300000,Commodity,"Approved, Online Payment, Bank Payment, Cash On Delivery, Shipping Required",6,0088860001043,,,,,,
114461384,174431415,کفش طبی چرم طبیعی مدل ماهان رنگ: مشکی، سایز: 42,1980000,3300000,Commodity,"Approved, Online Payment, Bank Payment, Cash On Delivery, Shipping Required",4,0088860001042,,,,,,
114461383,174431415,کفش طبی چرم طبیعی مدل ماهان رنگ: مشکی، سایز: 41,1980000,3300000,Commodity,"Approved, Online Payment, Bank Payment, Cash On Delivery, Shipping Required",2,0088860001041,,,,,,
114461382,174431415,کفش طبی چرم طبیعی مدل ماهان رنگ: مشکی، سایز: 40,1980000,3300000,Commodity,"Approved, Online Payment, Bank Payment, Cash On Delivery, Shipping Required",2,0088860001040,,,,,,
114461373,174431398,کفش طبی چرم طبیعی مدل سناتور رنگ: مشکی، سایز: 45,1980000,3300000,Commodity,"Approved, Online Payment, Bank Payment, Cash On Delivery, Shipping Required",0,0088890001045,,,,,,
114461372,174431398,کفش طبی چرم طبیعی مدل سناتور رنگ: مشکی، سایز: 44,1980000,3300000,Commodity,"Approved, Online Payment, Bank Payment, Cash On Delivery, Shipping Required",2,0088890001044,,,,,,
114461371,174431398,کفش طبی چرم طبیعی مدل سناتور رنگ: مشکی، سایز: 43,1980000,3300000,Commodity,"Approved, Online Payment, Bank Payment, Cash On Delivery, Shipping Required",1,0088890001043,,,,,,
114461370,174431398,کفش طبی چرم طبیعی مدل سناتور رنگ: مشکی، سایز: 42,1980000,3300000,Commodity,"Approved, Online Payment, Bank Payment, Cash On Delivery, Shipping Required",3,0088890001042,,,,,,
114461369,174431398,کفش طبی چرم طبیعی مدل سناتور رنگ: مشکی، سایز: 41,1980000,3300000,Commodity,"Approved, Online Payment, Bank Payment, Cash On Delivery, Shipping Required",1,0088890001041,,,,,,
114461368,174431398,کفش طبی چرم طبیعی مدل سناتور رنگ: مشکی، سایز: 40,1980000,3300000,Commodity,"Approved, Online Payment, Bank Payment, Cash On Delivery, Shipping Required",0,0088890001040,,,,,,
114441173,170389497,کیف دوشی مردانه کهن چرم مدل DB100 رنگ: قهوه ای روشن,3920000,5600000,Commodity,"Approved, Online Payment, Bank Payment, Cash On Delivery, Shipping Required",1,0041460003000,,,,,,
114432685,174388334,کیف زنانه چرم ترکیبی کد 1955 رنگ: مشکی,3349500,4785000,Commodity,"Approved, Online Payment, Bank Payment, Cash On Delivery, Shipping Required",2,0086640001000,,,,,,
114432683,174388332,کیف زنانه چرم ترکیبی کد 1955 رنگ: سرمه ای,3349500,4785000,Commodity,"Approved, Online Payment, Bank Payment, Cash On Delivery, Shipping Required",1,0086640007000,,,,,,
114432659,174388262,کیف زنانه چرم ترکیبی کد 1955 رنگ: سماقی,3349500,4785000,Commodity,"Approved, Online Payment, Bank Payment, Cash On Delivery, Shipping Required",1,0086643012000,,,,,,
114432625,174388158,کیف زنانه چرم ترکیبی کد 1953 رنگ: قرمز,2656500,3795000,Commodity,"Approved, Online Payment, Bank Payment, Cash On Delivery, Shipping Required",1,0085740004000,,,,,,
114432620,174388149,کیف زنانه چرم ترکیبی کد 1348 رنگ: عسلی,3349500,4785000,Commodity,"Approved, Online Payment, Bank Payment, Cash On Delivery, Shipping Required",1,008710027000,,,,,,
114432619,174388148,کیف زنانه چرم ترکیبی کد 1348 رنگ: زرشکی,3349500,4785000,Commodity,"Approved, Online Payment, Bank Payment, Cash On Delivery, Shipping Required",0,0087510006000,,,,,,
114432430,174387883,کفش چرم طبیعی مردانه مدل هشترگ کشی رنگ: مشکی، سایز: 45,1900800,3168000,Commodity,"Approved, Online Payment, Bank Payment, Cash On Delivery, Shipping Required",2,0088830001045,,,,,,
114432429,174387883,کفش چرم طبیعی مردانه مدل هشترگ کشی رنگ: مشکی، سایز: 44,1900800,3168000,Commodity,"Approved, Online Payment, Bank Payment, Cash On Delivery, Shipping Required",3,0088830001044,,,,,,
114432428,174387883,کفش چرم طبیعی مردانه مدل هشترگ کشی رنگ: مشکی، سایز: 43,1900800,3168000,Commodity,"Approved, Online Payment, Bank Payment, Cash On Delivery, Shipping Required",6,0088830001043,,,,,,
114432427,174387883,کفش چرم طبیعی مردانه مدل هشترگ کشی رنگ: مشکی، سایز: 42,1900800,3168000,Commodity,"Approved, Online Payment, Bank Payment, Cash On Delivery, Shipping Required",5,0088830001042,,,,,,
114432426,174387883,کفش چرم طبیعی مردانه مدل هشترگ کشی رنگ: مشکی، سایز: 41,1900800,3168000,Commodity,"Approved, Online Payment, Bank Payment, Cash On Delivery, Shipping Required",4,0088830001041,,,,,,
114432425,174387883,کفش چرم طبیعی مردانه مدل هشترگ کشی رنگ: مشکی، سایز: 40,1900800,3168000,Commodity,"Approved, Online Payment, Bank Payment, Cash On Delivery, Shipping Required",2,0088830001040,,,,,,
114432359,174387828,کفش طبی چرم طبیعی مردانه مدل گریدر کشی رنگ: قهوه ای، سایز: 45,1980000,3300000,Commodity,"Approved, Online Payment, Bank Payment, Cash On Delivery, Shipping Required",0,0088880002045,,,,,,
114432358,174387828,کفش طبی چرم طبیعی مردانه مدل گریدر کشی رنگ: قهوه ای، سایز: 44,1980000,3300000,Commodity,"Approved, Online Payment, Bank Payment, Cash On Delivery, Shipping Required",1,0088880002044,,,,,,
114432357,174387828,کفش طبی چرم طبیعی مردانه مدل گریدر کشی رنگ: قهوه ای، سایز: 43,1980000,3300000,Commodity,"Approved, Online Payment, Bank Payment, Cash On Delivery, Shipping Required",2,0088880002043,,,,,,
114432356,174387828,کفش طبی چرم طبیعی مردانه مدل گریدر کشی رنگ: قهوه ای، سایز: 42,1980000,3300000,Commodity,"Approved, Online Payment, Bank Payment, Cash On Delivery, Shipping Required",3,0088880002042,,,,,,
114432355,174387828,کفش طبی چرم طبیعی مردانه مدل گریدر کشی رنگ: قهوه ای، سایز: 41,1980000,3300000,Commodity,"Approved, Online Payment, Bank Payment, Cash On Delivery, Shipping Required",2,0088880002041,,,,,,
114432354,174387828,کفش طبی چرم طبیعی مردانه مدل گریدر کشی رنگ: قهوه ای، سایز: 40,1980000,3300000,Commodity,"Approved, Online Payment, Bank Payment, Cash On Delivery, Shipping Required",1,0088880002040,,,,,,
114432322,174387775,کفش ونس مردانه مدل کورت رنگ: مشکی، سایز: 44,2970000,4950000,Commodity,"Approved, Online Payment, Bank Payment, Cash On Delivery, Shipping Required",1,0088910001044,,,,,,
114432321,174387775,کفش ونس مردانه مدل کورت رنگ: مشکی، سایز: 43,2970000,4950000,Commodity,"Approved, Online Payment, Bank Payment, Cash On Delivery, Shipping Required",2,0088910001043,,,,,,
114432320,174387775,کفش ونس مردانه مدل کورت رنگ: مشکی، سایز: 42,2970000,4950000,Commodity,"Approved, Online Payment, Bank Payment, Cash On Delivery, Shipping Required",3,0088910001042,,,,,,
114432319,174387775,کفش ونس مردانه مدل کورت رنگ: مشکی، سایز: 41,2970000,4950000,Commodity,"Approved, Online Payment, Bank Payment, Cash On Delivery, Shipping Required",3,0088910001041,,,,,,
114432318,174387775,کفش ونس مردانه مدل کورت رنگ: مشکی، سایز: 40,2970000,4950000,Commodity,"Approved, Online Payment, Bank Payment, Cash On Delivery, Shipping Required",1,0088910001040,,,,,,
114432273,174387764,کفش فوتبال مردانه مدل جوما رنگ: فسفری، سایز: 45,1356000,2260000,Commodity,"Approved, Online Payment, Bank Payment, Cash On Delivery, Shipping Required",1,0088648634045,,,,,,
114432272,174387764,کفش فوتبال مردانه مدل جوما رنگ: فسفری، سایز: 44,1356000,2260000,Commodity,"Approved, Online Payment, Bank Payment, Cash On Delivery, Shipping Required",1,0088648634044,,,,,,
114432271,174387764,کفش فوتبال مردانه مدل جوما رنگ: فسفری، سایز: 43,1356000,2260000,Commodity,"Approved, Online Payment, Bank Payment, Cash On Delivery, Shipping Required",2,0088648634043,,,,,,
114432270,174387764,کفش فوتبال مردانه مدل جوما رنگ: فسفری، سایز: 42,1356000,2260000,Commodity,"Approved, Online Payment, Bank Payment, Cash On Delivery, Shipping Required",3,0088648634042,,,,,,
114432269,174387764,کفش فوتبال مردانه مدل جوما رنگ: فسفری، سایز: 41,1356000,2260000,Commodity,"Approved, Online Payment, Bank Payment, Cash On Delivery, Shipping Required",3,0088648634041,,,,,,
114432268,174387764,کفش فوتبال مردانه مدل جوما رنگ: فسفری، سایز: 40,1356000,2260000,Commodity,"Approved, Online Payment, Bank Payment, Cash On Delivery, Shipping Required",2,0088648634040,,,,,,
114432249,174387712,کفش فوتبال مردانه مدل جوما رنگ: آبی، سایز: 45,1356000,2260000,Commodity,"Approved, Online Payment, Bank Payment, Cash On Delivery, Shipping Required",1,0088640008045,,,,,,
114432248,174387712,کفش فوتبال مردانه مدل جوما رنگ: آبی، سایز: 44,1356000,2260000,Commodity,"Approved, Online Payment, Bank Payment, Cash On Delivery, Shipping Required",1,0088640008044,,,,,,
114432247,174387712,کفش فوتبال مردانه مدل جوما رنگ: آبی، سایز: 43,1356000,2260000,Commodity,"Approved, Online Payment, Bank Payment, Cash On Delivery, Shipping Required",2,0088640008043,,,,,,
114432246,174387712,کفش فوتبال مردانه مدل جوما رنگ: آبی، سایز: 42,1356000,2260000,Commodity,"Approved, Online Payment, Bank Payment, Cash On Delivery, Shipping Required",3,0088640008042,,,,,,
114432245,174387712,کفش فوتبال مردانه مدل جوما رنگ: آبی، سایز: 41,1356000,2260000,Commodity,"Approved, Online Payment, Bank Payment, Cash On Delivery, Shipping Required",2,0088640008041,,,,,,
114432244,174387712,کفش فوتبال مردانه مدل جوما رنگ: آبی، سایز: 40,1356000,2260000,Commodity,"Approved, Online Payment, Bank Payment, Cash On Delivery, Shipping Required",1,0088640008040,,,,,,
114432224,174387678,کفش فوتبال مردانه مدل جوما رنگ: نارنجی، سایز: 45,1356000,2260000,Commodity,"Approved, Online Payment, Bank Payment, Cash On Delivery, Shipping Required",1,0088640015045,,,,,,
114432223,174387678,کفش فوتبال مردانه مدل جوما رنگ: نارنجی، سایز: 44,1356000,2260000,Commodity,"Approved, Online Payment, Bank Payment, Cash On Delivery, Shipping Required",1,0088640015044,,,,,,
114432222,174387678,کفش فوتبال مردانه مدل جوما رنگ: نارنجی، سایز: 43,1356000,2260000,Commodity,"Approved, Online Payment, Bank Payment, Cash On Delivery, Shipping Required",2,0088640015043,,,,,,
114432221,174387678,کفش فوتبال مردانه مدل جوما رنگ: نارنجی، سایز: 42,1356000,2260000,Commodity,"Approved, Online Payment, Bank Payment, Cash On Delivery, Shipping Required",3,0088640015042,,,,,,
114432220,174387678,کفش فوتبال مردانه مدل جوما رنگ: نارنجی، سایز: 41,1356000,2260000,Commodity,"Approved, Online Payment, Bank Payment, Cash On Delivery, Shipping Required",3,0088640015041,,,,,,
114432219,174387678,کفش فوتبال مردانه مدل جوما رنگ: نارنجی، سایز: 40,1356000,2260000,Commodity,"Approved, Online Payment, Bank Payment, Cash On Delivery, Shipping Required",2,0088640015040,,,,,,
114432193,174387622,کفش فوتبال مردانه مدل جوما رنگ: مشکی، سایز: 45,1356000,2260000,Commodity,"Approved, Online Payment, Bank Payment, Cash On Delivery, Shipping Required",1,0088640001045,,,,,,
114432192,174387622,کفش فوتبال مردانه مدل جوما رنگ: مشکی، سایز: 44,1356000,2260000,Commodity,"Approved, Online Payment, Bank Payment, Cash On Delivery, Shipping Required",1,0088640001044,,,,,,
114432191,174387622,کفش فوتبال مردانه مدل جوما رنگ: مشکی، سایز: 43,1356000,2260000,Commodity,"Approved, Online Payment, Bank Payment, Cash On Delivery, Shipping Required",2,0088640001043,,,,,,
114432190,174387622,کفش فوتبال مردانه مدل جوما رنگ: مشکی، سایز: 42,1356000,2260000,Commodity,"Approved, Online Payment, Bank Payment, Cash On Delivery, Shipping Required",2,0088640001042,,,,,,
114432189,174387622,کفش فوتبال مردانه مدل جوما رنگ: مشکی، سایز: 41,1356000,2260000,Commodity,"Approved, Online Payment, Bank Payment, Cash On Delivery, Shipping Required",3,0088640001041,,,,,,
114432188,174387622,کفش فوتبال مردانه مدل جوما رنگ: مشکی، سایز: 40,1356000,2260000,Commodity,"Approved, Online Payment, Bank Payment, Cash On Delivery, Shipping Required",2,0088640001040,,,,,,
114432138,174387602,کفش فوتبال مردانه مدل ویکتوری رنگ: فسفری، سایز: 45,1346400,2244000,Commodity,"Approved, Online Payment, Bank Payment, Cash On Delivery, Shipping Required",1,0088638634045,,,,,,
114432137,174387602,کفش فوتبال مردانه مدل ویکتوری رنگ: فسفری، سایز: 44,1346400,2244000,Commodity,"Approved, Online Payment, Bank Payment, Cash On Delivery, Shipping Required",1,0088638634044,,,,,,
114432136,174387602,کفش فوتبال مردانه مدل ویکتوری رنگ: فسفری، سایز: 43,1346400,2244000,Commodity,"Approved, Online Payment, Bank Payment, Cash On Delivery, Shipping Required",2,0088638634043,,,,,,
114432135,174387602,کفش فوتبال مردانه مدل ویکتوری رنگ: فسفری، سایز: 42,1346400,2244000,Commodity,"Approved, Online Payment, Bank Payment, Cash On Delivery, Shipping Required",3,0088638634042,,,,,,
114432134,174387602,کفش فوتبال مردانه مدل ویکتوری رنگ: فسفری، سایز: 41,1346400,2244000,Commodity,"Approved, Online Payment, Bank Payment, Cash On Delivery, Shipping Required",3,0088638634041,,,,,,
114432133,174387602,کفش فوتبال مردانه مدل ویکتوری رنگ: فسفری، سایز: 40,1346400,2244000,Commodity,"Approved, Online Payment, Bank Payment, Cash On Delivery, Shipping Required",2,0088638634040,,,,,,
114432083,174387446,کفش فوتبال مردانه مدل ویکتوری رنگ: نقره ای، سایز: 45,1346400,2244000,Commodity,"Approved, Online Payment, Bank Payment, Cash On Delivery, Shipping Required",1,0088630018045,,,,,,
114432082,174387446,کفش فوتبال مردانه مدل ویکتوری رنگ: نقره ای، سایز: 44,1346400,2244000,Commodity,"Approved, Online Payment, Bank Payment, Cash On Delivery, Shipping Required",1,0088630018044,,,,,,
114432081,174387446,کفش فوتبال مردانه مدل ویکتوری رنگ: نقره ای، سایز: 43,1346400,2244000,Commodity,"Approved, Online Payment, Bank Payment, Cash On Delivery, Shipping Required",2,0088630018043,,,,,,
114432080,174387446,کفش فوتبال مردانه مدل ویکتوری رنگ: نقره ای، سایز: 42,1346400,2244000,Commodity,"Approved, Online Payment, Bank Payment, Cash On Delivery, Shipping Required",2,0088630018042,,,,,,
114432079,174387446,کفش فوتبال مردانه مدل ویکتوری رنگ: نقره ای، سایز: 41,1346400,2244000,Commodity,"Approved, Online Payment, Bank Payment, Cash On Delivery, Shipping Required",3,0088630018041,,,,,,
114432078,174387446,کفش فوتبال مردانه مدل ویکتوری رنگ: نقره ای، سایز: 40,1346400,2244000,Commodity,"Approved, Online Payment, Bank Payment, Cash On Delivery, Shipping Required",2,0088630018040,,,,,,
114432070,174387439,کفش فوتبال مردانه مدل ویکتوری رنگ: نارنجی، سایز: 45,1346400,2244000,Commodity,"Approved, Online Payment, Bank Payment, Cash On Delivery, Shipping Required",1,0088630015045,,,,,,
114432069,174387439,کفش فوتبال مردانه مدل ویکتوری رنگ: نارنجی، سایز: 44,1346400,2244000,Commodity,"Approved, Online Payment, Bank Payment, Cash On Delivery, Shipping Required",1,0088630015044,,,,,,
114432068,174387439,کفش فوتبال مردانه مدل ویکتوری رنگ: نارنجی، سایز: 43,1346400,2244000,Commodity,"Approved, Online Payment, Bank Payment, Cash On Delivery, Shipping Required",2,0088630015043,,,,,,
114432067,174387439,کفش فوتبال مردانه مدل ویکتوری رنگ: نارنجی، سایز: 42,1346400,2244000,Commodity,"Approved, Online Payment, Bank Payment, Cash On Delivery, Shipping Required",3,0088630015042,,,,,,
114432066,174387439,کفش فوتبال مردانه مدل ویکتوری رنگ: نارنجی، سایز: 41,1346400,2244000,Commodity,"Approved, Online Payment, Bank Payment, Cash On Delivery, Shipping Required",3,0088630015041,,,,,,
114432065,174387439,کفش فوتبال مردانه مدل ویکتوری رنگ: نارنجی، سایز: 40,1346400,2244000,Commodity,"Approved, Online Payment, Bank Payment, Cash On Delivery, Shipping Required",2,0088630015040,,,,,,
114432035,174387363,کفش فوتبال مردانه مدل آدیداس رنگ: مشکی، سایز: 45,1376400,2294000,Commodity,"Approved, Online Payment, Bank Payment, Cash On Delivery, Shipping Required",1,0088660001045,,,,,,
114432034,174387363,کفش فوتبال مردانه مدل آدیداس رنگ: مشکی، سایز: 44,1376400,2294000,Commodity,"Approved, Online Payment, Bank Payment, Cash On Delivery, Shipping Required",1,0088660001044,,,,,,
114432033,174387363,کفش فوتبال مردانه مدل آدیداس رنگ: مشکی، سایز: 43,1376400,2294000,Commodity,"Approved, Online Payment, Bank Payment, Cash On Delivery, Shipping Required",2,0088660001043,,,,,,
114432032,174387363,کفش فوتبال مردانه مدل آدیداس رنگ: مشکی، سایز: 42,1376400,2294000,Commodity,"Approved, Online Payment, Bank Payment, Cash On Delivery, Shipping Required",2,0088660001042,,,,,,
114432031,174387363,کفش فوتبال مردانه مدل آدیداس رنگ: مشکی، سایز: 41,1376400,2294000,Commodity,"Approved, Online Payment, Bank Payment, Cash On Delivery, Shipping Required",3,0088660001041,,,,,,
114432030,174387363,کفش فوتبال مردانه مدل آدیداس رنگ: مشکی، سایز: 40,1376400,2294000,Commodity,"Approved, Online Payment, Bank Payment, Cash On Delivery, Shipping Required",2,0088660001040,,,,,,
114432023,174387356,کفش فوتبال مردانه مدل آدیداس رنگ: سفید، سایز: 45,1376400,2294000,Commodity,"Approved, Online Payment, Bank Payment, Cash On Delivery, Shipping Required",1,0088660016045,,,,,,
114432022,174387356,کفش فوتبال مردانه مدل آدیداس رنگ: سفید، سایز: 44,1376400,2294000,Commodity,"Approved, Online Payment, Bank Payment, Cash On Delivery, Shipping Required",1,0088660016044,,,,,,
114432021,174387356,کفش فوتبال مردانه مدل آدیداس رنگ: سفید، سایز: 43,1376400,2294000,Commodity,"Approved, Online Payment, Bank Payment, Cash On Delivery, Shipping Required",2,0088660016043,,,,,,
114432020,174387356,کفش فوتبال مردانه مدل آدیداس رنگ: سفید، سایز: 42,1376400,2294000,Commodity,"Approved, Online Payment, Bank Payment, Cash On Delivery, Shipping Required",3,0088660016042,,,,,,
114432019,174387356,کفش فوتبال مردانه مدل آدیداس رنگ: سفید، سایز: 41,1376400,2294000,Commodity,"Approved, Online Payment, Bank Payment, Cash On Delivery, Shipping Required",3,0088660016041,,,,,,
114432018,174387356,کفش فوتبال مردانه مدل آدیداس رنگ: سفید، سایز: 40,1376400,2294000,Commodity,"Approved, Online Payment, Bank Payment, Cash On Delivery, Shipping Required",2,0088660016040,,,,,,
114431987,174387284,کفش فوتبال پسرانه مدل نیمار رنگ: سفید، سایز: 39,1346400,2244000,Commodity,"Approved, Online Payment, Bank Payment, Cash On Delivery, Shipping Required",2,0088650016021,,,,,,
114431986,174387284,کفش فوتبال پسرانه مدل نیمار رنگ: سفید، سایز: 38,1346400,2244000,Commodity,"Approved, Online Payment, Bank Payment, Cash On Delivery, Shipping Required",3,0088650016019,,,,,,
114431985,174387284,کفش فوتبال پسرانه مدل نیمار رنگ: سفید، سایز: 37,1346400,2244000,Commodity,"Approved, Online Payment, Bank Payment, Cash On Delivery, Shipping Required",3,0088650016017,,,,,,
114431984,174387284,کفش فوتبال پسرانه مدل نیمار رنگ: سفید، سایز: 36,1346400,2244000,Commodity,"Approved, Online Payment, Bank Payment, Cash On Delivery, Shipping Required",1,0088650016015,,,,,,
114431920,174387145,کفش اسپرت زنانه مدل جردن رنگ: مشکی سفید، سایز: 40,1346400,2244000,Commodity,"Approved, Online Payment, Bank Payment, Cash On Delivery, Shipping Required",2,0088618518040,,,,,,
114431919,174387145,کفش اسپرت زنانه مدل جردن رنگ: مشکی سفید، سایز: 39,1346400,2244000,Commodity,"Approved, Online Payment, Bank Payment, Cash On Delivery, Shipping Required",3,0088618518019,,,,,,
114431918,174387145,کفش اسپرت زنانه مدل جردن رنگ: مشکی سفید، سایز: 38,1346400,2244000,Commodity,"Approved, Online Payment, Bank Payment, Cash On Delivery, Shipping Required",3,0088618518019,,,,,,
114431917,174387145,کفش اسپرت زنانه مدل جردن رنگ: مشکی سفید، سایز: 37,1346400,2244000,Commodity,"Approved, Online Payment, Bank Payment, Cash On Delivery, Shipping Required",2,0088618518017,,,,,,
114431885,174387140,کفش اسپرت زنانه مدل جردن رنگ: کرم، سایز: 40,1346400,2244000,Commodity,"Approved, Online Payment, Bank Payment, Cash On Delivery, Shipping Required",2,0088610010040,,,,,,
114431884,174387140,کفش اسپرت زنانه مدل جردن رنگ: کرم، سایز: 39,1346400,2244000,Commodity,"Approved, Online Payment, Bank Payment, Cash On Delivery, Shipping Required",3,0088610010021,,,,,,
114431883,174387140,کفش اسپرت زنانه مدل جردن رنگ: کرم، سایز: 38,1346400,2244000,Commodity,"Approved, Online Payment, Bank Payment, Cash On Delivery, Shipping Required",3,0088610010019,,,,,,
114431882,174387140,کفش اسپرت زنانه مدل جردن رنگ: کرم، سایز: 37,1346400,2244000,Commodity,"Approved, Online Payment, Bank Payment, Cash On Delivery, Shipping Required",2,0088610010017,,,,,,
114431852,174387124,کفش اسپرت زنانه مدل جردن رنگ: سفید مشکی، سایز: 40,1346400,2244000,Commodity,"Approved, Online Payment, Bank Payment, Cash On Delivery, Shipping Required",2,0088618552040,,,,,,
114431851,174387124,کفش اسپرت زنانه مدل جردن رنگ: سفید مشکی، سایز: 39,1346400,2244000,Commodity,"Approved, Online Payment, Bank Payment, Cash On Delivery, Shipping Required",3,0088618552021,,,,,,
114431850,174387124,کفش اسپرت زنانه مدل جردن رنگ: سفید مشکی، سایز: 38,1346400,2244000,Commodity,"Approved, Online Payment, Bank Payment, Cash On Delivery, Shipping Required",2,0088618552019,,,,,,
114431849,174387124,کفش اسپرت زنانه مدل جردن رنگ: سفید مشکی، سایز: 37,1346400,2244000,Commodity,"Approved, Online Payment, Bank Payment, Cash On Delivery, Shipping Required",1,0088618552017,,,,,,
114431644,174386798,کفش اسپرت زنانه مدل امیری رنگ: سفید طوسی، سایز: 40,1346400,2244000,Commodity,"Approved, Online Payment, Bank Payment, Cash On Delivery, Shipping Required",3,0088608535040,,,,,,
114431643,174386798,کفش اسپرت زنانه مدل امیری رنگ: سفید طوسی، سایز: 39,1346400,2244000,Commodity,"Approved, Online Payment, Bank Payment, Cash On Delivery, Shipping Required",6,0088608535021,,,,,,
114431642,174386798,کفش اسپرت زنانه مدل امیری رنگ: سفید طوسی، سایز: 38,1346400,2244000,Commodity,"Approved, Online Payment, Bank Payment, Cash On Delivery, Shipping Required",4,0088608535019,,,,,,
114431641,174386798,کفش اسپرت زنانه مدل امیری رنگ: سفید طوسی، سایز: 37,1346400,2244000,Commodity,"Approved, Online Payment, Bank Payment, Cash On Delivery, Shipping Required",3,0088608535017,,,,,,
114431625,174386795,کفش اسپرت زنانه مدل امیری رنگ: سفید مشکی، سایز: 40,1346400,2244000,Commodity,"Approved, Online Payment, Bank Payment, Cash On Delivery, Shipping Required",0,0088608552040,,,,,,
114431624,174386795,کفش اسپرت زنانه مدل امیری رنگ: سفید مشکی، سایز: 39,1346400,2244000,Commodity,"Approved, Online Payment, Bank Payment, Cash On Delivery, Shipping Required",2,0088608552021,,,,,,
114431623,174386795,کفش اسپرت زنانه مدل امیری رنگ: سفید مشکی، سایز: 38,1346400,2244000,Commodity,"Approved, Online Payment, Bank Payment, Cash On Delivery, Shipping Required",2,0088608552019,,,,,,
114431622,174386795,کفش اسپرت زنانه مدل امیری رنگ: سفید مشکی، سایز: 37,1346400,2244000,Commodity,"Approved, Online Payment, Bank Payment, Cash On Delivery, Shipping Required",1,0088608552017,,,,,,
114431605,174386742,کفش اسپرت زنانه مدل امیری رنگ: سفید کرم، سایز: 40,673200,1122000,Commodity,"Approved, Online Payment, Bank Payment, Cash On Delivery, Shipping Required",1,0088608785040,,,,,,
114431604,174386742,کفش اسپرت زنانه مدل امیری رنگ: سفید کرم، سایز: 39,673200,1122000,Commodity,"Approved, Online Payment, Bank Payment, Cash On Delivery, Shipping Required",3,0088608785021,,,,,,
114431603,174386742,کفش اسپرت زنانه مدل امیری رنگ: سفید کرم، سایز: 38,673200,1122000,Commodity,"Approved, Online Payment, Bank Payment, Cash On Delivery, Shipping Required",1,0088608785019,,,,,,
114431602,174386742,کفش اسپرت زنانه مدل امیری رنگ: سفید کرم، سایز: 37,673200,1122000,Commodity,"Approved, Online Payment, Bank Payment, Cash On Delivery, Shipping Required",0,0088608785017,,,,,,
114431577,174386675,کفش اسپرت مردانه مدل امیری رنگ: سفید طوسی، سایز: 44,1386000,2310000,Commodity,"Approved, Online Payment, Bank Payment, Cash On Delivery, Shipping Required",2,0088598535044,,,,,,
114431576,174386675,کفش اسپرت مردانه مدل امیری رنگ: سفید طوسی، سایز: 43,1386000,2310000,Commodity,"Approved, Online Payment, Bank Payment, Cash On Delivery, Shipping Required",5,0088598535043,,,,,,
114431575,174386675,کفش اسپرت مردانه مدل امیری رنگ: سفید طوسی، سایز: 42,1386000,2310000,Commodity,"Approved, Online Payment, Bank Payment, Cash On Delivery, Shipping Required",6,0088598535042,,,,,,
114431574,174386675,کفش اسپرت مردانه مدل امیری رنگ: سفید طوسی، سایز: 41,1386000,2310000,Commodity,"Approved, Online Payment, Bank Payment, Cash On Delivery, Shipping Required",3,0088598535041,,,,,,
114431557,174386622,کفش اسپرت مردانه مدل امیری رنگ: مشکی طوسی، سایز: 44,1386000,2310000,Commodity,"Approved, Online Payment, Bank Payment, Cash On Delivery, Shipping Required",2,0088598517044,,,,,,
114431556,174386622,کفش اسپرت مردانه مدل امیری رنگ: مشکی طوسی، سایز: 43,1386000,2310000,Commodity,"Approved, Online Payment, Bank Payment, Cash On Delivery, Shipping Required",3,0088598517043,,,,,,
114431555,174386622,کفش اسپرت مردانه مدل امیری رنگ: مشکی طوسی، سایز: 42,1386000,2310000,Commodity,"Approved, Online Payment, Bank Payment, Cash On Delivery, Shipping Required",1,0088598517042,,,,,,
114431554,174386622,کفش اسپرت مردانه مدل امیری رنگ: مشکی طوسی، سایز: 41,1386000,2310000,Commodity,"Approved, Online Payment, Bank Payment, Cash On Delivery, Shipping Required",3,0088598517041,,,,,,
114272760,174123167,کفش بچه گانه مدل نیوبالانس رنگ: سفید، سایز: 39,633600,1056000,Commodity,"Approved, Online Payment, Bank Payment, Cash On Delivery, Shipping Required",2,0088040016021,,,,,,
114272759,174123167,کفش بچه گانه مدل نیوبالانس رنگ: سفید، سایز: 38,633600,1056000,Commodity,"Approved, Online Payment, Bank Payment, Cash On Delivery, Shipping Required",0,0088040016019,,,,,,
114272758,174123167,کفش بچه گانه مدل نیوبالانس رنگ: سفید، سایز: 37,633600,1056000,Commodity,"Approved, Online Payment, Bank Payment, Cash On Delivery, Shipping Required",1,0088040016017,,,,,,
114272757,174123167,کفش بچه گانه مدل نیوبالانس رنگ: سفید، سایز: 36,633600,1056000,Commodity,"Approved, Online Payment, Bank Payment, Cash On Delivery, Shipping Required",2,0088040016015,,,,,,
114272756,174123167,کفش بچه گانه مدل نیوبالانس رنگ: سفید، سایز: 35,633600,1056000,Commodity,"Approved, Online Payment, Bank Payment, Cash On Delivery, Shipping Required",0,0088040016035,,,,,,
114272755,174123167,کفش بچه گانه مدل نیوبالانس رنگ: سفید، سایز: 34,633600,1056000,Commodity,"Approved, Online Payment, Bank Payment, Cash On Delivery, Shipping Required",2,0088040016034,,,,,,
114272754,174123167,کفش بچه گانه مدل نیوبالانس رنگ: سفید، سایز: 33,633600,1056000,Commodity,"Approved, Online Payment, Bank Payment, Cash On Delivery, Shipping Required",1,0088040016033,,,,,,
114272753,174123167,کفش بچه گانه مدل نیوبالانس رنگ: سفید، سایز: 32,633600,1056000,Commodity,"Approved, Online Payment, Bank Payment, Cash On Delivery, Shipping Required",1,0088040016032,,,,,,
114272752,174123167,کفش بچه گانه مدل نیوبالانس رنگ: سفید، سایز: 31,633600,1056000,Commodity,"Approved, Online Payment, Bank Payment, Cash On Delivery, Shipping Required",2,0088040016031,,,,,,
114272751,174123167,کفش بچه گانه مدل نیوبالانس رنگ: سفید، سایز: 30,633600,1056000,Commodity,"Approved, Online Payment, Bank Payment, Cash On Delivery, Shipping Required",2,0088040016190,,,,,,
114272750,174123167,کفش بچه گانه مدل نیوبالانس رنگ: سفید، سایز: 29,633600,1056000,Commodity,"Approved, Online Payment, Bank Payment, Cash On Delivery, Shipping Required",2,0088040016162,,,,,,
114272749,174123167,کفش بچه گانه مدل نیوبالانس رنگ: سفید، سایز: 28,633600,1056000,Commodity,"Approved, Online Payment, Bank Payment, Cash On Delivery, Shipping Required",2,0088040016188,,,,,,
114272748,174123167,کفش بچه گانه مدل نیوبالانس رنگ: سفید، سایز: 27,633600,1056000,Commodity,"Approved, Online Payment, Bank Payment, Cash On Delivery, Shipping Required",2,0088040016160,,,,,,
114272747,174123167,کفش بچه گانه مدل نیوبالانس رنگ: سفید، سایز: 26,633600,1056000,Commodity,"Approved, Online Payment, Bank Payment, Cash On Delivery, Shipping Required",2,0088040016186,,,,,,
114272746,174123167,کفش بچه گانه مدل نیوبالانس رنگ: سفید، سایز: 25,633600,1056000,Commodity,"Approved, Online Payment, Bank Payment, Cash On Delivery, Shipping Required",2,0088040016029,,,,,,
114272617,174122969,کفش بچه گانه مدل نیوبالانس رنگ: مشکی، سایز: 39,633600,1056000,Commodity,"Approved, Online Payment, Bank Payment, Cash On Delivery, Shipping Required",2,0088040001021,,,,,,
114272616,174122969,کفش بچه گانه مدل نیوبالانس رنگ: مشکی، سایز: 38,633600,1056000,Commodity,"Approved, Online Payment, Bank Payment, Cash On Delivery, Shipping Required",1,0088040001019,,,,,,
114272615,174122969,کفش بچه گانه مدل نیوبالانس رنگ: مشکی، سایز: 37,633600,1056000,Commodity,"Approved, Online Payment, Bank Payment, Cash On Delivery, Shipping Required",1,0088040001017,,,,,,
114272614,174122969,کفش بچه گانه مدل نیوبالانس رنگ: مشکی، سایز: 36,633600,1056000,Commodity,"Approved, Online Payment, Bank Payment, Cash On Delivery, Shipping Required",0,0088040001015,,,,,,
114272613,174122969,کفش بچه گانه مدل نیوبالانس رنگ: مشکی، سایز: 35,633600,1056000,Commodity,"Approved, Online Payment, Bank Payment, Cash On Delivery, Shipping Required",1,0088040001035,,,,,,
114272612,174122969,کفش بچه گانه مدل نیوبالانس رنگ: مشکی، سایز: 34,633600,1056000,Commodity,"Approved, Online Payment, Bank Payment, Cash On Delivery, Shipping Required",1,0088040001034,,,,,,
114272611,174122969,کفش بچه گانه مدل نیوبالانس رنگ: مشکی، سایز: 33,633600,1056000,Commodity,"Approved, Online Payment, Bank Payment, Cash On Delivery, Shipping Required",1,0088040001033,,,,,,
114272610,174122969,کفش بچه گانه مدل نیوبالانس رنگ: مشکی، سایز: 32,633600,1056000,Commodity,"Approved, Online Payment, Bank Payment, Cash On Delivery, Shipping Required",1,0088040001032,,,,,,
114272609,174122969,کفش بچه گانه مدل نیوبالانس رنگ: مشکی، سایز: 31,633600,1056000,Commodity,"Approved, Online Payment, Bank Payment, Cash On Delivery, Shipping Required",2,0088040001031,,,,,,
114272608,174122969,کفش بچه گانه مدل نیوبالانس رنگ: مشکی، سایز: 30,633600,1056000,Commodity,"Approved, Online Payment, Bank Payment, Cash On Delivery, Shipping Required",0,0088040001190,,,,,,
114272607,174122969,کفش بچه گانه مدل نیوبالانس رنگ: مشکی، سایز: 29,633600,1056000,Commodity,"Approved, Online Payment, Bank Payment, Cash On Delivery, Shipping Required",2,0088040001162,,,,,,
114272606,174122969,کفش بچه گانه مدل نیوبالانس رنگ: مشکی، سایز: 28,633600,1056000,Commodity,"Approved, Online Payment, Bank Payment, Cash On Delivery, Shipping Required",0,0088040001188,,,,,,
114272605,174122969,کفش بچه گانه مدل نیوبالانس رنگ: مشکی، سایز: 27,633600,1056000,Commodity,"Approved, Online Payment, Bank Payment, Cash On Delivery, Shipping Required",2,0088040001160,,,,,,
114272604,174122969,کفش بچه گانه مدل نیوبالانس رنگ: مشکی، سایز: 26,633600,1056000,Commodity,"Approved, Online Payment, Bank Payment, Cash On Delivery, Shipping Required",2,0088040001186,,,,,,
114272603,174122969,کفش بچه گانه مدل نیوبالانس رنگ: مشکی، سایز: 25,633600,1056000,Commodity,"Approved, Online Payment, Bank Payment, Cash On Delivery, Shipping Required",2,0088040001029,,,,,,
114272468,174122822,کفش بچه گانه مدل جین لایک رنگ: سفید صورتی، سایز: 39,594000,990000,Commodity,"Approved, Online Payment, Bank Payment, Cash On Delivery, Shipping Required",2,0088068640021,,,,,,
114272467,174122822,کفش بچه گانه مدل جین لایک رنگ: سفید صورتی، سایز: 38,594000,990000,Commodity,"Approved, Online Payment, Bank Payment, Cash On Delivery, Shipping Required",2,008868640019,,,,,,
114272466,174122822,کفش بچه گانه مدل جین لایک رنگ: سفید صورتی، سایز: 37,594000,990000,Commodity,"Approved, Online Payment, Bank Payment, Cash On Delivery, Shipping Required",1,0088068640017,,,,,,
114272465,174122822,کفش بچه گانه مدل جین لایک رنگ: سفید صورتی، سایز: 36,594000,990000,Commodity,"Approved, Online Payment, Bank Payment, Cash On Delivery, Shipping Required",1,0088068640015,,,,,,
114272464,174122822,کفش بچه گانه مدل جین لایک رنگ: سفید صورتی، سایز: 35,594000,990000,Commodity,"Approved, Online Payment, Bank Payment, Cash On Delivery, Shipping Required",1,0088068640035,,,,,,
114272463,174122822,کفش بچه گانه مدل جین لایک رنگ: سفید صورتی، سایز: 34,594000,990000,Commodity,"Approved, Online Payment, Bank Payment, Cash On Delivery, Shipping Required",1,0088068640034,,,,,,
114272462,174122822,کفش بچه گانه مدل جین لایک رنگ: سفید صورتی، سایز: 33,594000,990000,Commodity,"Approved, Online Payment, Bank Payment, Cash On Delivery, Shipping Required",1,0088068640033,,,,,,
114272461,174122822,کفش بچه گانه مدل جین لایک رنگ: سفید صورتی، سایز: 32,594000,990000,Commodity,"Approved, Online Payment, Bank Payment, Cash On Delivery, Shipping Required",1,0088068640032,,,,,,
114272460,174122822,کفش بچه گانه مدل جین لایک رنگ: سفید صورتی، سایز: 31,594000,990000,Commodity,"Approved, Online Payment, Bank Payment, Cash On Delivery, Shipping Required",2,0088068640031,,,,,,
114272459,174122822,کفش بچه گانه مدل جین لایک رنگ: سفید صورتی، سایز: 30,594000,990000,Commodity,"Approved, Online Payment, Bank Payment, Cash On Delivery, Shipping Required",1,0088068640190,,,,,,
114272458,174122822,کفش بچه گانه مدل جین لایک رنگ: سفید صورتی، سایز: 29,594000,990000,Commodity,"Approved, Online Payment, Bank Payment, Cash On Delivery, Shipping Required",0,0088068640162,,,,,,
114272457,174122822,کفش بچه گانه مدل جین لایک رنگ: سفید صورتی، سایز: 28,594000,990000,Commodity,"Approved, Online Payment, Bank Payment, Cash On Delivery, Shipping Required",2,0088068640188,,,,,,
114272456,174122822,کفش بچه گانه مدل جین لایک رنگ: سفید صورتی، سایز: 27,594000,990000,Commodity,"Approved, Online Payment, Bank Payment, Cash On Delivery, Shipping Required",2,0088068640160,,,,,,
114272455,174122822,کفش بچه گانه مدل جین لایک رنگ: سفید صورتی، سایز: 26,594000,990000,Commodity,"Approved, Online Payment, Bank Payment, Cash On Delivery, Shipping Required",1,0088068640159,,,,,,
114272454,174122822,کفش بچه گانه مدل جین لایک رنگ: سفید صورتی، سایز: 25,594000,990000,Commodity,"Approved, Online Payment, Bank Payment, Cash On Delivery, Shipping Required",1,0088068640029,,,,,,
114272429,174122771,کفش بچه گانه مدل جین لایک رنگ: مشکی صورتی، سایز: 39,594000,990000,Commodity,"Approved, Online Payment, Bank Payment, Cash On Delivery, Shipping Required",2,0088068647021,,,,,,
114272428,174122771,کفش بچه گانه مدل جین لایک رنگ: مشکی صورتی، سایز: 38,594000,990000,Commodity,"Approved, Online Payment, Bank Payment, Cash On Delivery, Shipping Required",2,0088068647019,,,,,,
114272427,174122771,کفش بچه گانه مدل جین لایک رنگ: مشکی صورتی، سایز: 37,594000,990000,Commodity,"Approved, Online Payment, Bank Payment, Cash On Delivery, Shipping Required",2,0088068647017,,,,,,
114272426,174122771,کفش بچه گانه مدل جین لایک رنگ: مشکی صورتی، سایز: 36,594000,990000,Commodity,"Approved, Online Payment, Bank Payment, Cash On Delivery, Shipping Required",0,0088068647015,,,,,,
114272425,174122771,کفش بچه گانه مدل جین لایک رنگ: مشکی صورتی، سایز: 35,594000,990000,Commodity,"Approved, Online Payment, Bank Payment, Cash On Delivery, Shipping Required",0,0088068647035,,,,,,
114272424,174122771,کفش بچه گانه مدل جین لایک رنگ: مشکی صورتی، سایز: 34,594000,990000,Commodity,"Approved, Online Payment, Bank Payment, Cash On Delivery, Shipping Required",1,0088068647034,,,,,,
114272423,174122771,کفش بچه گانه مدل جین لایک رنگ: مشکی صورتی، سایز: 33,594000,990000,Commodity,"Approved, Online Payment, Bank Payment, Cash On Delivery, Shipping Required",0,0088068647033,,,,,,
114272422,174122771,کفش بچه گانه مدل جین لایک رنگ: مشکی صورتی، سایز: 32,594000,990000,Commodity,"Approved, Online Payment, Bank Payment, Cash On Delivery, Shipping Required",0,0088068647032,,,,,,
114272421,174122771,کفش بچه گانه مدل جین لایک رنگ: مشکی صورتی، سایز: 31,594000,990000,Commodity,"Approved, Online Payment, Bank Payment, Cash On Delivery, Shipping Required",1,0088068647031,,,,,,
114272420,174122771,کفش بچه گانه مدل جین لایک رنگ: مشکی صورتی، سایز: 30,594000,990000,Commodity,"Approved, Online Payment, Bank Payment, Cash On Delivery, Shipping Required",0,0088068647190,,,,,,
114272419,174122771,کفش بچه گانه مدل جین لایک رنگ: مشکی صورتی، سایز: 29,594000,990000,Commodity,"Approved, Online Payment, Bank Payment, Cash On Delivery, Shipping Required",1,0088068647162,,,,,,
114272418,174122771,کفش بچه گانه مدل جین لایک رنگ: مشکی صورتی، سایز: 28,594000,990000,Commodity,"Approved, Online Payment, Bank Payment, Cash On Delivery, Shipping Required",0,0088068647188,,,,,,
114272417,174122771,کفش بچه گانه مدل جین لایک رنگ: مشکی صورتی، سایز: 27,594000,990000,Commodity,"Approved, Online Payment, Bank Payment, Cash On Delivery, Shipping Required",2,0088068647160,,,,,,
114272416,174122771,کفش بچه گانه مدل جین لایک رنگ: مشکی صورتی، سایز: 26,594000,990000,Commodity,"Approved, Online Payment, Bank Payment, Cash On Delivery, Shipping Required",1,0088068647159,,,,,,
114272415,174122771,کفش بچه گانه مدل جین لایک رنگ: مشکی صورتی، سایز: 25,594000,990000,Commodity,"Approved, Online Payment, Bank Payment, Cash On Delivery, Shipping Required",2,0088068647029,,,,,,
114272231,174122556,کفش بچه گانه مدل جین لایک رنگ: مشکی سبز، سایز: 39,594000,990000,Commodity,"Approved, Online Payment, Bank Payment, Cash On Delivery, Shipping Required",0,,,,,,,
114272230,174122556,کفش بچه گانه مدل جین لایک رنگ: مشکی سبز، سایز: 38,594000,990000,Commodity,"Approved, Online Payment, Bank Payment, Cash On Delivery, Shipping Required",0,,,,,,,
114272229,174122556,کفش بچه گانه مدل جین لایک رنگ: مشکی سبز، سایز: 37,594000,990000,Commodity,"Approved, Online Payment, Bank Payment, Cash On Delivery, Shipping Required",0,,,,,,,
114272228,174122556,کفش بچه گانه مدل جین لایک رنگ: مشکی سبز، سایز: 36,594000,990000,Commodity,"Approved, Online Payment, Bank Payment, Cash On Delivery, Shipping Required",0,,,,,,,
114272227,174122556,کفش بچه گانه مدل جین لایک رنگ: مشکی سبز، سایز: 35,594000,990000,Commodity,"Approved, Online Payment, Bank Payment, Cash On Delivery, Shipping Required",0,0088068524035,,,,,,
114272226,174122556,کفش بچه گانه مدل جین لایک رنگ: مشکی سبز، سایز: 34,594000,990000,Commodity,"Approved, Online Payment, Bank Payment, Cash On Delivery, Shipping Required",0,0088068524034,,,,,,
114272225,174122556,کفش بچه گانه مدل جین لایک رنگ: مشکی سبز، سایز: 33,594000,990000,Commodity,"Approved, Online Payment, Bank Payment, Cash On Delivery, Shipping Required",1,0088068524033,,,,,,
114272224,174122556,کفش بچه گانه مدل جین لایک رنگ: مشکی سبز، سایز: 32,594000,990000,Commodity,"Approved, Online Payment, Bank Payment, Cash On Delivery, Shipping Required",0,0088068524032,,,,,,
114272223,174122556,کفش بچه گانه مدل جین لایک رنگ: مشکی سبز، سایز: 31,594000,990000,Commodity,"Approved, Online Payment, Bank Payment, Cash On Delivery, Shipping Required",1,0088068524031,,,,,,
114272222,174122556,کفش بچه گانه مدل جین لایک رنگ: مشکی سبز، سایز: 30,594000,990000,Commodity,"Approved, Online Payment, Bank Payment, Cash On Delivery, Shipping Required",0,0088068524190,,,,,,
114272221,174122556,کفش بچه گانه مدل جین لایک رنگ: مشکی سبز، سایز: 29,594000,990000,Commodity,"Approved, Online Payment, Bank Payment, Cash On Delivery, Shipping Required",2,0088068524162,,,,,,
114272220,174122556,کفش بچه گانه مدل جین لایک رنگ: مشکی سبز، سایز: 28,594000,990000,Commodity,"Approved, Online Payment, Bank Payment, Cash On Delivery, Shipping Required",1,0088068524188,,,,,,
114272219,174122556,کفش بچه گانه مدل جین لایک رنگ: مشکی سبز، سایز: 27,594000,990000,Commodity,"Approved, Online Payment, Bank Payment, Cash On Delivery, Shipping Required",2,0088068524160,,,,,,
114272218,174122556,کفش بچه گانه مدل جین لایک رنگ: مشکی سبز، سایز: 26,594000,990000,Commodity,"Approved, Online Payment, Bank Payment, Cash On Delivery, Shipping Required",0,0088068524159,,,,,,
114272217,174122556,کفش بچه گانه مدل جین لایک رنگ: مشکی سبز، سایز: 25,594000,990000,Commodity,"Approved, Online Payment, Bank Payment, Cash On Delivery, Shipping Required",2,0088068524029,,,,,,
114272127,174122282,کفش بچه گانه مدل جین لایک رنگ: مشکی قرمز، سایز: 39,594000,990000,Commodity,"Approved, Online Payment, Bank Payment, Cash On Delivery, Shipping Required",1,0088067362021,,,,,,
114272126,174122282,کفش بچه گانه مدل جین لایک رنگ: مشکی قرمز، سایز: 38,594000,990000,Commodity,"Approved, Online Payment, Bank Payment, Cash On Delivery, Shipping Required",2,00880687362019,,,,,,
114272125,174122282,کفش بچه گانه مدل جین لایک رنگ: مشکی قرمز، سایز: 37,594000,990000,Commodity,"Approved, Online Payment, Bank Payment, Cash On Delivery, Shipping Required",1,00880687362017,,,,,,
114272124,174122282,کفش بچه گانه مدل جین لایک رنگ: مشکی قرمز، سایز: 36,594000,990000,Commodity,"Approved, Online Payment, Bank Payment, Cash On Delivery, Shipping Required",0,0088067362015,,,,,,
114272123,174122282,کفش بچه گانه مدل جین لایک رنگ: مشکی قرمز، سایز: 35,594000,990000,Commodity,"Approved, Online Payment, Bank Payment, Cash On Delivery, Shipping Required",0,0088067362035,,,,,,
114272122,174122282,کفش بچه گانه مدل جین لایک رنگ: مشکی قرمز، سایز: 34,594000,990000,Commodity,"Approved, Online Payment, Bank Payment, Cash On Delivery, Shipping Required",1,0088067362034,,,,,,
114272121,174122282,کفش بچه گانه مدل جین لایک رنگ: مشکی قرمز، سایز: 33,594000,990000,Commodity,"Approved, Online Payment, Bank Payment, Cash On Delivery, Shipping Required",1,0088067362033,,,,,,
114272120,174122282,کفش بچه گانه مدل جین لایک رنگ: مشکی قرمز، سایز: 32,594000,990000,Commodity,"Approved, Online Payment, Bank Payment, Cash On Delivery, Shipping Required",0,0088067362032,,,,,,
114272119,174122282,کفش بچه گانه مدل جین لایک رنگ: مشکی قرمز، سایز: 31,594000,990000,Commodity,"Approved, Online Payment, Bank Payment, Cash On Delivery, Shipping Required",1,0088067362031,,,,,,
114272118,174122282,کفش بچه گانه مدل جین لایک رنگ: مشکی قرمز، سایز: 30,594000,990000,Commodity,"Approved, Online Payment, Bank Payment, Cash On Delivery, Shipping Required",1,0088067362190,,,,,,
114272117,174122282,کفش بچه گانه مدل جین لایک رنگ: مشکی قرمز، سایز: 29,594000,990000,Commodity,"Approved, Online Payment, Bank Payment, Cash On Delivery, Shipping Required",1,0088067362162,,,,,,
114272116,174122282,کفش بچه گانه مدل جین لایک رنگ: مشکی قرمز، سایز: 28,594000,990000,Commodity,"Approved, Online Payment, Bank Payment, Cash On Delivery, Shipping Required",1,0088067362188,,,,,,
114272115,174122282,کفش بچه گانه مدل جین لایک رنگ: مشکی قرمز، سایز: 27,594000,990000,Commodity,"Approved, Online Payment, Bank Payment, Cash On Delivery, Shipping Required",2,00880687362160,,,,,,
114272114,174122282,کفش بچه گانه مدل جین لایک رنگ: مشکی قرمز، سایز: 26,594000,990000,Commodity,"Approved, Online Payment, Bank Payment, Cash On Delivery, Shipping Required",1,00880687362159,,,,,,
114272113,174122282,کفش بچه گانه مدل جین لایک رنگ: مشکی قرمز، سایز: 25,594000,990000,Commodity,"Approved, Online Payment, Bank Payment, Cash On Delivery, Shipping Required",1,0088067362029,,,,,,
114272021,174122113,کفش بچه گانه مدل جین لایک رنگ: مشکی آبی، سایز: 39,594000,990000,Commodity,"Approved, Online Payment, Bank Payment, Cash On Delivery, Shipping Required",0,0088068560021,,,,,,
114272020,174122113,کفش بچه گانه مدل جین لایک رنگ: مشکی آبی، سایز: 38,594000,990000,Commodity,"Approved, Online Payment, Bank Payment, Cash On Delivery, Shipping Required",0,0088068560019,,,,,,
114272019,174122113,کفش بچه گانه مدل جین لایک رنگ: مشکی آبی، سایز: 37,594000,990000,Commodity,"Approved, Online Payment, Bank Payment, Cash On Delivery, Shipping Required",0,0088068560017,,,,,,
114272018,174122113,کفش بچه گانه مدل جین لایک رنگ: مشکی آبی، سایز: 36,594000,990000,Commodity,"Approved, Online Payment, Bank Payment, Cash On Delivery, Shipping Required",0,0088068560015,,,,,,
114272017,174122113,کفش بچه گانه مدل جین لایک رنگ: مشکی آبی، سایز: 35,594000,990000,Commodity,"Approved, Online Payment, Bank Payment, Cash On Delivery, Shipping Required",0,0088068560035,,,,,,
114272016,174122113,کفش بچه گانه مدل جین لایک رنگ: مشکی آبی، سایز: 34,594000,990000,Commodity,"Approved, Online Payment, Bank Payment, Cash On Delivery, Shipping Required",0,0088068560034,,,,,,
114272015,174122113,کفش بچه گانه مدل جین لایک رنگ: مشکی آبی، سایز: 33,594000,990000,Commodity,"Approved, Online Payment, Bank Payment, Cash On Delivery, Shipping Required",1,0088068560033,,,,,,
114272014,174122113,کفش بچه گانه مدل جین لایک رنگ: مشکی آبی، سایز: 32,594000,990000,Commodity,"Approved, Online Payment, Bank Payment, Cash On Delivery, Shipping Required",1,008888068560032,,,,,,
114272013,174122113,کفش بچه گانه مدل جین لایک رنگ: مشکی آبی، سایز: 31,594000,990000,Commodity,"Approved, Online Payment, Bank Payment, Cash On Delivery, Shipping Required",2,0088068560031,,,,,,
114272012,174122113,کفش بچه گانه مدل جین لایک رنگ: مشکی آبی، سایز: 30,594000,990000,Commodity,"Approved, Online Payment, Bank Payment, Cash On Delivery, Shipping Required",2,008868560190,,,,,,
114272011,174122113,کفش بچه گانه مدل جین لایک رنگ: مشکی آبی، سایز: 29,594000,990000,Commodity,"Approved, Online Payment, Bank Payment, Cash On Delivery, Shipping Required",2,0088068560162,,,,,,
114272010,174122113,کفش بچه گانه مدل جین لایک رنگ: مشکی آبی، سایز: 28,594000,990000,Commodity,"Approved, Online Payment, Bank Payment, Cash On Delivery, Shipping Required",1,008806856188,,,,,,
114272009,174122113,کفش بچه گانه مدل جین لایک رنگ: مشکی آبی، سایز: 27,594000,990000,Commodity,"Approved, Online Payment, Bank Payment, Cash On Delivery, Shipping Required",2,0088068560160,,,,,,
114272008,174122113,کفش بچه گانه مدل جین لایک رنگ: مشکی آبی، سایز: 26,594000,990000,Commodity,"Approved, Online Payment, Bank Payment, Cash On Delivery, Shipping Required",2,0088068560159,,,,,,
114272007,174122113,کفش بچه گانه مدل جین لایک رنگ: مشکی آبی، سایز: 25,594000,990000,Commodity,"Approved, Online Payment, Bank Payment, Cash On Delivery, Shipping Required",1,0088068560029,,,,,,
114250443,174084406,کفش اسپرت مدل اسکیچرز مکس رنگ: طوسی سیر، سایز: 45,1132560,1887600,Commodity,"Approved, Online Payment, Bank Payment, Cash On Delivery, Shipping Required",0,0086588723045,,,,,,
114250442,174084406,کفش اسپرت مدل اسکیچرز مکس رنگ: طوسی سیر، سایز: 44,1132560,1887600,Commodity,"Approved, Online Payment, Bank Payment, Cash On Delivery, Shipping Required",0,0086588723044,,,,,,
114250441,174084406,کفش اسپرت مدل اسکیچرز مکس رنگ: طوسی سیر، سایز: 43,1132560,1887600,Commodity,"Approved, Online Payment, Bank Payment, Cash On Delivery, Shipping Required",0,0086588723043,,,,,,
114250440,174084406,کفش اسپرت مدل اسکیچرز مکس رنگ: طوسی سیر، سایز: 42,1132560,1887600,Commodity,"Approved, Online Payment, Bank Payment, Cash On Delivery, Shipping Required",0,0086588723042,,,,,,
114250439,174084406,کفش اسپرت مدل اسکیچرز مکس رنگ: طوسی سیر، سایز: 41,1132560,1887600,Commodity,"Approved, Online Payment, Bank Payment, Cash On Delivery, Shipping Required",0,0086588723041,,,,,,
114250354,174084336,کفش اسپرت مدل اسکیچرز مکس رنگ: طوسی، سایز: 45,1132560,1887600,Commodity,"Approved, Online Payment, Bank Payment, Cash On Delivery, Shipping Required",0,0086588604045,,,,,,
114250353,174084336,کفش اسپرت مدل اسکیچرز مکس رنگ: طوسی، سایز: 44,1132560,1887600,Commodity,"Approved, Online Payment, Bank Payment, Cash On Delivery, Shipping Required",0,0086588604044,,,,,,
114250352,174084336,کفش اسپرت مدل اسکیچرز مکس رنگ: طوسی، سایز: 43,1132560,1887600,Commodity,"Approved, Online Payment, Bank Payment, Cash On Delivery, Shipping Required",1,0086588604043,,,,,,
114250351,174084336,کفش اسپرت مدل اسکیچرز مکس رنگ: طوسی، سایز: 42,1132560,1887600,Commodity,"Approved, Online Payment, Bank Payment, Cash On Delivery, Shipping Required",0,0086588604042,,,,,,
114250350,174084336,کفش اسپرت مدل اسکیچرز مکس رنگ: طوسی، سایز: 41,1132560,1887600,Commodity,"Approved, Online Payment, Bank Payment, Cash On Delivery, Shipping Required",0,0086588604041,,,,,,
114250302,174084258,کفش اسپرت مدل اسکیچرز مکس رنگ: مشکی، سایز: 45,1132560,1887600,Commodity,"Approved, Online Payment, Bank Payment, Cash On Delivery, Shipping Required",0,0086580001045,,,,,,
114250301,174084258,کفش اسپرت مدل اسکیچرز مکس رنگ: مشکی، سایز: 44,1132560,1887600,Commodity,"Approved, Online Payment, Bank Payment, Cash On Delivery, Shipping Required",0,0086580001044,,,,,,
114250300,174084258,کفش اسپرت مدل اسکیچرز مکس رنگ: مشکی، سایز: 43,1132560,1887600,Commodity,"Approved, Online Payment, Bank Payment, Cash On Delivery, Shipping Required",0,0086580001043,,,,,,
114250299,174084258,کفش اسپرت مدل اسکیچرز مکس رنگ: مشکی، سایز: 42,1132560,1887600,Commodity,"Approved, Online Payment, Bank Payment, Cash On Delivery, Shipping Required",0,0086580001042,,,,,,
114250298,174084258,کفش اسپرت مدل اسکیچرز مکس رنگ: مشکی، سایز: 41,1132560,1887600,Commodity,"Approved, Online Payment, Bank Payment, Cash On Delivery, Shipping Required",0,0086580001041,,,,,,
113773002,173215945,کیف چرم طبیعی پارینه کد 1947 رنگ: ویزون,3003000,4290000,Commodity,"Approved, Online Payment, Bank Payment, Cash On Delivery, Shipping Required",1,0087328581000,,,,,,
113772993,173215926,کیف چرم طبیعی پارینه کد 1947 رنگ: مشکی,3003000,4290000,Commodity,"Approved, Online Payment, Bank Payment, Cash On Delivery, Shipping Required",1,0087320001000,,,,,,
113772971,173215910,کیف چرم طبیعی پارینه کد 1877 رنگ: طوسی,3003000,4290000,Commodity,"Approved, Online Payment, Bank Payment, Cash On Delivery, Shipping Required",1,0087260017000,,,,,,
113772968,173215904,کیف چرم طبیعی پارینه کد 1877 رنگ: سبز,3003000,4290000,Commodity,"Approved, Online Payment, Bank Payment, Cash On Delivery, Shipping Required",0,0087260013000,,,,,,
113772900,173215730,کیف چرم طبیعی پارینه کد 1853 رنگ: مشکی,3696000,5280000,Commodity,"Approved, Online Payment, Bank Payment, Cash On Delivery, Shipping Required",2,0087240001000,,,,,,
113772881,173215708,کیف چرم طبیعی پارینه کد 1795 رنگ: قرمز,3465000,4950000,Commodity,"Approved, Online Payment, Bank Payment, Cash On Delivery, Shipping Required",1,0087230004000,,,,,,
113772869,173215690,کیف چرم طبیعی پارینه کد 1795 رنگ: زرد,3465000,4950000,Commodity,"Approved, Online Payment, Bank Payment, Cash On Delivery, Shipping Required",1,0087230009000,,,,,,
113772853,173215625,کیف چرم طبیعی پارینه کد 1795 رنگ: زرشکی,3465000,4950000,Commodity,"Approved, Online Payment, Bank Payment, Cash On Delivery, Shipping Required",1,0087230006000,,,,,,
113772846,173215618,کیف چرم طبیعی پارینه کد 1411 رنگ: طوسی,3580500,5115000,Commodity,"Approved, Online Payment, Bank Payment, Cash On Delivery, Shipping Required",0,0087250017000,,,,,,
113772837,173215605,کیف چرم طبیعی پارینه کد 1411 رنگ: مشکی,3580500,5115000,Commodity,"Approved, Online Payment, Bank Payment, Cash On Delivery, Shipping Required",2,0087250001000,,,,,,
113772814,173215583,کیف چرم طبیعی پارینه کد 1411 رنگ: زرشکی,3580500,5115000,Commodity,"Approved, Online Payment, Bank Payment, Cash On Delivery, Shipping Required",1,0087250006000,,,,,,
113772681,173215401,کفش زنانه چرم طبیعی مدل 125 رنگ: سفید، سایز: 40,3267000,5445000,Commodity,"Approved, Online Payment, Bank Payment, Cash On Delivery, Shipping Required",2,0086370006040,,,,,,
113772680,173215401,کفش زنانه چرم طبیعی مدل 125 رنگ: سفید، سایز: 39,3267000,5445000,Commodity,"Approved, Online Payment, Bank Payment, Cash On Delivery, Shipping Required",2,0086370006021,,,,,,
113772679,173215401,کفش زنانه چرم طبیعی مدل 125 رنگ: سفید، سایز: 38,3267000,5445000,Commodity,"Approved, Online Payment, Bank Payment, Cash On Delivery, Shipping Required",3,0086370006019,,,,,,
113772678,173215401,کفش زنانه چرم طبیعی مدل 125 رنگ: سفید، سایز: 37,3267000,5445000,Commodity,"Approved, Online Payment, Bank Payment, Cash On Delivery, Shipping Required",2,0086370006017,,,,,,
113772672,173215397,کفش زنانه چرم طبیعی مدل 125 رنگ: سبز، سایز: 40,3267000,5445000,Commodity,"Approved, Online Payment, Bank Payment, Cash On Delivery, Shipping Required",2,0086370013040,,,,,,
113772671,173215397,کفش زنانه چرم طبیعی مدل 125 رنگ: سبز، سایز: 39,3267000,5445000,Commodity,"Approved, Online Payment, Bank Payment, Cash On Delivery, Shipping Required",3,0086370013021,,,,,,
113772670,173215397,کفش زنانه چرم طبیعی مدل 125 رنگ: سبز، سایز: 38,3267000,5445000,Commodity,"Approved, Online Payment, Bank Payment, Cash On Delivery, Shipping Required",3,0086370013019,,,,,,
113772669,173215397,کفش زنانه چرم طبیعی مدل 125 رنگ: سبز، سایز: 37,3267000,5445000,Commodity,"Approved, Online Payment, Bank Payment, Cash On Delivery, Shipping Required",2,0086370013017,,,,,,
113772667,173215394,کفش زنانه چرم طبیعی مدل 125 رنگ: کرم، سایز: 40,3267000,5445000,Commodity,"Approved, Online Payment, Bank Payment, Cash On Delivery, Shipping Required",2,0086370010040,,,,,,
113772666,173215394,کفش زنانه چرم طبیعی مدل 125 رنگ: کرم، سایز: 39,3267000,5445000,Commodity,"Approved, Online Payment, Bank Payment, Cash On Delivery, Shipping Required",3,0086370010021,,,,,,
113772665,173215394,کفش زنانه چرم طبیعی مدل 125 رنگ: کرم، سایز: 38,3267000,5445000,Commodity,"Approved, Online Payment, Bank Payment, Cash On Delivery, Shipping Required",3,0086370010019,,,,,,
113772664,173215394,کفش زنانه چرم طبیعی مدل 125 رنگ: کرم، سایز: 37,3267000,5445000,Commodity,"Approved, Online Payment, Bank Payment, Cash On Delivery, Shipping Required",2,0086370010017,,,,,,
113772662,173215386,کفش زنانه چرم طبیعی مدل 125 رنگ: مشکی، سایز: 40,3267000,5445000,Commodity,"Approved, Online Payment, Bank Payment, Cash On Delivery, Shipping Required",2,0086370001040,,,,,,
113772661,173215386,کفش زنانه چرم طبیعی مدل 125 رنگ: مشکی، سایز: 39,3267000,5445000,Commodity,"Approved, Online Payment, Bank Payment, Cash On Delivery, Shipping Required",3,0086370001021,,,,,,
113772660,173215386,کفش زنانه چرم طبیعی مدل 125 رنگ: مشکی، سایز: 38,3267000,5445000,Commodity,"Approved, Online Payment, Bank Payment, Cash On Delivery, Shipping Required",3,0086370001019,,,,,,
113772659,173215386,کفش زنانه چرم طبیعی مدل 125 رنگ: مشکی، سایز: 37,3267000,5445000,Commodity,"Approved, Online Payment, Bank Payment, Cash On Delivery, Shipping Required",2,0086370001017,,,,,,
113772636,173215277,کفش زنانه چرم طبیعی مدل 112 رنگ: مشکی، سایز: 40,3267000,5445000,Commodity,"Approved, Online Payment, Bank Payment, Cash On Delivery, Shipping Required",0,0086400001040,,,,,,
113772635,173215277,کفش زنانه چرم طبیعی مدل 112 رنگ: مشکی، سایز: 39,3267000,5445000,Commodity,"Approved, Online Payment, Bank Payment, Cash On Delivery, Shipping Required",2,0086400001021,,,,,,
113772634,173215277,کفش زنانه چرم طبیعی مدل 112 رنگ: مشکی، سایز: 38,3267000,5445000,Commodity,"Approved, Online Payment, Bank Payment, Cash On Delivery, Shipping Required",2,0086400001019,,,,,,
113772633,173215277,کفش زنانه چرم طبیعی مدل 112 رنگ: مشکی، سایز: 37,3267000,5445000,Commodity,"Approved, Online Payment, Bank Payment, Cash On Delivery, Shipping Required",1,0086400001017,,,,,,
113772607,173215234,کفش زنانه چرم طبیعی مدل 119 رنگ: سبز، سایز: 40,3158100,5263500,Commodity,"Approved, Online Payment, Bank Payment, Cash On Delivery, Shipping Required",2,0086410013040,,,,,,
113772606,173215234,کفش زنانه چرم طبیعی مدل 119 رنگ: سبز، سایز: 39,3158100,5263500,Commodity,"Approved, Online Payment, Bank Payment, Cash On Delivery, Shipping Required",3,0086410013021,,,,,,
113772605,173215234,کفش زنانه چرم طبیعی مدل 119 رنگ: سبز، سایز: 38,3158100,5263500,Commodity,"Approved, Online Payment, Bank Payment, Cash On Delivery, Shipping Required",3,0086410013019,,,,,,
113772604,173215234,کفش زنانه چرم طبیعی مدل 119 رنگ: سبز، سایز: 37,3158100,5263500,Commodity,"Approved, Online Payment, Bank Payment, Cash On Delivery, Shipping Required",2,0086410013017,,,,,,
113772600,173215230,کفش زنانه چرم طبیعی مدل 120 رنگ: سبز، سایز: 40,3158100,5263500,Commodity,"Approved, Online Payment, Bank Payment, Cash On Delivery, Shipping Required",2,0086360013040,,,,,,
113772599,173215230,کفش زنانه چرم طبیعی مدل 120 رنگ: سبز، سایز: 39,3158100,5263500,Commodity,"Approved, Online Payment, Bank Payment, Cash On Delivery, Shipping Required",2,0086360013021,,,,,,
113772598,173215230,کفش زنانه چرم طبیعی مدل 120 رنگ: سبز، سایز: 38,3158100,5263500,Commodity,"Approved, Online Payment, Bank Payment, Cash On Delivery, Shipping Required",2,0086360013019,,,,,,
113772597,173215230,کفش زنانه چرم طبیعی مدل 120 رنگ: سبز، سایز: 37,3158100,5263500,Commodity,"Approved, Online Payment, Bank Payment, Cash On Delivery, Shipping Required",3,0086360013017,,,,,,
113772585,173215178,کفش زنانه چرم طبیعی مدل 120 رنگ: مشکی، سایز: 40,3158100,5263500,Commodity,"Approved, Online Payment, Bank Payment, Cash On Delivery, Shipping Required",2,0086360001040,,,,,,
113772584,173215178,کفش زنانه چرم طبیعی مدل 120 رنگ: مشکی، سایز: 39,3158100,5263500,Commodity,"Approved, Online Payment, Bank Payment, Cash On Delivery, Shipping Required",3,0086360001021,,,,,,
113772583,173215178,کفش زنانه چرم طبیعی مدل 120 رنگ: مشکی، سایز: 38,3158100,5263500,Commodity,"Approved, Online Payment, Bank Payment, Cash On Delivery, Shipping Required",3,0086360001019,,,,,,
113772582,173215178,کفش زنانه چرم طبیعی مدل 120 رنگ: مشکی، سایز: 37,3158100,5263500,Commodity,"Approved, Online Payment, Bank Payment, Cash On Delivery, Shipping Required",2,0086360001017,,,,,,
113772553,173215148,کفش زنانه چرم طبیعی مدل 120 رنگ: کرم، سایز: 40,3158100,5263500,Commodity,"Approved, Online Payment, Bank Payment, Cash On Delivery, Shipping Required",1,0086360010040,,,,,,
113772552,173215148,کفش زنانه چرم طبیعی مدل 120 رنگ: کرم، سایز: 39,3158100,5263500,Commodity,"Approved, Online Payment, Bank Payment, Cash On Delivery, Shipping Required",3,0086360010021,,,,,,
113772551,173215148,کفش زنانه چرم طبیعی مدل 120 رنگ: کرم، سایز: 38,3158100,5263500,Commodity,"Approved, Online Payment, Bank Payment, Cash On Delivery, Shipping Required",3,0086360010019,,,,,,
113772550,173215148,کفش زنانه چرم طبیعی مدل 120 رنگ: کرم، سایز: 37,3158100,5263500,Commodity,"Approved, Online Payment, Bank Payment, Cash On Delivery, Shipping Required",2,0086360010017,,,,,,
113772485,173215006,کفش زنانه چرم طبیعی مدل 114 رنگ: سفید، سایز: 40,3267000,5445000,Commodity,"Approved, Online Payment, Bank Payment, Cash On Delivery, Shipping Required",1,0086470016040,,,,,,
113772484,173215006,کفش زنانه چرم طبیعی مدل 114 رنگ: سفید، سایز: 39,3267000,5445000,Commodity,"Approved, Online Payment, Bank Payment, Cash On Delivery, Shipping Required",2,0086470016021,,,,,,
113772483,173215006,کفش زنانه چرم طبیعی مدل 114 رنگ: سفید، سایز: 38,3267000,5445000,Commodity,"Approved, Online Payment, Bank Payment, Cash On Delivery, Shipping Required",2,0086470016019,,,,,,
113772482,173215006,کفش زنانه چرم طبیعی مدل 114 رنگ: سفید، سایز: 37,3267000,5445000,Commodity,"Approved, Online Payment, Bank Payment, Cash On Delivery, Shipping Required",2,0086470016017,,,,,,
113772469,173214956,کفش زنانه چرم طبیعی مدل 112 رنگ: سرمه ای، سایز: 40,3267000,5445000,Commodity,"Approved, Online Payment, Bank Payment, Cash On Delivery, Shipping Required",0,0086400007040,,,,,,
113772468,173214956,کفش زنانه چرم طبیعی مدل 112 رنگ: سرمه ای، سایز: 39,3267000,5445000,Commodity,"Approved, Online Payment, Bank Payment, Cash On Delivery, Shipping Required",0,0086400007021,,,,,,
113772467,173214956,کفش زنانه چرم طبیعی مدل 112 رنگ: سرمه ای، سایز: 38,3267000,5445000,Commodity,"Approved, Online Payment, Bank Payment, Cash On Delivery, Shipping Required",1,0086400007019,,,,,,
113772466,173214956,کفش زنانه چرم طبیعی مدل 112 رنگ: سرمه ای، سایز: 37,3267000,5445000,Commodity,"Approved, Online Payment, Bank Payment, Cash On Delivery, Shipping Required",2,0086400007017,,,,,,
113772415,173214871,کفش زنانه چرم طبیعی مدل 112 رنگ: سفید، سایز: 40,3267000,5445000,Commodity,"Approved, Online Payment, Bank Payment, Cash On Delivery, Shipping Required",2,0086400016040,,,,,,
113772414,173214871,کفش زنانه چرم طبیعی مدل 112 رنگ: سفید، سایز: 39,3267000,5445000,Commodity,"Approved, Online Payment, Bank Payment, Cash On Delivery, Shipping Required",1,0086400016021,,,,,,
113772413,173214871,کفش زنانه چرم طبیعی مدل 112 رنگ: سفید، سایز: 38,3267000,5445000,Commodity,"Approved, Online Payment, Bank Payment, Cash On Delivery, Shipping Required",3,0086400016019,,,,,,
113772412,173214871,کفش زنانه چرم طبیعی مدل 112 رنگ: سفید، سایز: 37,3267000,5445000,Commodity,"Approved, Online Payment, Bank Payment, Cash On Delivery, Shipping Required",2,0086400016017,,,,,,
113740915,173161204,کفش زنانه چرم طبیعی مدل 122 رنگ: مشکی، سایز: 40,3267000,5445000,Commodity,"Approved, Online Payment, Bank Payment, Cash On Delivery, Shipping Required",2,0086390001040,,,,,,
113740914,173161204,کفش زنانه چرم طبیعی مدل 122 رنگ: مشکی، سایز: 39,3267000,5445000,Commodity,"Approved, Online Payment, Bank Payment, Cash On Delivery, Shipping Required",3,0086390001021,,,,,,
113740913,173161204,کفش زنانه چرم طبیعی مدل 122 رنگ: مشکی، سایز: 38,3267000,5445000,Commodity,"Approved, Online Payment, Bank Payment, Cash On Delivery, Shipping Required",3,0086390001019,,,,,,
113740912,173161204,کفش زنانه چرم طبیعی مدل 122 رنگ: مشکی، سایز: 37,3267000,5445000,Commodity,"Approved, Online Payment, Bank Payment, Cash On Delivery, Shipping Required",2,0086390001017,,,,,,
113740911,173161204,کفش زنانه چرم طبیعی مدل 122 رنگ: مشکی، سایز: 36,3267000,5445000,Commodity,"Approved, Online Payment, Bank Payment, Cash On Delivery, Shipping Required",0,0086390001015,,,,,,
112637854,171286590,مانتو اداری کتی یقه آرشال,,,Commodity,Shipping Required,,,,,,,,
112637851,171286587,مانتو بدون یقه سبک تابستانی,,,Commodity,Shipping Required,,,,,,,,
112637849,171286579,مانتو دوبل یقه آرشال,,,Commodity,Shipping Required,,,,,,,,
112637848,171286578,مانتو یقه آرشال دوبل دکمه,,,Commodity,Shipping Required,,,,,,,,
112637846,171286576,مانتو اداری کتی,,,Commodity,Shipping Required,,,,,,,,
112637832,171286554,مانتو اداری زنانه نخی,,,Commodity,Shipping Required,,,,,,,,
112637817,171286535,مانتو اداری زنانه با پارچه دیپلمات,,,Commodity,Shipping Required,,,,,,,,
112602286,171221145,کفش رسمی مردانه پاک نهاد مدل کلارک بندی رنگ: مشکی، سایز: 44,2504700,4174500,Commodity,"Approved, Online Payment, Bank Payment, Cash On Delivery, Shipping Required",0,84500001044,,,,,,
112602285,171221145,کفش رسمی مردانه پاک نهاد مدل کلارک بندی رنگ: مشکی، سایز: 43,2504700,4174500,Commodity,"Approved, Online Payment, Bank Payment, Cash On Delivery, Shipping Required",1,84500001043,,,,,,
112602284,171221145,کفش رسمی مردانه پاک نهاد مدل کلارک بندی رنگ: مشکی، سایز: 42,2504700,4174500,Commodity,"Approved, Online Payment, Bank Payment, Cash On Delivery, Shipping Required",1,84500001042,,,,,,
112602283,171221145,کفش رسمی مردانه پاک نهاد مدل کلارک بندی رنگ: مشکی، سایز: 41,2504700,4174500,Commodity,"Approved, Online Payment, Bank Payment, Cash On Delivery, Shipping Required",0,84500001041,,,,,,
112602282,171221145,کفش رسمی مردانه پاک نهاد مدل کلارک بندی رنگ: مشکی، سایز: 40,2504700,4174500,Commodity,"Approved, Online Payment, Bank Payment, Cash On Delivery, Shipping Required",1,84500001040,,,,,,
112602264,171221092,کالج مردانه پاک نهاد مدل ویگن رنگ: مشکی، سایز: 44,3702600,6171000,Commodity,"Approved, Online Payment, Bank Payment, Cash On Delivery, Shipping Required",0,84590001044,,,,,,
112602263,171221092,کالج مردانه پاک نهاد مدل ویگن رنگ: مشکی، سایز: 43,3702600,6171000,Commodity,"Approved, Online Payment, Bank Payment, Cash On Delivery, Shipping Required",1,84590001043,,,,,,
112602262,171221092,کالج مردانه پاک نهاد مدل ویگن رنگ: مشکی، سایز: 42,3702600,6171000,Commodity,"Approved, Online Payment, Bank Payment, Cash On Delivery, Shipping Required",2,84590001042,,,,,,
112602261,171221092,کالج مردانه پاک نهاد مدل ویگن رنگ: مشکی، سایز: 41,3702600,6171000,Commodity,"Approved, Online Payment, Bank Payment, Cash On Delivery, Shipping Required",1,84590001041,,,,,,
112602260,171221092,کالج مردانه پاک نهاد مدل ویگن رنگ: مشکی، سایز: 40,3702600,6171000,Commodity,"Approved, Online Payment, Bank Payment, Cash On Delivery, Shipping Required",2,84590001040,,,,,,
112602254,171221072,کالج مردانه دیزل مدل 318001 رنگ: مشکی، سایز: 44,1960200,3267000,Commodity,"Approved, Online Payment, Bank Payment, Cash On Delivery, Shipping Required",2,85320001044,,,,,,
112602253,171221072,کالج مردانه دیزل مدل 318001 رنگ: مشکی، سایز: 43,1960200,3267000,Commodity,"Approved, Online Payment, Bank Payment, Cash On Delivery, Shipping Required",3,85320001043,,,,,,
112602252,171221072,کالج مردانه دیزل مدل 318001 رنگ: مشکی، سایز: 42,1960200,3267000,Commodity,"Approved, Online Payment, Bank Payment, Cash On Delivery, Shipping Required",2,85320001042,,,,,,
112602251,171221072,کالج مردانه دیزل مدل 318001 رنگ: مشکی، سایز: 41,1960200,3267000,Commodity,"Approved, Online Payment, Bank Payment, Cash On Delivery, Shipping Required",3,85320001041,,,,,,
112602250,171221072,کالج مردانه دیزل مدل 318001 رنگ: مشکی، سایز: 40,1960200,3267000,Commodity,"Approved, Online Payment, Bank Payment, Cash On Delivery, Shipping Required",2,85320001040,,,,,,
112602228,171221014,کفش رسمی مردانه دیزل 567011 رنگ: مشکی، سایز: 44,3519780,5866300,Commodity,"Approved, Online Payment, Bank Payment, Cash On Delivery, Shipping Required",2,84780001044,,,,,,
112602227,171221014,کفش رسمی مردانه دیزل 567011 رنگ: مشکی، سایز: 43,3519780,5866300,Commodity,"Approved, Online Payment, Bank Payment, Cash On Delivery, Shipping Required",1,84780001043,,,,,,
112602226,171221014,کفش رسمی مردانه دیزل 567011 رنگ: مشکی، سایز: 42,3519780,5866300,Commodity,"Approved, Online Payment, Bank Payment, Cash On Delivery, Shipping Required",2,84780001042,,,,,,
112602225,171221014,کفش رسمی مردانه دیزل 567011 رنگ: مشکی، سایز: 41,3519780,5866300,Commodity,"Approved, Online Payment, Bank Payment, Cash On Delivery, Shipping Required",2,84780001041,,,,,,
112602224,171221014,کفش رسمی مردانه دیزل 567011 رنگ: مشکی، سایز: 40,3519780,5866300,Commodity,"Approved, Online Payment, Bank Payment, Cash On Delivery, Shipping Required",2,84780001040,,,,,,
112602198,171220978,کفش کوهنوردی مردانه مدل 567028 رنگ: گردویی، سایز: 44,4171200,6952000,Commodity,"Approved, Online Payment, Bank Payment, Cash On Delivery, Shipping Required",2,84748550044,,,,,,
112602197,171220978,کفش کوهنوردی مردانه مدل 567028 رنگ: گردویی، سایز: 43,4171200,6952000,Commodity,"Approved, Online Payment, Bank Payment, Cash On Delivery, Shipping Required",0,84748550043,,,,,,
112602196,171220978,کفش کوهنوردی مردانه مدل 567028 رنگ: گردویی، سایز: 42,4171200,6952000,Commodity,"Approved, Online Payment, Bank Payment, Cash On Delivery, Shipping Required",1,84748550042,,,,,,
112602195,171220978,کفش کوهنوردی مردانه مدل 567028 رنگ: گردویی، سایز: 41,4171200,6952000,Commodity,"Approved, Online Payment, Bank Payment, Cash On Delivery, Shipping Required",1,84748550041,,,,,,
112602194,171220978,کفش کوهنوردی مردانه مدل 567028 رنگ: گردویی، سایز: 40,4171200,6952000,Commodity,"Approved, Online Payment, Bank Payment, Cash On Delivery, Shipping Required",2,84748550040,,,,,,
112602193,171220972,کفش کوهنوردی مردانه مدل 567008 رنگ: مشکی، سایز: 44,4105530,6842550,Commodity,"Approved, Online Payment, Bank Payment, Cash On Delivery, Shipping Required",0,84750001044,,,,,,
112602192,171220972,کفش کوهنوردی مردانه مدل 567008 رنگ: مشکی، سایز: 43,4105530,6842550,Commodity,"Approved, Online Payment, Bank Payment, Cash On Delivery, Shipping Required",1,84750001043,,,,,,
112602191,171220972,کفش کوهنوردی مردانه مدل 567008 رنگ: مشکی، سایز: 42,4105530,6842550,Commodity,"Approved, Online Payment, Bank Payment, Cash On Delivery, Shipping Required",2,84750001042,,,,,,
112602190,171220972,کفش کوهنوردی مردانه مدل 567008 رنگ: مشکی، سایز: 41,4105530,6842550,Commodity,"Approved, Online Payment, Bank Payment, Cash On Delivery, Shipping Required",1,84750001041,,,,,,
112602189,171220972,کفش کوهنوردی مردانه مدل 567008 رنگ: مشکی، سایز: 40,4105530,6842550,Commodity,"Approved, Online Payment, Bank Payment, Cash On Delivery, Shipping Required",0,84750001040,,,,,,
112602179,171220971,کفش کوهنوردی مردانه مدل 567008 رنگ: گردویی، سایز: 44,4105530,6842550,Commodity,"Approved, Online Payment, Bank Payment, Cash On Delivery, Shipping Required",0,84758550044,,,,,,
112602178,171220971,کفش کوهنوردی مردانه مدل 567008 رنگ: گردویی، سایز: 43,4105530,6842550,Commodity,"Approved, Online Payment, Bank Payment, Cash On Delivery, Shipping Required",0,84758550043,,,,,,
112602177,171220971,کفش کوهنوردی مردانه مدل 567008 رنگ: گردویی، سایز: 42,4105530,6842550,Commodity,"Approved, Online Payment, Bank Payment, Cash On Delivery, Shipping Required",1,84758550042,,,,,,
112602176,171220971,کفش کوهنوردی مردانه مدل 567008 رنگ: گردویی، سایز: 41,4105530,6842550,Commodity,"Approved, Online Payment, Bank Payment, Cash On Delivery, Shipping Required",1,84758550041,,,,,,
112602175,171220971,کفش کوهنوردی مردانه مدل 567008 رنگ: گردویی، سایز: 40,4105530,6842550,Commodity,"Approved, Online Payment, Bank Payment, Cash On Delivery, Shipping Required",1,84758550040,,,,,,
112602150,171220945,کفش رسمی مردانه پاک نهاد مدل A4 رنگ: مشکی، سایز: 44,3049200,5082000,Commodity,"Approved, Online Payment, Bank Payment, Cash On Delivery, Shipping Required",0,84450001044,,,,,,
112602149,171220945,کفش رسمی مردانه پاک نهاد مدل A4 رنگ: مشکی، سایز: 43,3049200,5082000,Commodity,"Approved, Online Payment, Bank Payment, Cash On Delivery, Shipping Required",1,84450001043,,,,,,
112602148,171220945,کفش رسمی مردانه پاک نهاد مدل A4 رنگ: مشکی، سایز: 42,3049200,5082000,Commodity,"Approved, Online Payment, Bank Payment, Cash On Delivery, Shipping Required",1,84450001042,,,,,,
112602147,171220945,کفش رسمی مردانه پاک نهاد مدل A4 رنگ: مشکی، سایز: 41,3049200,5082000,Commodity,"Approved, Online Payment, Bank Payment, Cash On Delivery, Shipping Required",1,84450001041,,,,,,
112602146,171220945,کفش رسمی مردانه پاک نهاد مدل A4 رنگ: مشکی، سایز: 40,3049200,5082000,Commodity,"Approved, Online Payment, Bank Payment, Cash On Delivery, Shipping Required",2,84450001040,,,,,,
112602128,171220914,کفش اسپرت مردانه دیزل مدل 386001 رنگ: سفید، سایز: 44,1459260,2432100,Commodity,"Approved, Online Payment, Bank Payment, Cash On Delivery, Shipping Required",2,85450016044,,,,,,
112602127,171220914,کفش اسپرت مردانه دیزل مدل 386001 رنگ: سفید، سایز: 43,1459260,2432100,Commodity,"Approved, Online Payment, Bank Payment, Cash On Delivery, Shipping Required",2,85450016043,,,,,,
112602126,171220914,کفش اسپرت مردانه دیزل مدل 386001 رنگ: سفید، سایز: 42,1459260,2432100,Commodity,"Approved, Online Payment, Bank Payment, Cash On Delivery, Shipping Required",0,85450016042,,,,,,
112602125,171220914,کفش اسپرت مردانه دیزل مدل 386001 رنگ: سفید، سایز: 41,1459260,2432100,Commodity,"Approved, Online Payment, Bank Payment, Cash On Delivery, Shipping Required",2,85450016041,,,,,,
112602124,171220914,کفش اسپرت مردانه دیزل مدل 386001 رنگ: سفید، سایز: 40,1459260,2432100,Commodity,"Approved, Online Payment, Bank Payment, Cash On Delivery, Shipping Required",0,85450016040,,,,,,
112602083,171220803,کفش اسپرت مردانه دیزل مدل 386001 رنگ: مشکی، سایز: 44,1459260,2432100,Commodity,"Approved, Online Payment, Bank Payment, Cash On Delivery, Shipping Required",3,85458518044,,,,,,
112602082,171220803,کفش اسپرت مردانه دیزل مدل 386001 رنگ: مشکی، سایز: 43,1459260,2432100,Commodity,"Approved, Online Payment, Bank Payment, Cash On Delivery, Shipping Required",2,85458518043,,,,,,
112602081,171220803,کفش اسپرت مردانه دیزل مدل 386001 رنگ: مشکی، سایز: 42,1459260,2432100,Commodity,"Approved, Online Payment, Bank Payment, Cash On Delivery, Shipping Required",4,85458518042,,,,,,
112602080,171220803,کفش اسپرت مردانه دیزل مدل 386001 رنگ: مشکی، سایز: 41,1459260,2432100,Commodity,"Approved, Online Payment, Bank Payment, Cash On Delivery, Shipping Required",2,85458518041,,,,,,
112602079,171220803,کفش اسپرت مردانه دیزل مدل 386001 رنگ: مشکی، سایز: 40,1459260,2432100,Commodity,"Approved, Online Payment, Bank Payment, Cash On Delivery, Shipping Required",1,85458518040,,,,,,
112602078,171220787,کفش اسپرت مردانه دیزل مدل 386002 رنگ: طوسی، سایز: 44,1415700,2359500,Commodity,"Approved, Online Payment, Bank Payment, Cash On Delivery, Shipping Required",2,85460017044,,,,,,
112602077,171220787,کفش اسپرت مردانه دیزل مدل 386002 رنگ: طوسی، سایز: 43,1415700,2359500,Commodity,"Approved, Online Payment, Bank Payment, Cash On Delivery, Shipping Required",2,85460017043,,,,,,
112602076,171220787,کفش اسپرت مردانه دیزل مدل 386002 رنگ: طوسی، سایز: 42,1415700,2359500,Commodity,"Approved, Online Payment, Bank Payment, Cash On Delivery, Shipping Required",3,85460017042,,,,,,
112602075,171220787,کفش اسپرت مردانه دیزل مدل 386002 رنگ: طوسی، سایز: 41,1415700,2359500,Commodity,"Approved, Online Payment, Bank Payment, Cash On Delivery, Shipping Required",1,85460017041,,,,,,
112602074,171220787,کفش اسپرت مردانه دیزل مدل 386002 رنگ: طوسی، سایز: 40,1415700,2359500,Commodity,"Approved, Online Payment, Bank Payment, Cash On Delivery, Shipping Required",1,85460017040,,,,,,
112601251,171219549,کفش اسپرت مردانه دیزل مدل 386002 رنگ: مشکی، سایز: 44,1415700,2359500,Commodity,"Approved, Online Payment, Bank Payment, Cash On Delivery, Shipping Required",2,85460001044,,,,,,
112601250,171219549,کفش اسپرت مردانه دیزل مدل 386002 رنگ: مشکی، سایز: 43,1415700,2359500,Commodity,"Approved, Online Payment, Bank Payment, Cash On Delivery, Shipping Required",2,85460001043,,,,,,
112601249,171219549,کفش اسپرت مردانه دیزل مدل 386002 رنگ: مشکی، سایز: 42,1415700,2359500,Commodity,"Approved, Online Payment, Bank Payment, Cash On Delivery, Shipping Required",3,85460001042,,,,,,
112601248,171219549,کفش اسپرت مردانه دیزل مدل 386002 رنگ: مشکی، سایز: 41,1415700,2359500,Commodity,"Approved, Online Payment, Bank Payment, Cash On Delivery, Shipping Required",2,85460001041,,,,,,
112601247,171219549,کفش اسپرت مردانه دیزل مدل 386002 رنگ: مشکی، سایز: 40,1415700,2359500,Commodity,"Approved, Online Payment, Bank Payment, Cash On Delivery, Shipping Required",1,85460001040,,,,,,
112601227,171219476,کفش رسمی مردانه دیزل مدل 367004 رنگ: عسلی، سایز: 44,2722500,4537500,Commodity,"Approved, Online Payment, Bank Payment, Cash On Delivery, Shipping Required",2,84900027044,,,,,,
112601226,171219476,کفش رسمی مردانه دیزل مدل 367004 رنگ: عسلی، سایز: 43,2722500,4537500,Commodity,"Approved, Online Payment, Bank Payment, Cash On Delivery, Shipping Required",2,84900027043,,,,,,
112601225,171219476,کفش رسمی مردانه دیزل مدل 367004 رنگ: عسلی، سایز: 42,2722500,4537500,Commodity,"Approved, Online Payment, Bank Payment, Cash On Delivery, Shipping Required",2,84900027042,,,,,,
112601224,171219476,کفش رسمی مردانه دیزل مدل 367004 رنگ: عسلی، سایز: 41,2722500,4537500,Commodity,"Approved, Online Payment, Bank Payment, Cash On Delivery, Shipping Required",2,84900027041,,,,,,
112601223,171219476,کفش رسمی مردانه دیزل مدل 367004 رنگ: عسلی، سایز: 40,2722500,4537500,Commodity,"Approved, Online Payment, Bank Payment, Cash On Delivery, Shipping Required",2,84900027040,,,,,,
112601221,171219470,کفش رسمی مردانه پاک نهاد مدل مجلسی آپادانا رنگ: مشکی، سایز: 44,2613600,4356000,Commodity,"Approved, Online Payment, Bank Payment, Cash On Delivery, Shipping Required",1,84480001044,,,,,,
112601220,171219470,کفش رسمی مردانه پاک نهاد مدل مجلسی آپادانا رنگ: مشکی، سایز: 43,2613600,4356000,Commodity,"Approved, Online Payment, Bank Payment, Cash On Delivery, Shipping Required",2,84480001043,,,,,,
112601219,171219470,کفش رسمی مردانه پاک نهاد مدل مجلسی آپادانا رنگ: مشکی، سایز: 42,2613600,4356000,Commodity,"Approved, Online Payment, Bank Payment, Cash On Delivery, Shipping Required",1,84480001042,,,,,,
112601218,171219470,کفش رسمی مردانه پاک نهاد مدل مجلسی آپادانا رنگ: مشکی، سایز: 41,2613600,4356000,Commodity,"Approved, Online Payment, Bank Payment, Cash On Delivery, Shipping Required",2,84480001041,,,,,,
112601217,171219470,کفش رسمی مردانه پاک نهاد مدل مجلسی آپادانا رنگ: مشکی، سایز: 40,2613600,4356000,Commodity,"Approved, Online Payment, Bank Payment, Cash On Delivery, Shipping Required",2,84480001040,,,,,,
112601206,171219460,کفش رسمی مردانه پاک نهاد مدل مجلسی آپادانا رنگ: عسلی، سایز: 44,2613600,4356000,Commodity,"Approved, Online Payment, Bank Payment, Cash On Delivery, Shipping Required",1,84480001044,,,,,,
112601205,171219460,کفش رسمی مردانه پاک نهاد مدل مجلسی آپادانا رنگ: عسلی، سایز: 43,2613600,4356000,Commodity,"Approved, Online Payment, Bank Payment, Cash On Delivery, Shipping Required",2,84480001043,,,,,,
112601204,171219460,کفش رسمی مردانه پاک نهاد مدل مجلسی آپادانا رنگ: عسلی، سایز: 42,2613600,4356000,Commodity,"Approved, Online Payment, Bank Payment, Cash On Delivery, Shipping Required",2,84480001042,,,,,,
112601203,171219460,کفش رسمی مردانه پاک نهاد مدل مجلسی آپادانا رنگ: عسلی، سایز: 41,2613600,4356000,Commodity,"Approved, Online Payment, Bank Payment, Cash On Delivery, Shipping Required",2,84480001041,,,,,,
112601202,171219460,کفش رسمی مردانه پاک نهاد مدل مجلسی آپادانا رنگ: عسلی، سایز: 40,2613600,4356000,Commodity,"Approved, Online Payment, Bank Payment, Cash On Delivery, Shipping Required",2,84480001040,,,,,,
112601190,171219458,کفش رسمی مردانه پاک نهاد مدل فراری رنگ: مشکی، سایز: 44,2613600,4356000,Commodity,"Approved, Online Payment, Bank Payment, Cash On Delivery, Shipping Required",2,84490001044,,,,,,
112601189,171219458,کفش رسمی مردانه پاک نهاد مدل فراری رنگ: مشکی، سایز: 43,2613600,4356000,Commodity,"Approved, Online Payment, Bank Payment, Cash On Delivery, Shipping Required",0,84490001043,,,,,,
112601188,171219458,کفش رسمی مردانه پاک نهاد مدل فراری رنگ: مشکی، سایز: 42,2613600,4356000,Commodity,"Approved, Online Payment, Bank Payment, Cash On Delivery, Shipping Required",2,84490001042,,,,,,
112601187,171219458,کفش رسمی مردانه پاک نهاد مدل فراری رنگ: مشکی، سایز: 41,2613600,4356000,Commodity,"Approved, Online Payment, Bank Payment, Cash On Delivery, Shipping Required",2,84490001041,,,,,,
112601186,171219458,کفش رسمی مردانه پاک نهاد مدل فراری رنگ: مشکی، سایز: 40,2613600,4356000,Commodity,"Approved, Online Payment, Bank Payment, Cash On Delivery, Shipping Required",2,84490001040,,,,,,
112601167,171219403,کفش رسمی مردانه دیزل مدل 193028 رنگ: عسلی، سایز: 44,2831400,4719000,Commodity,"Approved, Online Payment, Bank Payment, Cash On Delivery, Shipping Required",2,85400027044,,,,,,
112601166,171219403,کفش رسمی مردانه دیزل مدل 193028 رنگ: عسلی، سایز: 43,2831400,4719000,Commodity,"Approved, Online Payment, Bank Payment, Cash On Delivery, Shipping Required",2,85400027043,,,,,,
112601165,171219403,کفش رسمی مردانه دیزل مدل 193028 رنگ: عسلی، سایز: 42,2831400,4719000,Commodity,"Approved, Online Payment, Bank Payment, Cash On Delivery, Shipping Required",2,85400027042,,,,,,
112601164,171219403,کفش رسمی مردانه دیزل مدل 193028 رنگ: عسلی، سایز: 41,2831400,4719000,Commodity,"Approved, Online Payment, Bank Payment, Cash On Delivery, Shipping Required",2,85400027041,,,,,,
112601163,171219403,کفش رسمی مردانه دیزل مدل 193028 رنگ: عسلی، سایز: 40,2831400,4719000,Commodity,"Approved, Online Payment, Bank Payment, Cash On Delivery, Shipping Required",2,85400027040,,,,,,
112601145,171219337,بوت مردانه دیزل مدل 312003 رنگ: مشکی، سایز: 44,1154340,1923900,Commodity,"Approved, Online Payment, Bank Payment, Cash On Delivery, Shipping Required",1,85240001044,,,,,,
112601144,171219337,بوت مردانه دیزل مدل 312003 رنگ: مشکی، سایز: 43,1154340,1923900,Commodity,"Approved, Online Payment, Bank Payment, Cash On Delivery, Shipping Required",1,85240001043,,,,,,
112601143,171219337,بوت مردانه دیزل مدل 312003 رنگ: مشکی، سایز: 42,1154340,1923900,Commodity,"Approved, Online Payment, Bank Payment, Cash On Delivery, Shipping Required",2,85240001042,,,,,,
112601142,171219337,بوت مردانه دیزل مدل 312003 رنگ: مشکی، سایز: 41,1154340,1923900,Commodity,"Approved, Online Payment, Bank Payment, Cash On Delivery, Shipping Required",1,85240001041,,,,,,
112601141,171219337,بوت مردانه دیزل مدل 312003 رنگ: مشکی، سایز: 40,1154340,1923900,Commodity,"Approved, Online Payment, Bank Payment, Cash On Delivery, Shipping Required",2,85240001040,,,,,,
112534972,171070458,بوت مردانه دیزل مدل 346002 رنگ: عسلی، سایز: 44,3484800,5808000,Commodity,"Approved, Online Payment, Bank Payment, Cash On Delivery, Shipping Required",0,85050027044,,,,,,
112534971,171070458,بوت مردانه دیزل مدل 346002 رنگ: عسلی، سایز: 43,3484800,5808000,Commodity,"Approved, Online Payment, Bank Payment, Cash On Delivery, Shipping Required",3,85050027043,,,,,,
112534970,171070458,بوت مردانه دیزل مدل 346002 رنگ: عسلی، سایز: 42,3484800,5808000,Commodity,"Approved, Online Payment, Bank Payment, Cash On Delivery, Shipping Required",3,85050027042,,,,,,
112534969,171070458,بوت مردانه دیزل مدل 346002 رنگ: عسلی، سایز: 41,3484800,5808000,Commodity,"Approved, Online Payment, Bank Payment, Cash On Delivery, Shipping Required",3,85050027041,,,,,,
112534968,171070458,بوت مردانه دیزل مدل 346002 رنگ: عسلی، سایز: 40,3484800,5808000,Commodity,"Approved, Online Payment, Bank Payment, Cash On Delivery, Shipping Required",2,85050027040,,,,,,
112534965,171070442,بوت مردانه دیزل مدل 491056 رنگ: عسلی، سایز: 44,3049200,5082000,Commodity,"Approved, Online Payment, Bank Payment, Cash On Delivery, Shipping Required",2,85300027044,,,,,,
112534964,171070442,بوت مردانه دیزل مدل 491056 رنگ: عسلی، سایز: 43,3049200,5082000,Commodity,"Approved, Online Payment, Bank Payment, Cash On Delivery, Shipping Required",2,85300027043,,,,,,
112534963,171070442,بوت مردانه دیزل مدل 491056 رنگ: عسلی، سایز: 42,3049200,5082000,Commodity,"Approved, Online Payment, Bank Payment, Cash On Delivery, Shipping Required",3,85300027042,,,,,,
112534962,171070442,بوت مردانه دیزل مدل 491056 رنگ: عسلی، سایز: 41,3049200,5082000,Commodity,"Approved, Online Payment, Bank Payment, Cash On Delivery, Shipping Required",2,85300027041,,,,,,
112534961,171070442,بوت مردانه دیزل مدل 491056 رنگ: عسلی، سایز: 40,3049200,5082000,Commodity,"Approved, Online Payment, Bank Payment, Cash On Delivery, Shipping Required",1,85300027040,,,,,,
112534951,171070417,بوت مردانه پاک نهاد مدل فیدو رنگ: مشکی، سایز: 44,3811500,6352500,Commodity,"Approved, Online Payment, Bank Payment, Cash On Delivery, Shipping Required",0,84570001044,,,,,,
112534950,171070417,بوت مردانه پاک نهاد مدل فیدو رنگ: مشکی، سایز: 43,3811500,6352500,Commodity,"Approved, Online Payment, Bank Payment, Cash On Delivery, Shipping Required",0,84570001043,,,,,,
112534949,171070417,بوت مردانه پاک نهاد مدل فیدو رنگ: مشکی، سایز: 42,3811500,6352500,Commodity,"Approved, Online Payment, Bank Payment, Cash On Delivery, Shipping Required",0,84570001042,,,,,,
112534948,171070417,بوت مردانه پاک نهاد مدل فیدو رنگ: مشکی، سایز: 41,3811500,6352500,Commodity,"Approved, Online Payment, Bank Payment, Cash On Delivery, Shipping Required",0,84570001041,,,,,,
112534947,171070417,بوت مردانه پاک نهاد مدل فیدو رنگ: مشکی، سایز: 40,3811500,6352500,Commodity,"Approved, Online Payment, Bank Payment, Cash On Delivery, Shipping Required",0,84570001040,,,,,,
112524791,171046865,بوت مردانه پاک نهاد مدل فیدو رنگ: عسلی، سایز: 44,3811500,6352500,Commodity,"Approved, Online Payment, Bank Payment, Cash On Delivery, Shipping Required",1,84570027044,,,,,,
112524790,171046865,بوت مردانه پاک نهاد مدل فیدو رنگ: عسلی، سایز: 43,3811500,6352500,Commodity,"Approved, Online Payment, Bank Payment, Cash On Delivery, Shipping Required",1,84570027043,,,,,,
112524789,171046865,بوت مردانه پاک نهاد مدل فیدو رنگ: عسلی، سایز: 42,3811500,6352500,Commodity,"Approved, Online Payment, Bank Payment, Cash On Delivery, Shipping Required",3,84570027042,,,,,,
112524788,171046865,بوت مردانه پاک نهاد مدل فیدو رنگ: عسلی، سایز: 41,3811500,6352500,Commodity,"Approved, Online Payment, Bank Payment, Cash On Delivery, Shipping Required",1,84570027041,,,,,,
112524787,171046865,بوت مردانه پاک نهاد مدل فیدو رنگ: عسلی، سایز: 40,3811500,6352500,Commodity,"Approved, Online Payment, Bank Payment, Cash On Delivery, Shipping Required",2,84570027040,,,,,,
112524735,171046837,بوت مردانه دیزل مدل 490027 رنگ: مشکی، سایز: 44,3484800,5808000,Commodity,"Approved, Online Payment, Bank Payment, Cash On Delivery, Shipping Required",0,85190001044,,,,,,
112524734,171046837,بوت مردانه دیزل مدل 490027 رنگ: مشکی، سایز: 43,3484800,5808000,Commodity,"Approved, Online Payment, Bank Payment, Cash On Delivery, Shipping Required",0,85190001043,,,,,,
112524733,171046837,بوت مردانه دیزل مدل 490027 رنگ: مشکی، سایز: 42,3484800,5808000,Commodity,"Approved, Online Payment, Bank Payment, Cash On Delivery, Shipping Required",1,85190001042,,,,,,
112524732,171046837,بوت مردانه دیزل مدل 490027 رنگ: مشکی، سایز: 41,3484800,5808000,Commodity,"Approved, Online Payment, Bank Payment, Cash On Delivery, Shipping Required",3,85190001041,,,,,,
112524731,171046837,بوت مردانه دیزل مدل 490027 رنگ: مشکی، سایز: 40,3484800,5808000,Commodity,"Approved, Online Payment, Bank Payment, Cash On Delivery, Shipping Required",3,85190001040,,,,,,
112524686,171046805,بوت مردانه پاک نهاد مدل زیپی ساعتی رنگ: مشکی، سایز: 44,3484800,5808000,Commodity,"Approved, Online Payment, Bank Payment, Cash On Delivery, Shipping Required",0,84460001044,,,,,,
112524685,171046805,بوت مردانه پاک نهاد مدل زیپی ساعتی رنگ: مشکی، سایز: 43,3484800,5808000,Commodity,"Approved, Online Payment, Bank Payment, Cash On Delivery, Shipping Required",0,84460001043,,,,,,
112524684,171046805,بوت مردانه پاک نهاد مدل زیپی ساعتی رنگ: مشکی، سایز: 42,3484800,5808000,Commodity,"Approved, Online Payment, Bank Payment, Cash On Delivery, Shipping Required",0,84460001042,,,,,,
112524683,171046805,بوت مردانه پاک نهاد مدل زیپی ساعتی رنگ: مشکی، سایز: 41,3484800,5808000,Commodity,"Approved, Online Payment, Bank Payment, Cash On Delivery, Shipping Required",0,84460001041,,,,,,
112524682,171046805,بوت مردانه پاک نهاد مدل زیپی ساعتی رنگ: مشکی، سایز: 40,3484800,5808000,Commodity,"Approved, Online Payment, Bank Payment, Cash On Delivery, Shipping Required",1,84460001040,,,,,,
112524654,171046804,بوت مردانه دیزل مدل 347002 رنگ: طوسی، سایز: 44,2831400,4719000,Commodity,"Approved, Online Payment, Bank Payment, Cash On Delivery, Shipping Required",1,85310017044,,,,,,
112524653,171046804,بوت مردانه دیزل مدل 347002 رنگ: طوسی، سایز: 43,2831400,4719000,Commodity,"Approved, Online Payment, Bank Payment, Cash On Delivery, Shipping Required",2,85310017043,,,,,,
112524652,171046804,بوت مردانه دیزل مدل 347002 رنگ: طوسی، سایز: 42,2831400,4719000,Commodity,"Approved, Online Payment, Bank Payment, Cash On Delivery, Shipping Required",2,85310017042,,,,,,
112524651,171046804,بوت مردانه دیزل مدل 347002 رنگ: طوسی، سایز: 41,2831400,4719000,Commodity,"Approved, Online Payment, Bank Payment, Cash On Delivery, Shipping Required",0,85310017041,,,,,,
112524650,171046804,بوت مردانه دیزل مدل 347002 رنگ: طوسی، سایز: 40,2831400,4719000,Commodity,"Approved, Online Payment, Bank Payment, Cash On Delivery, Shipping Required",1,85310017040,,,,,,
112524479,171046557,کفش اسپرت مردانه پاک نهاد مدل کت 3 حوله ای رنگ: عسلی، سایز: 44,3049200,5082000,Commodity,"Approved, Online Payment, Bank Payment, Cash On Delivery, Shipping Required",0,84420027044,,,,,,
112524478,171046557,کفش اسپرت مردانه پاک نهاد مدل کت 3 حوله ای رنگ: عسلی، سایز: 43,3049200,5082000,Commodity,"Approved, Online Payment, Bank Payment, Cash On Delivery, Shipping Required",0,84420027043,,,,,,
112524477,171046557,کفش اسپرت مردانه پاک نهاد مدل کت 3 حوله ای رنگ: عسلی، سایز: 42,3049200,5082000,Commodity,"Approved, Online Payment, Bank Payment, Cash On Delivery, Shipping Required",1,84420027042,,,,,,
112524476,171046557,کفش اسپرت مردانه پاک نهاد مدل کت 3 حوله ای رنگ: عسلی، سایز: 41,3049200,5082000,Commodity,"Approved, Online Payment, Bank Payment, Cash On Delivery, Shipping Required",2,84420027041,,,,,,
112524475,171046557,کفش اسپرت مردانه پاک نهاد مدل کت 3 حوله ای رنگ: عسلی، سایز: 40,3049200,5082000,Commodity,"Approved, Online Payment, Bank Payment, Cash On Delivery, Shipping Required",1,84420027040,,,,,,
112524462,171046449,کفش اسپرت مردانه پاک نهاد مدل کت 3 حوله ای رنگ: طوسی، سایز: 44,3049200,5082000,Commodity,"Approved, Online Payment, Bank Payment, Cash On Delivery, Shipping Required",1,84420017044,,,,,,
112524461,171046449,کفش اسپرت مردانه پاک نهاد مدل کت 3 حوله ای رنگ: طوسی، سایز: 43,3049200,5082000,Commodity,"Approved, Online Payment, Bank Payment, Cash On Delivery, Shipping Required",1,84420017043,,,,,,
112524460,171046449,کفش اسپرت مردانه پاک نهاد مدل کت 3 حوله ای رنگ: طوسی، سایز: 42,3049200,5082000,Commodity,"Approved, Online Payment, Bank Payment, Cash On Delivery, Shipping Required",1,84420017042,,,,,,
112524459,171046449,کفش اسپرت مردانه پاک نهاد مدل کت 3 حوله ای رنگ: طوسی، سایز: 41,3049200,5082000,Commodity,"Approved, Online Payment, Bank Payment, Cash On Delivery, Shipping Required",2,84420017041,,,,,,
112524458,171046449,کفش اسپرت مردانه پاک نهاد مدل کت 3 حوله ای رنگ: طوسی، سایز: 40,3049200,5082000,Commodity,"Approved, Online Payment, Bank Payment, Cash On Delivery, Shipping Required",2,84420017040,,,,,,
112524397,171046447,کفش اسپرت مردانه پاک نهاد مدل کت 3 حوله ای رنگ: مشکی، سایز: 44,3049200,5082000,Commodity,"Approved, Online Payment, Bank Payment, Cash On Delivery, Shipping Required",0,84420001044,,,,,,
112524396,171046447,کفش اسپرت مردانه پاک نهاد مدل کت 3 حوله ای رنگ: مشکی، سایز: 43,3049200,5082000,Commodity,"Approved, Online Payment, Bank Payment, Cash On Delivery, Shipping Required",0,84420001043,,,,,,
112524395,171046447,کفش اسپرت مردانه پاک نهاد مدل کت 3 حوله ای رنگ: مشکی، سایز: 42,3049200,5082000,Commodity,"Approved, Online Payment, Bank Payment, Cash On Delivery, Shipping Required",0,84420001042,,,,,,
112524394,171046447,کفش اسپرت مردانه پاک نهاد مدل کت 3 حوله ای رنگ: مشکی، سایز: 41,3049200,5082000,Commodity,"Approved, Online Payment, Bank Payment, Cash On Delivery, Shipping Required",0,84420001041,,,,,,
112524393,171046447,کفش اسپرت مردانه پاک نهاد مدل کت 3 حوله ای رنگ: مشکی، سایز: 40,3049200,5082000,Commodity,"Approved, Online Payment, Bank Payment, Cash On Delivery, Shipping Required",1,84420001040,,,,,,
112524352,171046361,کفش اسپرت مردانه پاک نهاد مدل زارا رنگ: سفید، سایز: 44,3049200,5082000,Commodity,"Approved, Online Payment, Bank Payment, Cash On Delivery, Shipping Required",1,84410016044,,,,,,
112524351,171046361,کفش اسپرت مردانه پاک نهاد مدل زارا رنگ: سفید، سایز: 43,3049200,5082000,Commodity,"Approved, Online Payment, Bank Payment, Cash On Delivery, Shipping Required",0,84410016043,,,,,,
112524350,171046361,کفش اسپرت مردانه پاک نهاد مدل زارا رنگ: سفید، سایز: 42,3049200,5082000,Commodity,"Approved, Online Payment, Bank Payment, Cash On Delivery, Shipping Required",0,84410016042,,,,,,
112524349,171046361,کفش اسپرت مردانه پاک نهاد مدل زارا رنگ: سفید، سایز: 41,3049200,5082000,Commodity,"Approved, Online Payment, Bank Payment, Cash On Delivery, Shipping Required",1,84410016041,,,,,,
112524348,171046361,کفش اسپرت مردانه پاک نهاد مدل زارا رنگ: سفید، سایز: 40,3049200,5082000,Commodity,"Approved, Online Payment, Bank Payment, Cash On Delivery, Shipping Required",1,84410016040,,,,,,
112524315,171046360,کفش اسپرت مردانه پاک نهاد مدل زارا رنگ: مشکی، سایز: 44,3049200,5082000,Commodity,"Approved, Online Payment, Bank Payment, Cash On Delivery, Shipping Required",0,84410001044,,,,,,
112524314,171046360,کفش اسپرت مردانه پاک نهاد مدل زارا رنگ: مشکی، سایز: 43,3049200,5082000,Commodity,"Approved, Online Payment, Bank Payment, Cash On Delivery, Shipping Required",0,84410001043,,,,,,
112524313,171046360,کفش اسپرت مردانه پاک نهاد مدل زارا رنگ: مشکی، سایز: 42,3049200,5082000,Commodity,"Approved, Online Payment, Bank Payment, Cash On Delivery, Shipping Required",0,84410001042,,,,,,
112524312,171046360,کفش اسپرت مردانه پاک نهاد مدل زارا رنگ: مشکی، سایز: 41,3049200,5082000,Commodity,"Approved, Online Payment, Bank Payment, Cash On Delivery, Shipping Required",1,84410001041,,,,,,
112524311,171046360,کفش اسپرت مردانه پاک نهاد مدل زارا رنگ: مشکی، سایز: 40,3049200,5082000,Commodity,"Approved, Online Payment, Bank Payment, Cash On Delivery, Shipping Required",0,84410001040,,,,,,
112522952,171044401,کفش اسپرت مردانه پاک نهاد مدل F2 رنگ: مشکی، سایز: 44,3049200,5082000,Commodity,"Approved, Online Payment, Bank Payment, Cash On Delivery, Shipping Required",2,84430001044,,,,,,
112522951,171044401,کفش اسپرت مردانه پاک نهاد مدل F2 رنگ: مشکی، سایز: 43,3049200,5082000,Commodity,"Approved, Online Payment, Bank Payment, Cash On Delivery, Shipping Required",2,84430001043,,,,,,
112522950,171044401,کفش اسپرت مردانه پاک نهاد مدل F2 رنگ: مشکی، سایز: 42,3049200,5082000,Commodity,"Approved, Online Payment, Bank Payment, Cash On Delivery, Shipping Required",1,84430001042,,,,,,
112522949,171044401,کفش اسپرت مردانه پاک نهاد مدل F2 رنگ: مشکی، سایز: 41,3049200,5082000,Commodity,"Approved, Online Payment, Bank Payment, Cash On Delivery, Shipping Required",0,84430001041,,,,,,
112522948,171044401,کفش اسپرت مردانه پاک نهاد مدل F2 رنگ: مشکی، سایز: 40,3049200,5082000,Commodity,"Approved, Online Payment, Bank Payment, Cash On Delivery, Shipping Required",2,84430001040,,,,,,
112522929,171044248,کفش اسپرت مردانه پاک نهاد مدل کت رنگ: مشکی، سایز: 44,3049200,5082000,Commodity,"Approved, Online Payment, Bank Payment, Cash On Delivery, Shipping Required",2,84400001044,,,,,,
112522928,171044248,کفش اسپرت مردانه پاک نهاد مدل کت رنگ: مشکی، سایز: 43,3049200,5082000,Commodity,"Approved, Online Payment, Bank Payment, Cash On Delivery, Shipping Required",2,84400001043,,,,,,
112522927,171044248,کفش اسپرت مردانه پاک نهاد مدل کت رنگ: مشکی، سایز: 42,3049200,5082000,Commodity,"Approved, Online Payment, Bank Payment, Cash On Delivery, Shipping Required",0,84400001042,,,,,,
112522926,171044248,کفش اسپرت مردانه پاک نهاد مدل کت رنگ: مشکی، سایز: 41,3049200,5082000,Commodity,"Approved, Online Payment, Bank Payment, Cash On Delivery, Shipping Required",2,84400001041,,,,,,
112522925,171044248,کفش اسپرت مردانه پاک نهاد مدل کت رنگ: مشکی، سایز: 40,3049200,5082000,Commodity,"Approved, Online Payment, Bank Payment, Cash On Delivery, Shipping Required",2,84400001040,,,,,,
112522889,171044247,کفش اسپرت مردانه پاک نهاد مدل F2 رنگ: سفید، سایز: 44,3049200,5082000,Commodity,"Approved, Online Payment, Bank Payment, Cash On Delivery, Shipping Required",1,84430016044,,,,,,
112522888,171044247,کفش اسپرت مردانه پاک نهاد مدل F2 رنگ: سفید، سایز: 43,3049200,5082000,Commodity,"Approved, Online Payment, Bank Payment, Cash On Delivery, Shipping Required",1,84430016043,,,,,,
112522887,171044247,کفش اسپرت مردانه پاک نهاد مدل F2 رنگ: سفید، سایز: 42,3049200,5082000,Commodity,"Approved, Online Payment, Bank Payment, Cash On Delivery, Shipping Required",0,84430016042,,,,,,
112522886,171044247,کفش اسپرت مردانه پاک نهاد مدل F2 رنگ: سفید، سایز: 41,3049200,5082000,Commodity,"Approved, Online Payment, Bank Payment, Cash On Delivery, Shipping Required",2,84430016041,,,,,,
112522885,171044247,کفش اسپرت مردانه پاک نهاد مدل F2 رنگ: سفید، سایز: 40,3049200,5082000,Commodity,"Approved, Online Payment, Bank Payment, Cash On Delivery, Shipping Required",0,84430016040,,,,,,
112479138,170946914,کفش اسپرت مردانه پاک نهاد مدل ونس رنگ: سرمه ای، سایز: 44,3114540,5190900,Commodity,"Approved, Online Payment, Bank Payment, Cash On Delivery, Shipping Required",1,84530007044,,,,,,
112479137,170946914,کفش اسپرت مردانه پاک نهاد مدل ونس رنگ: سرمه ای، سایز: 43,3114540,5190900,Commodity,"Approved, Online Payment, Bank Payment, Cash On Delivery, Shipping Required",1,84530007043,,,,,,
112479136,170946914,کفش اسپرت مردانه پاک نهاد مدل ونس رنگ: سرمه ای، سایز: 42,3114540,5190900,Commodity,"Approved, Online Payment, Bank Payment, Cash On Delivery, Shipping Required",0,84530007042,,,,,,
112479135,170946914,کفش اسپرت مردانه پاک نهاد مدل ونس رنگ: سرمه ای، سایز: 41,3114540,5190900,Commodity,"Approved, Online Payment, Bank Payment, Cash On Delivery, Shipping Required",2,84530007041,,,,,,
112479134,170946914,کفش اسپرت مردانه پاک نهاد مدل ونس رنگ: سرمه ای، سایز: 40,3114540,5190900,Commodity,"Approved, Online Payment, Bank Payment, Cash On Delivery, Shipping Required",1,84530007040,,,,,,
112479106,170946819,کفش اسپرت مردانه پاک نهاد مدل ونس رنگ: مشکی، سایز: 44,3114540,5190900,Commodity,"Approved, Online Payment, Bank Payment, Cash On Delivery, Shipping Required",0,84530001044,,,,,,
112479105,170946819,کفش اسپرت مردانه پاک نهاد مدل ونس رنگ: مشکی، سایز: 43,3114540,5190900,Commodity,"Approved, Online Payment, Bank Payment, Cash On Delivery, Shipping Required",0,84530001043,,,,,,
112479104,170946819,کفش اسپرت مردانه پاک نهاد مدل ونس رنگ: مشکی، سایز: 42,3114540,5190900,Commodity,"Approved, Online Payment, Bank Payment, Cash On Delivery, Shipping Required",0,84530001042,,,,,,
112479103,170946819,کفش اسپرت مردانه پاک نهاد مدل ونس رنگ: مشکی، سایز: 41,3114540,5190900,Commodity,"Approved, Online Payment, Bank Payment, Cash On Delivery, Shipping Required",1,84530001041,,,,,,
112479102,170946819,کفش اسپرت مردانه پاک نهاد مدل ونس رنگ: مشکی، سایز: 40,3114540,5190900,Commodity,"Approved, Online Payment, Bank Payment, Cash On Delivery, Shipping Required",2,84530001040,,,,,,
112479072,170946648,کفش اسپرت مردانه پاک نهاد مدل ونس رنگ: سفید، سایز: 44,3114540,5190900,Commodity,"Approved, Online Payment, Bank Payment, Cash On Delivery, Shipping Required",0,84530016044,,,,,,
112479071,170946648,کفش اسپرت مردانه پاک نهاد مدل ونس رنگ: سفید، سایز: 43,3114540,5190900,Commodity,"Approved, Online Payment, Bank Payment, Cash On Delivery, Shipping Required",0,84530016043,,,,,,
112479070,170946648,کفش اسپرت مردانه پاک نهاد مدل ونس رنگ: سفید، سایز: 42,3114540,5190900,Commodity,"Approved, Online Payment, Bank Payment, Cash On Delivery, Shipping Required",1,84530016042,,,,,,
112479069,170946648,کفش اسپرت مردانه پاک نهاد مدل ونس رنگ: سفید، سایز: 41,3114540,5190900,Commodity,"Approved, Online Payment, Bank Payment, Cash On Delivery, Shipping Required",2,84530016041,,,,,,
112479068,170946648,کفش اسپرت مردانه پاک نهاد مدل ونس رنگ: سفید، سایز: 40,3114540,5190900,Commodity,"Approved, Online Payment, Bank Payment, Cash On Delivery, Shipping Required",0,84530016040,,,,,,
112478988,170946646,کفش اسپرت مردانه پاک نهاد مدل ونس 1 رنگ: مشکی، سایز: 44,3158100,5263500,Commodity,"Approved, Online Payment, Bank Payment, Cash On Delivery, Shipping Required",1,84510001044,,,,,,
112478987,170946646,کفش اسپرت مردانه پاک نهاد مدل ونس 1 رنگ: مشکی، سایز: 43,3158100,5263500,Commodity,"Approved, Online Payment, Bank Payment, Cash On Delivery, Shipping Required",2,84510001043,,,,,,
112478986,170946646,کفش اسپرت مردانه پاک نهاد مدل ونس 1 رنگ: مشکی، سایز: 42,3158100,5263500,Commodity,"Approved, Online Payment, Bank Payment, Cash On Delivery, Shipping Required",0,84510001042,,,,,,
112478985,170946646,کفش اسپرت مردانه پاک نهاد مدل ونس 1 رنگ: مشکی، سایز: 41,3158100,5263500,Commodity,"Approved, Online Payment, Bank Payment, Cash On Delivery, Shipping Required",1,84510001041,,,,,,
112478984,170946646,کفش اسپرت مردانه پاک نهاد مدل ونس 1 رنگ: مشکی، سایز: 40,3158100,5263500,Commodity,"Approved, Online Payment, Bank Payment, Cash On Delivery, Shipping Required",1,84510001040,,,,,,
112478953,170946573,کفش اسپرت مردانه پاک نهاد مدل پالرمو رنگ: مشکی زیره سفید، سایز: 44,3267000,5445000,Commodity,"Approved, Online Payment, Bank Payment, Cash On Delivery, Shipping Required",0,84568521044,,,,,,
112478952,170946573,کفش اسپرت مردانه پاک نهاد مدل پالرمو رنگ: مشکی زیره سفید، سایز: 43,3267000,5445000,Commodity,"Approved, Online Payment, Bank Payment, Cash On Delivery, Shipping Required",1,84568521043,,,,,,
112478951,170946573,کفش اسپرت مردانه پاک نهاد مدل پالرمو رنگ: مشکی زیره سفید، سایز: 42,3267000,5445000,Commodity,"Approved, Online Payment, Bank Payment, Cash On Delivery, Shipping Required",2,84568521042,,,,,,
112478950,170946573,کفش اسپرت مردانه پاک نهاد مدل پالرمو رنگ: مشکی زیره سفید، سایز: 41,3267000,5445000,Commodity,"Approved, Online Payment, Bank Payment, Cash On Delivery, Shipping Required",2,84568521041,,,,,,
112478949,170946573,کفش اسپرت مردانه پاک نهاد مدل پالرمو رنگ: مشکی زیره سفید، سایز: 40,3267000,5445000,Commodity,"Approved, Online Payment, Bank Payment, Cash On Delivery, Shipping Required",0,84568521040,,,,,,
112478939,170946524,کفش اسپرت مردانه پاک نهاد مدل پالرمو رنگ: سفید، سایز: 44,3267000,5445000,Commodity,"Approved, Online Payment, Bank Payment, Cash On Delivery, Shipping Required",1,84560016044,,,,,,
112478938,170946524,کفش اسپرت مردانه پاک نهاد مدل پالرمو رنگ: سفید، سایز: 43,3267000,5445000,Commodity,"Approved, Online Payment, Bank Payment, Cash On Delivery, Shipping Required",1,84560016043,,,,,,
112478937,170946524,کفش اسپرت مردانه پاک نهاد مدل پالرمو رنگ: سفید، سایز: 42,3267000,5445000,Commodity,"Approved, Online Payment, Bank Payment, Cash On Delivery, Shipping Required",1,84560016042,,,,,,
112478936,170946524,کفش اسپرت مردانه پاک نهاد مدل پالرمو رنگ: سفید، سایز: 41,3267000,5445000,Commodity,"Approved, Online Payment, Bank Payment, Cash On Delivery, Shipping Required",1,84560016041,,,,,,
112478935,170946524,کفش اسپرت مردانه پاک نهاد مدل پالرمو رنگ: سفید، سایز: 40,3267000,5445000,Commodity,"Approved, Online Payment, Bank Payment, Cash On Delivery, Shipping Required",1,84560016040,,,,,,
112478913,170945444,کفش اسپرت مردانه پاک نهاد مدل پالرمو رنگ: مشکی، سایز: 44,3267000,5445000,Commodity,"Approved, Online Payment, Bank Payment, Cash On Delivery, Shipping Required",0,84560001044,,,,,,
112478912,170945444,کفش اسپرت مردانه پاک نهاد مدل پالرمو رنگ: مشکی، سایز: 43,3267000,5445000,Commodity,"Approved, Online Payment, Bank Payment, Cash On Delivery, Shipping Required",0,84560001043,,,,,,
112478911,170945444,کفش اسپرت مردانه پاک نهاد مدل پالرمو رنگ: مشکی، سایز: 42,3267000,5445000,Commodity,"Approved, Online Payment, Bank Payment, Cash On Delivery, Shipping Required",2,84560001042,,,,,,
112478910,170945444,کفش اسپرت مردانه پاک نهاد مدل پالرمو رنگ: مشکی، سایز: 41,3267000,5445000,Commodity,"Approved, Online Payment, Bank Payment, Cash On Delivery, Shipping Required",2,84560001041,,,,,,
112478909,170945444,کفش اسپرت مردانه پاک نهاد مدل پالرمو رنگ: مشکی، سایز: 40,3267000,5445000,Commodity,"Approved, Online Payment, Bank Payment, Cash On Delivery, Shipping Required",1,84560001040,,,,,,
112478618,170945390,کفش اسپرت مردانه پاک نهاد مدل پالرمو رنگ: سبز، سایز: 44,3267000,5445000,Commodity,"Approved, Online Payment, Bank Payment, Cash On Delivery, Shipping Required",0,84560013044,,,,,,
112478617,170945390,کفش اسپرت مردانه پاک نهاد مدل پالرمو رنگ: سبز، سایز: 43,3267000,5445000,Commodity,"Approved, Online Payment, Bank Payment, Cash On Delivery, Shipping Required",2,84560013043,,,,,,
112478616,170945390,کفش اسپرت مردانه پاک نهاد مدل پالرمو رنگ: سبز، سایز: 42,3267000,5445000,Commodity,"Approved, Online Payment, Bank Payment, Cash On Delivery, Shipping Required",0,84560013042,,,,,,
112478615,170945390,کفش اسپرت مردانه پاک نهاد مدل پالرمو رنگ: سبز، سایز: 41,3267000,5445000,Commodity,"Approved, Online Payment, Bank Payment, Cash On Delivery, Shipping Required",1,84560013041,,,,,,
112478614,170945390,کفش اسپرت مردانه پاک نهاد مدل پالرمو رنگ: سبز، سایز: 40,3267000,5445000,Commodity,"Approved, Online Payment, Bank Payment, Cash On Delivery, Shipping Required",1,84560013040,,,,,,
112450863,170877434,کفش اسپرت زنانه زاپا مدل ST1 رنگ: عسلی، سایز: 40,2722500,4537500,Commodity,"Approved, Online Payment, Bank Payment, Cash On Delivery, Shipping Required",2,83470027040,,,,,,
112450862,170877434,کفش اسپرت زنانه زاپا مدل ST1 رنگ: عسلی، سایز: 39,2722500,4537500,Commodity,"Approved, Online Payment, Bank Payment, Cash On Delivery, Shipping Required",2,83470027021,,,,,,
112450861,170877434,کفش اسپرت زنانه زاپا مدل ST1 رنگ: عسلی، سایز: 38,2722500,4537500,Commodity,"Approved, Online Payment, Bank Payment, Cash On Delivery, Shipping Required",3,83470027019,,,,,,
112450860,170877434,کفش اسپرت زنانه زاپا مدل ST1 رنگ: عسلی، سایز: 37,2722500,4537500,Commodity,"Approved, Online Payment, Bank Payment, Cash On Delivery, Shipping Required",2,83470027017,,,,,,
112450859,170877434,کفش اسپرت زنانه زاپا مدل ST1 رنگ: عسلی، سایز: 36,2722500,4537500,Commodity,"Approved, Online Payment, Bank Payment, Cash On Delivery, Shipping Required",1,83470027015,,,,,,
112450815,170877307,کفش اسپرت زنانه زاپا مدل ST1 رنگ: قرمز، سایز: 40,2722500,4537500,Commodity,"Approved, Online Payment, Bank Payment, Cash On Delivery, Shipping Required",2,83470004040,,,,,,
112450814,170877307,کفش اسپرت زنانه زاپا مدل ST1 رنگ: قرمز، سایز: 39,2722500,4537500,Commodity,"Approved, Online Payment, Bank Payment, Cash On Delivery, Shipping Required",1,83470004021,,,,,,
112450813,170877307,کفش اسپرت زنانه زاپا مدل ST1 رنگ: قرمز، سایز: 38,2722500,4537500,Commodity,"Approved, Online Payment, Bank Payment, Cash On Delivery, Shipping Required",3,83470004019,,,,,,
112450812,170877307,کفش اسپرت زنانه زاپا مدل ST1 رنگ: قرمز، سایز: 37,2722500,4537500,Commodity,"Approved, Online Payment, Bank Payment, Cash On Delivery, Shipping Required",2,83470004017,,,,,,
112450811,170877307,کفش اسپرت زنانه زاپا مدل ST1 رنگ: قرمز، سایز: 36,2722500,4537500,Commodity,"Approved, Online Payment, Bank Payment, Cash On Delivery, Shipping Required",2,83470004015,,,,,,
112450757,170877255,کفش اسپرت زنانه زاپا مدل ST1 رنگ: طوسی، سایز: 40,2722500,4537500,Commodity,"Approved, Online Payment, Bank Payment, Cash On Delivery, Shipping Required",1,83470017040,,,,,,
112450756,170877255,کفش اسپرت زنانه زاپا مدل ST1 رنگ: طوسی، سایز: 39,2722500,4537500,Commodity,"Approved, Online Payment, Bank Payment, Cash On Delivery, Shipping Required",2,83470017021,,,,,,
112450755,170877255,کفش اسپرت زنانه زاپا مدل ST1 رنگ: طوسی، سایز: 38,2722500,4537500,Commodity,"Approved, Online Payment, Bank Payment, Cash On Delivery, Shipping Required",3,83470017019,,,,,,
112450754,170877255,کفش اسپرت زنانه زاپا مدل ST1 رنگ: طوسی، سایز: 37,2722500,4537500,Commodity,"Approved, Online Payment, Bank Payment, Cash On Delivery, Shipping Required",2,83470017017,,,,,,
112450753,170877255,کفش اسپرت زنانه زاپا مدل ST1 رنگ: طوسی، سایز: 36,2722500,4537500,Commodity,"Approved, Online Payment, Bank Payment, Cash On Delivery, Shipping Required",1,83470017015,,,,,,
112450742,170877259,کفش اسپرت زنانه زاپا مدل ST1 رنگ: سفید، سایز: 40,2722500,4537500,Commodity,"Approved, Online Payment, Bank Payment, Cash On Delivery, Shipping Required",0,83470016040,,,,,,
112450741,170877259,کفش اسپرت زنانه زاپا مدل ST1 رنگ: سفید، سایز: 39,2722500,4537500,Commodity,"Approved, Online Payment, Bank Payment, Cash On Delivery, Shipping Required",1,83470016021,,,,,,
112450740,170877259,کفش اسپرت زنانه زاپا مدل ST1 رنگ: سفید، سایز: 38,2722500,4537500,Commodity,"Approved, Online Payment, Bank Payment, Cash On Delivery, Shipping Required",1,83470016019,,,,,,
112450739,170877259,کفش اسپرت زنانه زاپا مدل ST1 رنگ: سفید، سایز: 37,2722500,4537500,Commodity,"Approved, Online Payment, Bank Payment, Cash On Delivery, Shipping Required",3,83470016017,,,,,,
112450738,170877259,کفش اسپرت زنانه زاپا مدل ST1 رنگ: سفید، سایز: 36,2722500,4537500,Commodity,"Approved, Online Payment, Bank Payment, Cash On Delivery, Shipping Required",1,83470016015,,,,,,
112445371,170867200,پالتو مردانه دبل برست رنگ زغالی,,,Commodity,Shipping Required,,,,,,,,
112445329,170867092,پالتو مردانه دبل برست رنگ سورمه ای,,,Commodity,Shipping Required,,,,,,,,
112445267,170867039,پالتو مردانه دو دکمه رسمی رنگ طوسی,,,Commodity,Shipping Required,,,,,,,,
112445085,170866662,کت وشلوار دیپلمات دودکمه با ژیله دورو رنگ سورمه ای روشن,,,Commodity,Shipping Required,,,,,,,,
112445071,170866639,کت و شلوار دیپلمات دبل برست رنگ سورمه ای,,,Commodity,Shipping Required,,,,,,,,
112445055,170866580,کت و شلواردیپلمات دو دکمه با ژیله دورو رنگ طوسی,,,Commodity,Shipping Required,,,,,,,,
112445044,170866572,کت و شلوار دیپلمات دو دکمه با ژیله دورو رنگ مشکی,,,Commodity,Shipping Required,,,,,,,,
112444992,170866391,کت وشلوارمردانه تک دکمه با ژیله دو رورنگ  آبی,,,Commodity,Shipping Required,,,,,,,,
112437825,170851612,کفش اسپرت زنانه ققنوس مدل 203 رنگ: مشکی، سایز: 40,2842290,4737150,Commodity,"Approved, Online Payment, Bank Payment, Cash On Delivery, Shipping Required",1,79970001040,,,,,,
112437824,170851612,کفش اسپرت زنانه ققنوس مدل 203 رنگ: مشکی، سایز: 39,2842290,4737150,Commodity,"Approved, Online Payment, Bank Payment, Cash On Delivery, Shipping Required",1,79970001021,,,,,,
112437823,170851612,کفش اسپرت زنانه ققنوس مدل 203 رنگ: مشکی، سایز: 38,2842290,4737150,Commodity,"Approved, Online Payment, Bank Payment, Cash On Delivery, Shipping Required",4,79970001019,,,,,,
112437822,170851612,کفش اسپرت زنانه ققنوس مدل 203 رنگ: مشکی، سایز: 37,2842290,4737150,Commodity,"Approved, Online Payment, Bank Payment, Cash On Delivery, Shipping Required",2,79970001017,,,,,,
112437821,170851612,کفش اسپرت زنانه ققنوس مدل 203 رنگ: مشکی، سایز: 36,2842290,4737150,Commodity,"Approved, Online Payment, Bank Payment, Cash On Delivery, Shipping Required",0,79970001015,,,,,,
112437691,170851515,کفش اسپرت زنانه ققنوس مدل 209 رنگ: مشکی، سایز: 40,2842290,4737150,Commodity,"Approved, Online Payment, Bank Payment, Cash On Delivery, Shipping Required",2,79960001040,,,,,,
112437690,170851515,کفش اسپرت زنانه ققنوس مدل 209 رنگ: مشکی، سایز: 39,2842290,4737150,Commodity,"Approved, Online Payment, Bank Payment, Cash On Delivery, Shipping Required",2,79960001021,,,,,,
112437689,170851515,کفش اسپرت زنانه ققنوس مدل 209 رنگ: مشکی، سایز: 38,2842290,4737150,Commodity,"Approved, Online Payment, Bank Payment, Cash On Delivery, Shipping Required",2,79960001019,,,,,,
112437688,170851515,کفش اسپرت زنانه ققنوس مدل 209 رنگ: مشکی، سایز: 37,2842290,4737150,Commodity,"Approved, Online Payment, Bank Payment, Cash On Delivery, Shipping Required",1,79960001017,,,,,,
112437687,170851515,کفش اسپرت زنانه ققنوس مدل 209 رنگ: مشکی، سایز: 36,2842290,4737150,Commodity,"Approved, Online Payment, Bank Payment, Cash On Delivery, Shipping Required",0,79960001015,,,,,,
112437020,170850253,کت و شلوار مردانه دبل برست رنگ سبز فیروزه ای,,,Commodity,Shipping Required,,,,,,,,
112437002,170850208,کت و شلوار مردانه دبل برست رنگ سبز یشمی,,,Commodity,Shipping Required,,,,,,,,
112436989,170850156,کت و شلوار مردانه دبل برست رنگ سفید,,,Commodity,Shipping Required,,,,,,,,
112436977,170850107,کت و شلوار مردانه دبل برست رنگ سورمه ای روشن,,,Commodity,Shipping Required,,,,,,,,
112436965,170850052,کت و شلوار مردانه دبل برست رنگ قهوه ای روشن,,,Commodity,Shipping Required,,,,,,,,
112436950,170850045,کت و شلوار مردانه دبل برست رنگ مشکی,,,Commodity,Shipping Required,,,,,,,,
112436662,170849369,کاپشن چرم مردانه چرم تبریز کد 1 سایز: 4 ایکس لارج,8432200,12046000,Commodity,"Approved, Online Payment, Bank Payment, Cash On Delivery, Shipping Required",0,,,,,,,
112436661,170849369,کاپشن چرم مردانه چرم تبریز کد 1 سایز: 3 ایکس لارج,8432200,12046000,Commodity,"Approved, Online Payment, Bank Payment, Cash On Delivery, Shipping Required",1,,,,,,,
112436660,170849369,کاپشن چرم مردانه چرم تبریز کد 1 سایز: 2 ایکس لارج,8432200,12046000,Commodity,"Approved, Online Payment, Bank Payment, Cash On Delivery, Shipping Required",1,,,,,,,
112436659,170849369,کاپشن چرم مردانه چرم تبریز کد 1 سایز: ایکس لارج,8432200,12046000,Commodity,"Approved, Online Payment, Bank Payment, Cash On Delivery, Shipping Required",0,,,,,,,
112436658,170849369,کاپشن چرم مردانه چرم تبریز کد 1 سایز: لارج,8432200,12046000,Commodity,"Approved, Online Payment, Bank Payment, Cash On Delivery, Shipping Required",1,,,,,,,
112436657,170849369,کاپشن چرم مردانه چرم تبریز کد 1 سایز: مدیوم,8432200,12046000,Commodity,"Approved, Online Payment, Bank Payment, Cash On Delivery, Shipping Required",0,,,,,,,
112436637,170849364,کاپشن چرم مردانه چرم تبریز کد 1 سایز: 4 ایکس لارج,8432200,12046000,Commodity,"Approved, Online Payment, Bank Payment, Cash On Delivery, Shipping Required",0,,,,,,,
112436636,170849364,کاپشن چرم مردانه چرم تبریز کد 1 سایز: 3 ایکس لارج,8432200,12046000,Commodity,"Approved, Online Payment, Bank Payment, Cash On Delivery, Shipping Required",0,,,,,,,
112436635,170849364,کاپشن چرم مردانه چرم تبریز کد 1 سایز: 2 ایکس لارج,8432200,12046000,Commodity,"Approved, Online Payment, Bank Payment, Cash On Delivery, Shipping Required",0,,,,,,,
112436634,170849364,کاپشن چرم مردانه چرم تبریز کد 1 سایز: ایکس لارج,8432200,12046000,Commodity,"Approved, Online Payment, Bank Payment, Cash On Delivery, Shipping Required",0,,,,,,,
112436633,170849364,کاپشن چرم مردانه چرم تبریز کد 1 سایز: لارج,8432200,12046000,Commodity,"Approved, Online Payment, Bank Payment, Cash On Delivery, Shipping Required",1,,,,,,,
112436632,170849364,کاپشن چرم مردانه چرم تبریز کد 1 سایز: مدیوم,8432200,12046000,Commodity,"Approved, Online Payment, Bank Payment, Cash On Delivery, Shipping Required",1,,,,,,,
112436618,170849312,کاپشن چرم مردانه چرم تبریز کد 1 سایز: 4 ایکس لارج,8432200,12046000,Commodity,"Approved, Online Payment, Bank Payment, Cash On Delivery, Shipping Required",0,,,,,,,
112436617,170849312,کاپشن چرم مردانه چرم تبریز کد 1 سایز: 3 ایکس لارج,8432200,12046000,Commodity,"Approved, Online Payment, Bank Payment, Cash On Delivery, Shipping Required",0,,,,,,,
112436616,170849312,کاپشن چرم مردانه چرم تبریز کد 1 سایز: 2 ایکس لارج,8432200,12046000,Commodity,"Approved, Online Payment, Bank Payment, Cash On Delivery, Shipping Required",0,,,,,,,
112436615,170849312,کاپشن چرم مردانه چرم تبریز کد 1 سایز: ایکس لارج,8432200,12046000,Commodity,"Approved, Online Payment, Bank Payment, Cash On Delivery, Shipping Required",0,,,,,,,
112436614,170849312,کاپشن چرم مردانه چرم تبریز کد 1 سایز: لارج,8432200,12046000,Commodity,"Approved, Online Payment, Bank Payment, Cash On Delivery, Shipping Required",0,,,,,,,
112436613,170849312,کاپشن چرم مردانه چرم تبریز کد 1 سایز: مدیوم,8432200,12046000,Commodity,"Approved, Online Payment, Bank Payment, Cash On Delivery, Shipping Required",3,,,,,,,
112436595,170849210,کاپشن چرم مردانه چرم تبریز کد 1 سایز: 4 ایکس لارج,8432200,12046000,Commodity,"Approved, Online Payment, Bank Payment, Cash On Delivery, Shipping Required",0,,,,,,,
112436594,170849210,کاپشن چرم مردانه چرم تبریز کد 1 سایز: 3 ایکس لارج,8432200,12046000,Commodity,"Approved, Online Payment, Bank Payment, Cash On Delivery, Shipping Required",0,,,,,,,
112436593,170849210,کاپشن چرم مردانه چرم تبریز کد 1 سایز: 2 ایکس لارج,8432200,12046000,Commodity,"Approved, Online Payment, Bank Payment, Cash On Delivery, Shipping Required",1,,,,,,,
112436592,170849210,کاپشن چرم مردانه چرم تبریز کد 1 سایز: ایکس لارج,8432200,12046000,Commodity,"Approved, Online Payment, Bank Payment, Cash On Delivery, Shipping Required",2,,,,,,,
112436591,170849210,کاپشن چرم مردانه چرم تبریز کد 1 سایز: لارج,8432200,12046000,Commodity,"Approved, Online Payment, Bank Payment, Cash On Delivery, Shipping Required",1,,,,,,,
112436590,170849210,کاپشن چرم مردانه چرم تبریز کد 1 سایز: مدیوم,8432200,12046000,Commodity,"Approved, Online Payment, Bank Payment, Cash On Delivery, Shipping Required",1,,,,,,,
112436551,170849097,کت و شلوار مردانه ژیله دورو رنگ زغالی,0,,Commodity,Shipping Required,,,,,,,,
112428255,170654578,کیف مجلسی زنانه پارینه چرم مدل V228 رنگ: مشکی فلوتر,3880800,5544000,Commodity,"Approved, Online Payment, Bank Payment, Cash On Delivery, Shipping Required",1,62010038000,,,,,,
112427263,170828794,کت و شلوار مردانه با ژیله دورو رنگ کرم,0,,Commodity,Shipping Required,,,,,,,,
112427252,170828787,کت و شلوار مردانه با ژیله دورو رنگ مشکی,0,,Commodity,Shipping Required,,,,,,,,
112412002,170796509,کاپشن چرم مردانه چرم تبریز کد 1 سایز: 4 ایکس لارج,8432200,12046000,Commodity,"Approved, Online Payment, Bank Payment, Cash On Delivery, Shipping Required",2,,,,,,,
112412001,170796509,کاپشن چرم مردانه چرم تبریز کد 1 سایز: 3 ایکس لارج,8432200,12046000,Commodity,"Approved, Online Payment, Bank Payment, Cash On Delivery, Shipping Required",2,,,,,,,
112412000,170796509,کاپشن چرم مردانه چرم تبریز کد 1 سایز: 2 ایکس لارج,8432200,12046000,Commodity,"Approved, Online Payment, Bank Payment, Cash On Delivery, Shipping Required",0,,,,,,,
112411999,170796509,کاپشن چرم مردانه چرم تبریز کد 1 سایز: ایکس لارج,8432200,12046000,Commodity,"Approved, Online Payment, Bank Payment, Cash On Delivery, Shipping Required",1,,,,,,,
112411998,170796509,کاپشن چرم مردانه چرم تبریز کد 1 سایز: لارج,8432200,12046000,Commodity,"Approved, Online Payment, Bank Payment, Cash On Delivery, Shipping Required",2,,,,,,,
112411997,170796509,کاپشن چرم مردانه چرم تبریز کد 1 سایز: مدیوم,8432200,12046000,Commodity,"Approved, Online Payment, Bank Payment, Cash On Delivery, Shipping Required",1,,,,,,,
112411756,170796032,کاپشن چرم مردانه چرم تبریز کد 1 سایز: 4 ایکس لارج,8432200,12046000,Commodity,"Approved, Online Payment, Bank Payment, Cash On Delivery, Shipping Required",0,,,,,,,
112411755,170796032,کاپشن چرم مردانه چرم تبریز کد 1 سایز: 3 ایکس لارج,8432200,12046000,Commodity,"Approved, Online Payment, Bank Payment, Cash On Delivery, Shipping Required",1,,,,,,,
112411754,170796032,کاپشن چرم مردانه چرم تبریز کد 1 سایز: 2 ایکس لارج,8432200,12046000,Commodity,"Approved, Online Payment, Bank Payment, Cash On Delivery, Shipping Required",1,,,,,,,
112411753,170796032,کاپشن چرم مردانه چرم تبریز کد 1 سایز: ایکس لارج,8432200,12046000,Commodity,"Approved, Online Payment, Bank Payment, Cash On Delivery, Shipping Required",1,,,,,,,
112411752,170796032,کاپشن چرم مردانه چرم تبریز کد 1 سایز: لارج,8432200,12046000,Commodity,"Approved, Online Payment, Bank Payment, Cash On Delivery, Shipping Required",0,,,,,,,
112411751,170796032,کاپشن چرم مردانه چرم تبریز کد 1 سایز: مدیوم,8432200,12046000,Commodity,"Approved, Online Payment, Bank Payment, Cash On Delivery, Shipping Required",2,,,,,,,
112402067,169329795,کیف اداری چرم طبیعی مدل L181 رنگ: لزار عسلی,3874500,5535000,Commodity,"Approved, Online Payment, Bank Payment, Cash On Delivery, Shipping Required",1,79238767000,,,,,,
112393589,170760077,کت و شلوار مردانه دبل برست رنگ طوسی تیره,0,,Commodity,Shipping Required,,,,,,,,
112393581,170760072,کت و شلوار مردانه دبل برست رنگ سورمه ای,0,,Commodity,Shipping Required,,,,,,,,
112393568,170760067,کت و شلوار مردانه دبل برست رنگ کرم,0,,Commodity,Shipping Required,,,,,,,,
112385254,170744399,کت و شلوار مردانه دبل برست دیپلمات سورمه ای,0,,Commodity,Shipping Required,,,,,,,,
112364808,170704710,کاپشن چرم مردانه چرم تبریز کد 1 سایز: 4 ایکس لارج,8432200,12046000,Commodity,"Approved, Online Payment, Bank Payment, Cash On Delivery, Shipping Required",0,,,,,,,
112364807,170704710,کاپشن چرم مردانه چرم تبریز کد 1 سایز: 3 ایکس لارج,8432200,12046000,Commodity,"Approved, Online Payment, Bank Payment, Cash On Delivery, Shipping Required",0,,,,,,,
112364806,170704710,کاپشن چرم مردانه چرم تبریز کد 1 سایز: 2 ایکس لارج,8432200,12046000,Commodity,"Approved, Online Payment, Bank Payment, Cash On Delivery, Shipping Required",0,,,,,,,
112364805,170704710,کاپشن چرم مردانه چرم تبریز کد 1 سایز: ایکس لارج,8432200,12046000,Commodity,"Approved, Online Payment, Bank Payment, Cash On Delivery, Shipping Required",0,,,,,,,
112364804,170704710,کاپشن چرم مردانه چرم تبریز کد 1 سایز: لارج,8432200,12046000,Commodity,"Approved, Online Payment, Bank Payment, Cash On Delivery, Shipping Required",2,,,,,,,
112364803,170704710,کاپشن چرم مردانه چرم تبریز کد 1 سایز: مدیوم,8432200,12046000,Commodity,"Approved, Online Payment, Bank Payment, Cash On Delivery, Shipping Required",1,,,,,,,
112364775,170704641,کاپشن چرم مردانه چرم تبریز کد 1 سایز: 4 ایکس لارج,8432200,12046000,Commodity,"Approved, Online Payment, Bank Payment, Cash On Delivery, Shipping Required",0,,,,,,,
112364774,170704641,کاپشن چرم مردانه چرم تبریز کد 1 سایز: 3 ایکس لارج,8432200,12046000,Commodity,"Approved, Online Payment, Bank Payment, Cash On Delivery, Shipping Required",1,,,,,,,
112364773,170704641,کاپشن چرم مردانه چرم تبریز کد 1 سایز: 2 ایکس لارج,8432200,12046000,Commodity,"Approved, Online Payment, Bank Payment, Cash On Delivery, Shipping Required",0,,,,,,,
112364772,170704641,کاپشن چرم مردانه چرم تبریز کد 1 سایز: ایکس لارج,8432200,12046000,Commodity,"Approved, Online Payment, Bank Payment, Cash On Delivery, Shipping Required",0,,,,,,,
112364771,170704641,کاپشن چرم مردانه چرم تبریز کد 1 سایز: لارج,8432200,12046000,Commodity,"Approved, Online Payment, Bank Payment, Cash On Delivery, Shipping Required",1,,,,,,,
112364770,170704641,کاپشن چرم مردانه چرم تبریز کد 1 سایز: مدیوم,8432200,12046000,Commodity,"Approved, Online Payment, Bank Payment, Cash On Delivery, Shipping Required",0,,,,,,,
112364769,170704640,کاپشن چرم مردانه چرم تبریز کد 2 سایز: 4 ایکس لارج,9492700,13561000,Commodity,"Approved, Online Payment, Bank Payment, Cash On Delivery, Shipping Required",1,,,,,,,
112364768,170704640,کاپشن چرم مردانه چرم تبریز کد 2 سایز: 3 ایکس لارج,9492700,13561000,Commodity,"Approved, Online Payment, Bank Payment, Cash On Delivery, Shipping Required",1,,,,,,,
112364767,170704640,کاپشن چرم مردانه چرم تبریز کد 2 سایز: 2 ایکس لارج,9492700,13561000,Commodity,"Approved, Online Payment, Bank Payment, Cash On Delivery, Shipping Required",1,,,,,,,
112364766,170704640,کاپشن چرم مردانه چرم تبریز کد 2 سایز: ایکس لارج,9492700,13561000,Commodity,"Approved, Online Payment, Bank Payment, Cash On Delivery, Shipping Required",0,,,,,,,
112364765,170704640,کاپشن چرم مردانه چرم تبریز کد 2 سایز: لارج,9492700,13561000,Commodity,"Approved, Online Payment, Bank Payment, Cash On Delivery, Shipping Required",0,,,,,,,
112364764,170704640,کاپشن چرم مردانه چرم تبریز کد 2 سایز: مدیوم,9492700,13561000,Commodity,"Approved, Online Payment, Bank Payment, Cash On Delivery, Shipping Required",1,,,,,,,
112362868,170700869,کیف دستی زنانه پارینه چرم مدل 1879 رنگ: مشکی,2205000,3150000,Commodity,"Approved, Online Payment, Bank Payment, Cash On Delivery, Shipping Required",0,80920001000,,,,,,
112362862,170700849,کیف دستی زنانه پارینه چرم مدل 1827 رنگ: مشکی,2037000,2910000,Commodity,"Approved, Online Payment, Bank Payment, Cash On Delivery, Shipping Required",1,81030001000,,,,,,
112362764,170700630,کيف دستی زنانه پارينه چرم مدل 1516 رنگ: ویزون,2058000,2940000,Commodity,"Approved, Online Payment, Bank Payment, Cash On Delivery, Shipping Required",0,80148581000,,,,,,
112362733,170700495,کیف دستی زنانه پارینه چرم مدل 1644 رنگ: سرمه ای,1890000,2700000,Commodity,"Approved, Online Payment, Bank Payment, Cash On Delivery, Shipping Required",0,81070007000,,,,,,
112362489,170700047,کوله پشتي استار بگ مدل ZIMMER رنگ: مشکی,3987900,5697000,Commodity,"Approved, Online Payment, Bank Payment, Cash On Delivery, Shipping Required",1,84310001000,,,,,,
112362479,170700044,کوله پشتي استار بگ مدل ZIMMER رنگ: مولتی کالر,3987900,5697000,Commodity,"Approved, Online Payment, Bank Payment, Cash On Delivery, Shipping Required",1,84318786000,,,,,,
112362448,170700033,کوله پشتی استار بگ مدل BOSTON رنگ: طوسی,3903900,5577000,Commodity,"Approved, Online Payment, Bank Payment, Cash On Delivery, Shipping Required",0,82990017000,,,,,,
112362408,170699949,کوله پشتی استار بگ مدل BOSTON رنگ: بژ,3903900,5577000,Commodity,"Approved, Online Payment, Bank Payment, Cash On Delivery, Shipping Required",0,82998762000,,,,,,
112362344,170699807,کوله پشتي استار بگ مدل LORENZO رنگ: طوسی,3966900,5667000,Commodity,"Approved, Online Payment, Bank Payment, Cash On Delivery, Shipping Required",0,84330017000,,,,,,
112362332,170699758,کوله پشتي استار بگ مدل LORENZO رنگ: زیتونی,3966900,5667000,Commodity,"Approved, Online Payment, Bank Payment, Cash On Delivery, Shipping Required",1,84338578000,,,,,,
112362276,170699631,کوله پشتي استار بگ مدل LORENZO رنگ: سرمه ای,3966900,5667000,Commodity,"Approved, Online Payment, Bank Payment, Cash On Delivery, Shipping Required",0,84330007000,,,,,,
112362262,170699623,کوله پشتي استار بگ مدل LORENZO رنگ: مشکی,3966900,5667000,Commodity,"Approved, Online Payment, Bank Payment, Cash On Delivery, Shipping Required",0,84330001000,,,,,,
112362229,170699549,کوله پشتي استار بگ مدل MONT رنگ: سرمه ای,3924900,5607000,Commodity,"Approved, Online Payment, Bank Payment, Cash On Delivery, Shipping Required",1,83030007000,,,,,,
112362173,170699323,کوله پشتي استار بگ مدل MONT رنگ: زیتونی,3924900,5607000,Commodity,"Approved, Online Payment, Bank Payment, Cash On Delivery, Shipping Required",2,83038578000,,,,,,
112362044,170699031,کوله پشتي استار بگ مدل MONT رنگ: طوسی,3924900,5607000,Commodity,"Approved, Online Payment, Bank Payment, Cash On Delivery, Shipping Required",0,83030017000,,,,,,
112362011,170698912,کوله پشتي استار بگ مدل MONT رنگ: مشکی,3924900,5607000,Commodity,"Approved, Online Payment, Bank Payment, Cash On Delivery, Shipping Required",0,83030001000,,,,,,
112342347,170654964,کوله پشتي استار بگ مدل ALFA BACK PAK رنگ: طوسی,3735900,5337000,Commodity,"Approved, Online Payment, Bank Payment, Cash On Delivery, Shipping Required",0,84320017000,,,,,,
112342338,170654916,کوله پشتي استار بگ مدل ALFA BACK PAK رنگ: مشکی,3735900,5337000,Commodity,"Approved, Online Payment, Bank Payment, Cash On Delivery, Shipping Required",0,84320001000,,,,,,
112342332,170654908,کوله پشتي استار بگ مدل ALFA BACK PAK رنگ: مشکی ذغالی,3735900,5337000,Commodity,"Approved, Online Payment, Bank Payment, Cash On Delivery, Shipping Required",1,84328755000,,,,,,
112342284,170654835,کوله پشتي استار بگ مدل MARIO رنگ: مولتی کالر,4155900,5937000,Commodity,"Approved, Online Payment, Bank Payment, Cash On Delivery, Shipping Required",1,83018786000,,,,,,
112342278,170654808,کوله پشتی استار بگ مدل TIWAN رنگ: مشکی,3966900,5667000,Commodity,"Approved, Online Payment, Bank Payment, Cash On Delivery, Shipping Required",1,82980001000,,,,,,
112342265,170654805,کوله پشتی استار بگ مدل TIWAN رنگ: طوسی,3966900,5667000,Commodity,"Approved, Online Payment, Bank Payment, Cash On Delivery, Shipping Required",0,82980017000,,,,,,
112342261,170654803,کوله پشتی استار بگ مدل TIWAN رنگ: سرمه ای,3966900,5667000,Commodity,"Approved, Online Payment, Bank Payment, Cash On Delivery, Shipping Required",1,82980007000,,,,,,
112342199,170654587,کیف دستی زنانه پارینه چرم مدل 1916 رنگ: مشکی,2415000,3450000,Commodity,"Approved, Online Payment, Bank Payment, Cash On Delivery, Shipping Required",0,83710001000,,,,,,
112342155,170654491,کیف دستی زنانه پارینه چرم مدل V232 رنگ: مشکی,3885000,5550000,Commodity,"Approved, Online Payment, Bank Payment, Cash On Delivery, Shipping Required",0,62400057000,,,,,,
112342151,170654488,کیف مجلسی زنانه پارینه چرم مدل 1862 رنگ: مشکی,3003000,4290000,Commodity,"Approved, Online Payment, Bank Payment, Cash On Delivery, Shipping Required",2,80230001000,,,,,,
112342136,170654429,کیف مجلسی زنانه پارینه چرم مدل 1724 رنگ: مشکی,2205000,3150000,Commodity,"Approved, Online Payment, Bank Payment, Cash On Delivery, Shipping Required",0,78720001000,,,,,,
112341896,170415821,کیف اداری زنانه پارینه چرم مدل V223 رنگ: عسلی,3326400,4752000,Commodity,"Approved, Online Payment, Bank Payment, Cash On Delivery, Shipping Required",0,59560027000,,,,,,
112341894,170415871,کیف اداری زنانه پارینه چرم مدل V223 رنگ: مشکی,3326400,4752000,Commodity,"Approved, Online Payment, Bank Payment, Cash On Delivery, Shipping Required",1,59560001000,,,,,,
112341880,170415950,کیف اداری زنانه پارینه چرم مدل V223 رنگ: قهوه ای,3326400,4752000,Commodity,"Approved, Online Payment, Bank Payment, Cash On Delivery, Shipping Required",0,59560002000,,,,,,
112341817,170399667,کیف پول زنانه کهن چرم مدل LW50 رنگ: صورتی,1804670,2578100,Commodity,"Approved, Online Payment, Bank Payment, Cash On Delivery, Shipping Required",1,14150014000,,,,,,
112341816,170399693,کیف پول زنانه کهن چرم مدل LW50 رنگ: سرمه ای,1804670,2578100,Commodity,"Approved, Online Payment, Bank Payment, Cash On Delivery, Shipping Required",0,14150007000,,,,,,
112341807,170399695,کیف پول زنانه کهن چرم مدل LW50 رنگ: بنفش,1804670,2578100,Commodity,"Approved, Online Payment, Bank Payment, Cash On Delivery, Shipping Required",1,14150011000,,,,,,
112289089,170577544,کفش مردانه چرم طبیعی مدل پرادا ونس رنگ: سفید، سایز: 44,3702600,6171000,Commodity,"Approved, Online Payment, Bank Payment, Cash On Delivery, Shipping Required",2,83360016044,,,,,,
112289088,170577544,کفش مردانه چرم طبیعی مدل پرادا ونس رنگ: سفید، سایز: 43,3702600,6171000,Commodity,"Approved, Online Payment, Bank Payment, Cash On Delivery, Shipping Required",2,83360016043,,,,,,
112289087,170577544,کفش مردانه چرم طبیعی مدل پرادا ونس رنگ: سفید، سایز: 42,3702600,6171000,Commodity,"Approved, Online Payment, Bank Payment, Cash On Delivery, Shipping Required",2,83360016042,,,,,,
112289086,170577544,کفش مردانه چرم طبیعی مدل پرادا ونس رنگ: سفید، سایز: 41,3702600,6171000,Commodity,"Approved, Online Payment, Bank Payment, Cash On Delivery, Shipping Required",2,83360016041,,,,,,
112289085,170577544,کفش مردانه چرم طبیعی مدل پرادا ونس رنگ: سفید، سایز: 40,3702600,6171000,Commodity,"Approved, Online Payment, Bank Payment, Cash On Delivery, Shipping Required",2,83360016040,,,,,,
112289039,170577476,کفش مردانه مدل V3 رنگ: عسلی، سایز: 43,3049200,5082000,Commodity,"Approved, Online Payment, Bank Payment, Cash On Delivery, Shipping Required",1,84170027043,,,,,,
112289038,170577476,کفش مردانه مدل V3 رنگ: عسلی، سایز: 42,3049200,5082000,Commodity,"Approved, Online Payment, Bank Payment, Cash On Delivery, Shipping Required",0,84170027042,,,,,,
112289037,170577476,کفش مردانه مدل V3 رنگ: عسلی، سایز: 41,3049200,5082000,Commodity,"Approved, Online Payment, Bank Payment, Cash On Delivery, Shipping Required",0,84170027041,,,,,,
112289036,170577476,کفش مردانه مدل V3 رنگ: عسلی، سایز: 40,3049200,5082000,Commodity,"Approved, Online Payment, Bank Payment, Cash On Delivery, Shipping Required",0,84170027040,,,,,,
112288997,170577413,کفش طبی مردانه چرم طبیعی مدل S3 رنگ: عسلی، سایز: 44,3702600,6171000,Commodity,"Approved, Online Payment, Bank Payment, Cash On Delivery, Shipping Required",0,84040027044,,,,,,
112288996,170577413,کفش طبی مردانه چرم طبیعی مدل S3 رنگ: عسلی، سایز: 43,3702600,6171000,Commodity,"Approved, Online Payment, Bank Payment, Cash On Delivery, Shipping Required",0,84040027043,,,,,,
112288995,170577413,کفش طبی مردانه چرم طبیعی مدل S3 رنگ: عسلی، سایز: 42,3702600,6171000,Commodity,"Approved, Online Payment, Bank Payment, Cash On Delivery, Shipping Required",0,84040027042,,,,,,
112288994,170577413,کفش طبی مردانه چرم طبیعی مدل S3 رنگ: عسلی، سایز: 41,3702600,6171000,Commodity,"Approved, Online Payment, Bank Payment, Cash On Delivery, Shipping Required",1,84040027041,,,,,,
112288993,170577413,کفش طبی مردانه چرم طبیعی مدل S3 رنگ: عسلی، سایز: 40,3702600,6171000,Commodity,"Approved, Online Payment, Bank Payment, Cash On Delivery, Shipping Required",2,84040027040,,,,,,
112288973,170577355,کفش رسمی مردانه چرم طبیعی مدل 2079 رنگ: مشکی، سایز: 43,3920400,6534000,Commodity,"Approved, Online Payment, Bank Payment, Cash On Delivery, Shipping Required",1,84140001043,,,,,,
112288972,170577355,کفش رسمی مردانه چرم طبیعی مدل 2079 رنگ: مشکی، سایز: 42,3920400,6534000,Commodity,"Approved, Online Payment, Bank Payment, Cash On Delivery, Shipping Required",0,84140001042,,,,,,
112288971,170577355,کفش رسمی مردانه چرم طبیعی مدل 2079 رنگ: مشکی، سایز: 41,3920400,6534000,Commodity,"Approved, Online Payment, Bank Payment, Cash On Delivery, Shipping Required",0,84140001041,,,,,,
112288970,170577355,کفش رسمی مردانه چرم طبیعی مدل 2079 رنگ: مشکی، سایز: 40,3920400,6534000,Commodity,"Approved, Online Payment, Bank Payment, Cash On Delivery, Shipping Required",1,84140001040,,,,,,
112288927,170577290,کفش رسمی مردانه چرم طبیعی مدل آلفا رنگ: مشکی، سایز: 44,3702600,6171000,Commodity,"Approved, Online Payment, Bank Payment, Cash On Delivery, Shipping Required",0,84150001044,,,,,,
112288926,170577290,کفش رسمی مردانه چرم طبیعی مدل آلفا رنگ: مشکی، سایز: 43,3702600,6171000,Commodity,"Approved, Online Payment, Bank Payment, Cash On Delivery, Shipping Required",0,84150001043,,,,,,
112288925,170577290,کفش رسمی مردانه چرم طبیعی مدل آلفا رنگ: مشکی، سایز: 42,3702600,6171000,Commodity,"Approved, Online Payment, Bank Payment, Cash On Delivery, Shipping Required",0,84150001042,,,,,,
112288924,170577290,کفش رسمی مردانه چرم طبیعی مدل آلفا رنگ: مشکی، سایز: 41,3702600,6171000,Commodity,"Approved, Online Payment, Bank Payment, Cash On Delivery, Shipping Required",0,84150001041,,,,,,
112288923,170577290,کفش رسمی مردانه چرم طبیعی مدل آلفا رنگ: مشکی، سایز: 40,3702600,6171000,Commodity,"Approved, Online Payment, Bank Payment, Cash On Delivery, Shipping Required",2,84150001040,,,,,,
112288893,170577278,کفش طبی چرم طبیعی مدل S4 رنگ: مشکی، سایز: 42,3702600,6171000,Commodity,"Approved, Online Payment, Bank Payment, Cash On Delivery, Shipping Required",0,84070001042,,,,,,
112288892,170577278,کفش طبی چرم طبیعی مدل S4 رنگ: مشکی، سایز: 41,3702600,6171000,Commodity,"Approved, Online Payment, Bank Payment, Cash On Delivery, Shipping Required",0,84070001041,,,,,,
112288891,170577278,کفش طبی چرم طبیعی مدل S4 رنگ: مشکی، سایز: 40,3702600,6171000,Commodity,"Approved, Online Payment, Bank Payment, Cash On Delivery, Shipping Required",2,84070001040,,,,,,
112288871,170577256,کفش طبی چرم طبیعی مدل S3 رنگ: مشکی، سایز: 44,3702600,6171000,Commodity,"Approved, Online Payment, Bank Payment, Cash On Delivery, Shipping Required",0,84040001044,,,,,,
112288870,170577256,کفش طبی چرم طبیعی مدل S3 رنگ: مشکی، سایز: 43,3702600,6171000,Commodity,"Approved, Online Payment, Bank Payment, Cash On Delivery, Shipping Required",0,84040001043,,,,,,
112288869,170577256,کفش طبی چرم طبیعی مدل S3 رنگ: مشکی، سایز: 42,3702600,6171000,Commodity,"Approved, Online Payment, Bank Payment, Cash On Delivery, Shipping Required",0,84040001042,,,,,,
112288868,170577256,کفش طبی چرم طبیعی مدل S3 رنگ: مشکی، سایز: 41,3702600,6171000,Commodity,"Approved, Online Payment, Bank Payment, Cash On Delivery, Shipping Required",0,84040001041,,,,,,
112288867,170577256,کفش طبی چرم طبیعی مدل S3 رنگ: مشکی، سایز: 40,3702600,6171000,Commodity,"Approved, Online Payment, Bank Payment, Cash On Delivery, Shipping Required",0,84040001040,,,,,,
112288817,170577235,کفش رسمی چرم طبیعی مدل هشترگ سمپل رنگ: مشکی، سایز: 44,3484800,5808000,Commodity,"Approved, Online Payment, Bank Payment, Cash On Delivery, Shipping Required",0,83380001044,,,,,,
112288816,170577235,کفش رسمی چرم طبیعی مدل هشترگ سمپل رنگ: مشکی، سایز: 43,3484800,5808000,Commodity,"Approved, Online Payment, Bank Payment, Cash On Delivery, Shipping Required",0,83380001043,,,,,,
112288815,170577235,کفش رسمی چرم طبیعی مدل هشترگ سمپل رنگ: مشکی، سایز: 42,3484800,5808000,Commodity,"Approved, Online Payment, Bank Payment, Cash On Delivery, Shipping Required",0,83380001042,,,,,,
112288814,170577235,کفش رسمی چرم طبیعی مدل هشترگ سمپل رنگ: مشکی، سایز: 41,3484800,5808000,Commodity,"Approved, Online Payment, Bank Payment, Cash On Delivery, Shipping Required",2,83380001041,,,,,,
112288813,170577235,کفش رسمی چرم طبیعی مدل هشترگ سمپل رنگ: مشکی، سایز: 40,3484800,5808000,Commodity,"Approved, Online Payment, Bank Payment, Cash On Delivery, Shipping Required",2,83380001040,,,,,,
112288392,170577083,کفش رسمی چرم طبیعی مدل 52148 رنگ: مشکی، سایز: 44,3484800,5808000,Commodity,"Approved, Online Payment, Bank Payment, Cash On Delivery, Shipping Required",1,83430001044,,,,,,
112288391,170577083,کفش رسمی چرم طبیعی مدل 52148 رنگ: مشکی، سایز: 43,3484800,5808000,Commodity,"Approved, Online Payment, Bank Payment, Cash On Delivery, Shipping Required",0,83430001043,,,,,,
112288390,170577083,کفش رسمی چرم طبیعی مدل 52148 رنگ: مشکی، سایز: 42,3484800,5808000,Commodity,"Approved, Online Payment, Bank Payment, Cash On Delivery, Shipping Required",0,83430001042,,,,,,
112288389,170577083,کفش رسمی چرم طبیعی مدل 52148 رنگ: مشکی، سایز: 41,3484800,5808000,Commodity,"Approved, Online Payment, Bank Payment, Cash On Delivery, Shipping Required",0,83430001041,,,,,,
112288388,170577083,کفش رسمی چرم طبیعی مدل 52148 رنگ: مشکی، سایز: 40,3484800,5808000,Commodity,"Approved, Online Payment, Bank Payment, Cash On Delivery, Shipping Required",0,83430001040,,,,,,
112288369,170577019,کفش طبی چرم طبیعی مدل S5 رنگ: عسلی، سایز: 44,3702600,6171000,Commodity,"Approved, Online Payment, Bank Payment, Cash On Delivery, Shipping Required",1,84100027044,,,,,,
112288368,170577019,کفش طبی چرم طبیعی مدل S5 رنگ: عسلی، سایز: 43,3702600,6171000,Commodity,"Approved, Online Payment, Bank Payment, Cash On Delivery, Shipping Required",1,84100027043,,,,,,
112288367,170577019,کفش طبی چرم طبیعی مدل S5 رنگ: عسلی، سایز: 42,3702600,6171000,Commodity,"Approved, Online Payment, Bank Payment, Cash On Delivery, Shipping Required",3,84100027042,,,,,,
112288366,170577019,کفش طبی چرم طبیعی مدل S5 رنگ: عسلی، سایز: 41,3702600,6171000,Commodity,"Approved, Online Payment, Bank Payment, Cash On Delivery, Shipping Required",1,84100027041,,,,,,
112288365,170577019,کفش طبی چرم طبیعی مدل S5 رنگ: عسلی، سایز: 40,3702600,6171000,Commodity,"Approved, Online Payment, Bank Payment, Cash On Delivery, Shipping Required",0,84100027040,,,,,,
112263927,170536746,کفش رسمی چرم طبیعی مدل مارکو رنگ: مشکی، سایز: 44,3702600,6171000,Commodity,"Approved, Online Payment, Bank Payment, Cash On Delivery, Shipping Required",0,83420001044,,,,,,
112263926,170536746,کفش رسمی چرم طبیعی مدل مارکو رنگ: مشکی، سایز: 43,3702600,6171000,Commodity,"Approved, Online Payment, Bank Payment, Cash On Delivery, Shipping Required",0,83420001043,,,,,,
112263925,170536746,کفش رسمی چرم طبیعی مدل مارکو رنگ: مشکی، سایز: 42,3702600,6171000,Commodity,"Approved, Online Payment, Bank Payment, Cash On Delivery, Shipping Required",0,83420001042,,,,,,
112263924,170536746,کفش رسمی چرم طبیعی مدل مارکو رنگ: مشکی، سایز: 41,3702600,6171000,Commodity,"Approved, Online Payment, Bank Payment, Cash On Delivery, Shipping Required",0,83420001041,,,,,,
112263923,170536746,کفش رسمی چرم طبیعی مدل مارکو رنگ: مشکی، سایز: 40,3702600,6171000,Commodity,"Approved, Online Payment, Bank Payment, Cash On Delivery, Shipping Required",1,83420001040,,,,,,
112263897,170536683,کفش چرم طبیعی مدل سمپل بدون بند رنگ: مشکی، سایز: 44,3484800,5808000,Commodity,"Approved, Online Payment, Bank Payment, Cash On Delivery, Shipping Required",0,83370001044,,,,,,
112263896,170536683,کفش چرم طبیعی مدل سمپل بدون بند رنگ: مشکی، سایز: 43,3484800,5808000,Commodity,"Approved, Online Payment, Bank Payment, Cash On Delivery, Shipping Required",1,83370001043,,,,,,
112263895,170536683,کفش چرم طبیعی مدل سمپل بدون بند رنگ: مشکی، سایز: 42,3484800,5808000,Commodity,"Approved, Online Payment, Bank Payment, Cash On Delivery, Shipping Required",1,83370001042,,,,,,
112263894,170536683,کفش چرم طبیعی مدل سمپل بدون بند رنگ: مشکی، سایز: 41,3484800,5808000,Commodity,"Approved, Online Payment, Bank Payment, Cash On Delivery, Shipping Required",0,83370001041,,,,,,
112263893,170536683,کفش چرم طبیعی مدل سمپل بدون بند رنگ: مشکی، سایز: 40,3484800,5808000,Commodity,"Approved, Online Payment, Bank Payment, Cash On Delivery, Shipping Required",1,83370001040,,,,,,
112263874,170536641,کفش رسمی چرم طبیعی زیره نیولایت مدل 2151 رنگ: مشکی، سایز: 44,4791600,7986000,Commodity,"Approved, Online Payment, Bank Payment, Cash On Delivery, Shipping Required",0,83400001044,,,,,,
112263873,170536641,کفش رسمی چرم طبیعی زیره نیولایت مدل 2151 رنگ: مشکی، سایز: 43,4791600,7986000,Commodity,"Approved, Online Payment, Bank Payment, Cash On Delivery, Shipping Required",0,83400001043,,,,,,
112263872,170536641,کفش رسمی چرم طبیعی زیره نیولایت مدل 2151 رنگ: مشکی، سایز: 42,4791600,7986000,Commodity,"Approved, Online Payment, Bank Payment, Cash On Delivery, Shipping Required",0,83400001042,,,,,,
112263871,170536641,کفش رسمی چرم طبیعی زیره نیولایت مدل 2151 رنگ: مشکی، سایز: 41,4791600,7986000,Commodity,"Approved, Online Payment, Bank Payment, Cash On Delivery, Shipping Required",1,83400001041,,,,,,
112263870,170536641,کفش رسمی چرم طبیعی زیره نیولایت مدل 2151 رنگ: مشکی، سایز: 40,4791600,7986000,Commodity,"Approved, Online Payment, Bank Payment, Cash On Delivery, Shipping Required",0,83400001040,,,,,,
112263809,170536560,کفش طبی چرم طبیعی مدل s5 رنگ: مشکی، سایز: 44,3702600,6171000,Commodity,"Approved, Online Payment, Bank Payment, Cash On Delivery, Shipping Required",0,84100001044,,,,,,
112263808,170536560,کفش طبی چرم طبیعی مدل s5 رنگ: مشکی، سایز: 43,3702600,6171000,Commodity,"Approved, Online Payment, Bank Payment, Cash On Delivery, Shipping Required",0,84100001043,,,,,,
112263807,170536560,کفش طبی چرم طبیعی مدل s5 رنگ: مشکی، سایز: 42,3702600,6171000,Commodity,"Approved, Online Payment, Bank Payment, Cash On Delivery, Shipping Required",0,84100001042,,,,,,
112263806,170536560,کفش طبی چرم طبیعی مدل s5 رنگ: مشکی، سایز: 41,3702600,6171000,Commodity,"Approved, Online Payment, Bank Payment, Cash On Delivery, Shipping Required",0,84100001041,,,,,,
112263805,170536560,کفش طبی چرم طبیعی مدل s5 رنگ: مشکی، سایز: 40,3702600,6171000,Commodity,"Approved, Online Payment, Bank Payment, Cash On Delivery, Shipping Required",2,84100001040,,,,,,
112263786,170536551,کفش رسمی چرم طبیعی مدل 52147 رنگ: مشکی، سایز: 44,3484800,5808000,Commodity,"Approved, Online Payment, Bank Payment, Cash On Delivery, Shipping Required",0,83440001044,,,,,,
112263785,170536551,کفش رسمی چرم طبیعی مدل 52147 رنگ: مشکی، سایز: 43,3484800,5808000,Commodity,"Approved, Online Payment, Bank Payment, Cash On Delivery, Shipping Required",1,83440001043,,,,,,
112263784,170536551,کفش رسمی چرم طبیعی مدل 52147 رنگ: مشکی، سایز: 42,3484800,5808000,Commodity,"Approved, Online Payment, Bank Payment, Cash On Delivery, Shipping Required",0,83440001042,,,,,,
112263783,170536551,کفش رسمی چرم طبیعی مدل 52147 رنگ: مشکی، سایز: 41,3484800,5808000,Commodity,"Approved, Online Payment, Bank Payment, Cash On Delivery, Shipping Required",0,83440001041,,,,,,
112263782,170536551,کفش رسمی چرم طبیعی مدل 52147 رنگ: مشکی، سایز: 40,3484800,5808000,Commodity,"Approved, Online Payment, Bank Payment, Cash On Delivery, Shipping Required",0,83440001040,,,,,,
112263236,170535624,کفش رسمی چرم طبیعی مدل c2 رنگ: مشکی، سایز: 44,3811500,6352500,Commodity,"Approved, Online Payment, Bank Payment, Cash On Delivery, Shipping Required",0,83390001044,,,,,,
112263235,170535624,کفش رسمی چرم طبیعی مدل c2 رنگ: مشکی، سایز: 43,3811500,6352500,Commodity,"Approved, Online Payment, Bank Payment, Cash On Delivery, Shipping Required",1,83390001043,,,,,,
112263234,170535624,کفش رسمی چرم طبیعی مدل c2 رنگ: مشکی، سایز: 42,3811500,6352500,Commodity,"Approved, Online Payment, Bank Payment, Cash On Delivery, Shipping Required",0,83390001042,,,,,,
112263233,170535624,کفش رسمی چرم طبیعی مدل c2 رنگ: مشکی، سایز: 41,3811500,6352500,Commodity,"Approved, Online Payment, Bank Payment, Cash On Delivery, Shipping Required",0,83390001041,,,,,,
112263232,170535624,کفش رسمی چرم طبیعی مدل c2 رنگ: مشکی، سایز: 40,3811500,6352500,Commodity,"Approved, Online Payment, Bank Payment, Cash On Delivery, Shipping Required",0,83390001040,,,,,,
112263170,170535543,کفش رسمی چرم طبیعی مدل مارکو رنگ: عسلی، سایز: 44,3702600,6171000,Commodity,"Approved, Online Payment, Bank Payment, Cash On Delivery, Shipping Required",2,83420027044,,,,,,
112263169,170535543,کفش رسمی چرم طبیعی مدل مارکو رنگ: عسلی، سایز: 43,3702600,6171000,Commodity,"Approved, Online Payment, Bank Payment, Cash On Delivery, Shipping Required",2,83420027043,,,,,,
112263168,170535543,کفش رسمی چرم طبیعی مدل مارکو رنگ: عسلی، سایز: 42,3702600,6171000,Commodity,"Approved, Online Payment, Bank Payment, Cash On Delivery, Shipping Required",0,83420027042,,,,,,
112263167,170535543,کفش رسمی چرم طبیعی مدل مارکو رنگ: عسلی، سایز: 41,3702600,6171000,Commodity,"Approved, Online Payment, Bank Payment, Cash On Delivery, Shipping Required",2,83420027041,,,,,,
112263166,170535543,کفش رسمی چرم طبیعی مدل مارکو رنگ: عسلی، سایز: 40,3702600,6171000,Commodity,"Approved, Online Payment, Bank Payment, Cash On Delivery, Shipping Required",1,83420027040,,,,,,
112263130,170535423,کفش چرم طبیعی مدل 332 رنگ: مشکی، سایز: 43,4138200,6897000,Commodity,"Approved, Online Payment, Bank Payment, Cash On Delivery, Shipping Required",2,84180001043,,,,,,
112263129,170535423,کفش چرم طبیعی مدل 332 رنگ: مشکی، سایز: 42,4138200,6897000,Commodity,"Approved, Online Payment, Bank Payment, Cash On Delivery, Shipping Required",1,84180001042,,,,,,
112263128,170535423,کفش چرم طبیعی مدل 332 رنگ: مشکی، سایز: 41,4138200,6897000,Commodity,"Approved, Online Payment, Bank Payment, Cash On Delivery, Shipping Required",0,84180001041,,,,,,
112263127,170535423,کفش چرم طبیعی مدل 332 رنگ: مشکی، سایز: 40,4138200,6897000,Commodity,"Approved, Online Payment, Bank Payment, Cash On Delivery, Shipping Required",1,84180001040,,,,,,
112263091,170535324,کفش چرم مصنوعی نیم ساق مدل کتونی برلوتی رنگ: مشکی، سایز: 40,1481040,2468400,Commodity,"Approved, Online Payment, Bank Payment, Cash On Delivery, Shipping Required",0,83550001040,,,,,,
112263090,170535324,کفش چرم مصنوعی نیم ساق مدل کتونی برلوتی رنگ: مشکی، سایز: 39,1481040,2468400,Commodity,"Approved, Online Payment, Bank Payment, Cash On Delivery, Shipping Required",0,83550001021,,,,,,
112263089,170535324,کفش چرم مصنوعی نیم ساق مدل کتونی برلوتی رنگ: مشکی، سایز: 38,1481040,2468400,Commodity,"Approved, Online Payment, Bank Payment, Cash On Delivery, Shipping Required",0,83550001019,,,,,,
112263088,170535324,کفش چرم مصنوعی نیم ساق مدل کتونی برلوتی رنگ: مشکی، سایز: 37,1481040,2468400,Commodity,"Approved, Online Payment, Bank Payment, Cash On Delivery, Shipping Required",0,83550001017,,,,,,
112263066,170535286,کفش چرم مصنوعی نیم ساق مدل کتونی 3 خط رنگ: کرم، سایز: 40,1263240,2105400,Commodity,"Approved, Online Payment, Bank Payment, Cash On Delivery, Shipping Required",0,83650010040,,,,,,
112263065,170535286,کفش چرم مصنوعی نیم ساق مدل کتونی 3 خط رنگ: کرم، سایز: 39,1263240,2105400,Commodity,"Approved, Online Payment, Bank Payment, Cash On Delivery, Shipping Required",0,83650010021,,,,,,
112263064,170535286,کفش چرم مصنوعی نیم ساق مدل کتونی 3 خط رنگ: کرم، سایز: 38,1263240,2105400,Commodity,"Approved, Online Payment, Bank Payment, Cash On Delivery, Shipping Required",0,83650010019,,,,,,
112263063,170535286,کفش چرم مصنوعی نیم ساق مدل کتونی 3 خط رنگ: کرم، سایز: 37,1263240,2105400,Commodity,"Approved, Online Payment, Bank Payment, Cash On Delivery, Shipping Required",0,83650010017,,,,,,
112263022,170535226,کفش چرم مصنوعی نیم ساق مدل شنل رنگ: سفید، سایز: 40,1415700,2359500,Commodity,"Approved, Online Payment, Bank Payment, Cash On Delivery, Shipping Required",0,84010001040,,,,,,
112263021,170535226,کفش چرم مصنوعی نیم ساق مدل شنل رنگ: سفید، سایز: 39,1415700,2359500,Commodity,"Approved, Online Payment, Bank Payment, Cash On Delivery, Shipping Required",0,84010001021,,,,,,
112263020,170535226,کفش چرم مصنوعی نیم ساق مدل شنل رنگ: سفید، سایز: 38,1415700,2359500,Commodity,"Approved, Online Payment, Bank Payment, Cash On Delivery, Shipping Required",0,84010001019,,,,,,
112263019,170535226,کفش چرم مصنوعی نیم ساق مدل شنل رنگ: سفید، سایز: 37,1415700,2359500,Commodity,"Approved, Online Payment, Bank Payment, Cash On Delivery, Shipping Required",0,84010001017,,,,,,
112262999,170535202,کفش چرم مصنوعی نیم ساق مدل کتونی 3 خط رنگ: سفید، سایز: 40,1263240,2105400,Commodity,"Approved, Online Payment, Bank Payment, Cash On Delivery, Shipping Required",0,83650016040,,,,,,
112262998,170535202,کفش چرم مصنوعی نیم ساق مدل کتونی 3 خط رنگ: سفید، سایز: 39,1263240,2105400,Commodity,"Approved, Online Payment, Bank Payment, Cash On Delivery, Shipping Required",0,83650016021,,,,,,
112262997,170535202,کفش چرم مصنوعی نیم ساق مدل کتونی 3 خط رنگ: سفید، سایز: 38,1263240,2105400,Commodity,"Approved, Online Payment, Bank Payment, Cash On Delivery, Shipping Required",0,83650016019,,,,,,
112262996,170535202,کفش چرم مصنوعی نیم ساق مدل کتونی 3 خط رنگ: سفید، سایز: 37,1263240,2105400,Commodity,"Approved, Online Payment, Bank Payment, Cash On Delivery, Shipping Required",0,83650016017,,,,,,
112262976,170535193,کفش چرم مصنوعی نیم ساق بلند مدل پشت بندی رنگ: مشکی، سایز: 40,1568160,2613600,Commodity,"Approved, Online Payment, Bank Payment, Cash On Delivery, Shipping Required",0,83980001040,,,,,,
112262975,170535193,کفش چرم مصنوعی نیم ساق بلند مدل پشت بندی رنگ: مشکی، سایز: 39,1568160,2613600,Commodity,"Approved, Online Payment, Bank Payment, Cash On Delivery, Shipping Required",0,83980001021,,,,,,
112262974,170535193,کفش چرم مصنوعی نیم ساق بلند مدل پشت بندی رنگ: مشکی، سایز: 38,1568160,2613600,Commodity,"Approved, Online Payment, Bank Payment, Cash On Delivery, Shipping Required",0,83980001019,,,,,,
112262973,170535193,کفش چرم مصنوعی نیم ساق بلند مدل پشت بندی رنگ: مشکی، سایز: 37,1568160,2613600,Commodity,"Approved, Online Payment, Bank Payment, Cash On Delivery, Shipping Required",0,83980001017,,,,,,
112262866,170534942,کفش چرم مصنوعی نیم ساق مدل کشی رنگ: مشکی، سایز: 40,1698840,2831400,Commodity,"Approved, Online Payment, Bank Payment, Cash On Delivery, Shipping Required",0,83990001040,,,,,,
112262865,170534942,کفش چرم مصنوعی نیم ساق مدل کشی رنگ: مشکی، سایز: 39,1698840,2831400,Commodity,"Approved, Online Payment, Bank Payment, Cash On Delivery, Shipping Required",0,83990001021,,,,,,
112262864,170534942,کفش چرم مصنوعی نیم ساق مدل کشی رنگ: مشکی، سایز: 38,1698840,2831400,Commodity,"Approved, Online Payment, Bank Payment, Cash On Delivery, Shipping Required",0,83990001019,,,,,,
112262863,170534942,کفش چرم مصنوعی نیم ساق مدل کشی رنگ: مشکی، سایز: 37,1698840,2831400,Commodity,"Approved, Online Payment, Bank Payment, Cash On Delivery, Shipping Required",0,83990001017,,,,,,
112262819,170534880,کفش چرم مصنوعی نیم ساق مدل نیم ساق رنگ: مشکی، سایز: 40,1481040,2468400,Commodity,"Approved, Online Payment, Bank Payment, Cash On Delivery, Shipping Required",0,83960001040,,,,,,
112262818,170534880,کفش چرم مصنوعی نیم ساق مدل نیم ساق رنگ: مشکی، سایز: 39,1481040,2468400,Commodity,"Approved, Online Payment, Bank Payment, Cash On Delivery, Shipping Required",0,83960001021,,,,,,
112262817,170534880,کفش چرم مصنوعی نیم ساق مدل نیم ساق رنگ: مشکی، سایز: 38,1481040,2468400,Commodity,"Approved, Online Payment, Bank Payment, Cash On Delivery, Shipping Required",0,83960001019,,,,,,
112262816,170534880,کفش چرم مصنوعی نیم ساق مدل نیم ساق رنگ: مشکی، سایز: 37,1481040,2468400,Commodity,"Approved, Online Payment, Bank Payment, Cash On Delivery, Shipping Required",0,83960001017,,,,,,
112262700,170534680,کفش چرم مصنوعی نیم ساق مدل دو کش رنگ: مشکی، سایز: 40,1589940,2649900,Commodity,"Approved, Online Payment, Bank Payment, Cash On Delivery, Shipping Required",0,83630001040,,,,,,
112262699,170534680,کفش چرم مصنوعی نیم ساق مدل دو کش رنگ: مشکی، سایز: 39,1589940,2649900,Commodity,"Approved, Online Payment, Bank Payment, Cash On Delivery, Shipping Required",0,83630001021,,,,,,
112262698,170534680,کفش چرم مصنوعی نیم ساق مدل دو کش رنگ: مشکی، سایز: 38,1589940,2649900,Commodity,"Approved, Online Payment, Bank Payment, Cash On Delivery, Shipping Required",0,83630001019,,,,,,
112262697,170534680,کفش چرم مصنوعی نیم ساق مدل دو کش رنگ: مشکی، سایز: 37,1589940,2649900,Commodity,"Approved, Online Payment, Bank Payment, Cash On Delivery, Shipping Required",0,83630001017,,,,,,
112262667,170534616,کفش چرم مصنوعی نیم ساق مدل پشت کشی رنگ: مشکی، سایز: 40,1502820,2504700,Commodity,"Approved, Online Payment, Bank Payment, Cash On Delivery, Shipping Required",0,84000001040,,,,,,
112262666,170534616,کفش چرم مصنوعی نیم ساق مدل پشت کشی رنگ: مشکی، سایز: 39,1502820,2504700,Commodity,"Approved, Online Payment, Bank Payment, Cash On Delivery, Shipping Required",0,84000001021,,,,,,
112262665,170534616,کفش چرم مصنوعی نیم ساق مدل پشت کشی رنگ: مشکی، سایز: 38,1502820,2504700,Commodity,"Approved, Online Payment, Bank Payment, Cash On Delivery, Shipping Required",0,84000001019,,,,,,
112262664,170534616,کفش چرم مصنوعی نیم ساق مدل پشت کشی رنگ: مشکی، سایز: 37,1502820,2504700,Commodity,"Approved, Online Payment, Bank Payment, Cash On Delivery, Shipping Required",0,84000001017,,,,,,
112262605,170534581,کفش چرم مصنوعی نیم ساق مدل کش ضربدری رنگ: مشکی، سایز: 41,1546380,2577300,Commodity,"Approved, Online Payment, Bank Payment, Cash On Delivery, Shipping Required",0,84020001041,,,,,,
112262604,170534581,کفش چرم مصنوعی نیم ساق مدل کش ضربدری رنگ: مشکی، سایز: 40,1546380,2577300,Commodity,"Approved, Online Payment, Bank Payment, Cash On Delivery, Shipping Required",0,84020001040,,,,,,
112262603,170534581,کفش چرم مصنوعی نیم ساق مدل کش ضربدری رنگ: مشکی، سایز: 39,1546380,2577300,Commodity,"Approved, Online Payment, Bank Payment, Cash On Delivery, Shipping Required",0,84020001021,,,,,,
112262602,170534581,کفش چرم مصنوعی نیم ساق مدل کش ضربدری رنگ: مشکی، سایز: 38,1546380,2577300,Commodity,"Approved, Online Payment, Bank Payment, Cash On Delivery, Shipping Required",0,84020001019,,,,,,
112262601,170534581,کفش چرم مصنوعی نیم ساق مدل کش ضربدری رنگ: مشکی، سایز: 37,1546380,2577300,Commodity,"Approved, Online Payment, Bank Payment, Cash On Delivery, Shipping Required",0,84020001017,,,,,,
112262600,170534581,کفش چرم مصنوعی نیم ساق مدل کش ضربدری رنگ: مشکی، سایز: 36,1546380,2577300,Commodity,"Approved, Online Payment, Bank Payment, Cash On Delivery, Shipping Required",0,84020001015,,,,,,
112262560,170534529,کفش چرم مصنوعی نیم ساق مدل 7 بند رنگ: مشکی، سایز: 40,1611720,2686200,Commodity,"Approved, Online Payment, Bank Payment, Cash On Delivery, Shipping Required",0,84030001040,,,,,,
112262559,170534529,کفش چرم مصنوعی نیم ساق مدل 7 بند رنگ: مشکی، سایز: 39,1611720,2686200,Commodity,"Approved, Online Payment, Bank Payment, Cash On Delivery, Shipping Required",0,84030001021,,,,,,
112262558,170534529,کفش چرم مصنوعی نیم ساق مدل 7 بند رنگ: مشکی، سایز: 38,1611720,2686200,Commodity,"Approved, Online Payment, Bank Payment, Cash On Delivery, Shipping Required",0,84030001019,,,,,,
112262557,170534529,کفش چرم مصنوعی نیم ساق مدل 7 بند رنگ: مشکی، سایز: 37,1611720,2686200,Commodity,"Approved, Online Payment, Bank Payment, Cash On Delivery, Shipping Required",0,84030001017,,,,,,
112262547,170534523,کفش چرم مصنوعی نیم ساق مدل بغل دو زیپ رنگ: مشکی، سایز: 41,1633500,2722500,Commodity,"Approved, Online Payment, Bank Payment, Cash On Delivery, Shipping Required",0,83570001041,,,,,,
112262546,170534523,کفش چرم مصنوعی نیم ساق مدل بغل دو زیپ رنگ: مشکی، سایز: 40,1633500,2722500,Commodity,"Approved, Online Payment, Bank Payment, Cash On Delivery, Shipping Required",0,83570001040,,,,,,
112262545,170534523,کفش چرم مصنوعی نیم ساق مدل بغل دو زیپ رنگ: مشکی، سایز: 39,1633500,2722500,Commodity,"Approved, Online Payment, Bank Payment, Cash On Delivery, Shipping Required",0,83570001021,,,,,,
112262544,170534523,کفش چرم مصنوعی نیم ساق مدل بغل دو زیپ رنگ: مشکی، سایز: 38,1633500,2722500,Commodity,"Approved, Online Payment, Bank Payment, Cash On Delivery, Shipping Required",0,83570001019,,,,,,
112262543,170534523,کفش چرم مصنوعی نیم ساق مدل بغل دو زیپ رنگ: مشکی، سایز: 37,1633500,2722500,Commodity,"Approved, Online Payment, Bank Payment, Cash On Delivery, Shipping Required",0,83570001017,,,,,,
112262542,170534523,کفش چرم مصنوعی نیم ساق مدل بغل دو زیپ رنگ: مشکی، سایز: 36,1633500,2722500,Commodity,"Approved, Online Payment, Bank Payment, Cash On Delivery, Shipping Required",0,83570001015,,,,,,
112262536,170534511,کفش چرم مصنوعی نیم ساق مدل بغل هفتی رنگ: مشکی، سایز: 40,1481040,2468400,Commodity,"Approved, Online Payment, Bank Payment, Cash On Delivery, Shipping Required",0,83970001040,,,,,,
112262535,170534511,کفش چرم مصنوعی نیم ساق مدل بغل هفتی رنگ: مشکی، سایز: 39,1481040,2468400,Commodity,"Approved, Online Payment, Bank Payment, Cash On Delivery, Shipping Required",0,83970001021,,,,,,
112262534,170534511,کفش چرم مصنوعی نیم ساق مدل بغل هفتی رنگ: مشکی، سایز: 38,1481040,2468400,Commodity,"Approved, Online Payment, Bank Payment, Cash On Delivery, Shipping Required",0,83970001019,,,,,,
112262533,170534511,کفش چرم مصنوعی نیم ساق مدل بغل هفتی رنگ: مشکی، سایز: 37,1481040,2468400,Commodity,"Approved, Online Payment, Bank Payment, Cash On Delivery, Shipping Required",0,83970001017,,,,,,
112262516,170534491,کفش چرم مصنوعی فارسی مدل نیم ساق چهار کش رنگ: مشکی، سایز: 40,1698840,2831400,Commodity,"Approved, Online Payment, Bank Payment, Cash On Delivery, Shipping Required",0,83580001040,,,,,,
112262515,170534491,کفش چرم مصنوعی فارسی مدل نیم ساق چهار کش رنگ: مشکی، سایز: 39,1698840,2831400,Commodity,"Approved, Online Payment, Bank Payment, Cash On Delivery, Shipping Required",0,83580001021,,,,,,
112262514,170534491,کفش چرم مصنوعی فارسی مدل نیم ساق چهار کش رنگ: مشکی، سایز: 38,1698840,2831400,Commodity,"Approved, Online Payment, Bank Payment, Cash On Delivery, Shipping Required",0,83580001019,,,,,,
112262513,170534491,کفش چرم مصنوعی فارسی مدل نیم ساق چهار کش رنگ: مشکی، سایز: 37,1698840,2831400,Commodity,"Approved, Online Payment, Bank Payment, Cash On Delivery, Shipping Required",0,83580001017,,,,,,
112245422,170517381,کمربندمردانه کهن چرم مدل B9(4CM) سایز: 130، رنگ: مشکی,1120000,1600000,Commodity,"Approved, Online Payment, Bank Payment, Cash On Delivery, Shipping Required",0,53290001130,,,,,,
112245421,170517381,کمربندمردانه کهن چرم مدل B9(4CM) سایز: 130، رنگ: قهوه ای,1120000,1600000,Commodity,"Approved, Online Payment, Bank Payment, Cash On Delivery, Shipping Required",0,53290002130,,,,,,
112245420,170517381,کمربندمردانه کهن چرم مدل B9(4CM) سایز: 130، رنگ: عسلی,1120000,1600000,Commodity,"Approved, Online Payment, Bank Payment, Cash On Delivery, Shipping Required",0,53290027130,,,,,,
112245419,170517381,کمربندمردانه کهن چرم مدل B9(4CM) سایز: 125، رنگ: مشکی,1120000,1600000,Commodity,"Approved, Online Payment, Bank Payment, Cash On Delivery, Shipping Required",0,53290001125,,,,,,
112245418,170517381,کمربندمردانه کهن چرم مدل B9(4CM) سایز: 125، رنگ: قهوه ای,1120000,1600000,Commodity,"Approved, Online Payment, Bank Payment, Cash On Delivery, Shipping Required",0,53290002125,,,,,,
112245417,170517381,کمربندمردانه کهن چرم مدل B9(4CM) سایز: 125، رنگ: عسلی,1120000,1600000,Commodity,"Approved, Online Payment, Bank Payment, Cash On Delivery, Shipping Required",0,53290027125,,,,,,
112245416,170517381,کمربندمردانه کهن چرم مدل B9(4CM) سایز: 120، رنگ: مشکی,1120000,1600000,Commodity,"Approved, Online Payment, Bank Payment, Cash On Delivery, Shipping Required",0,53290001120,,,,,,
112245415,170517381,کمربندمردانه کهن چرم مدل B9(4CM) سایز: 120، رنگ: قهوه ای,1120000,1600000,Commodity,"Approved, Online Payment, Bank Payment, Cash On Delivery, Shipping Required",0,53290002120,,,,,,
112245414,170517381,کمربندمردانه کهن چرم مدل B9(4CM) سایز: 120، رنگ: عسلی,1120000,1600000,Commodity,"Approved, Online Payment, Bank Payment, Cash On Delivery, Shipping Required",3,53290027120,,,,,,
112245413,170517381,کمربندمردانه کهن چرم مدل B9(4CM) سایز: 115، رنگ: مشکی,1120000,1600000,Commodity,"Approved, Online Payment, Bank Payment, Cash On Delivery, Shipping Required",0,53290001115,,,,,,
112245412,170517381,کمربندمردانه کهن چرم مدل B9(4CM) سایز: 115، رنگ: قهوه ای,1120000,1600000,Commodity,"Approved, Online Payment, Bank Payment, Cash On Delivery, Shipping Required",0,53290002115,,,,,,
112245411,170517381,کمربندمردانه کهن چرم مدل B9(4CM) سایز: 115، رنگ: عسلی,1120000,1600000,Commodity,"Approved, Online Payment, Bank Payment, Cash On Delivery, Shipping Required",1,53290027115,,,,,,
112245410,170517381,کمربندمردانه کهن چرم مدل B9(4CM) سایز: 110، رنگ: مشکی,1120000,1600000,Commodity,"Approved, Online Payment, Bank Payment, Cash On Delivery, Shipping Required",0,53290001110,,,,,,
112245409,170517381,کمربندمردانه کهن چرم مدل B9(4CM) سایز: 110، رنگ: قهوه ای,1120000,1600000,Commodity,"Approved, Online Payment, Bank Payment, Cash On Delivery, Shipping Required",0,53290002110,,,,,,
112245408,170517381,کمربندمردانه کهن چرم مدل B9(4CM) سایز: 110، رنگ: عسلی,1120000,1600000,Commodity,"Approved, Online Payment, Bank Payment, Cash On Delivery, Shipping Required",0,53290027110,,,,,,
112245407,170517381,کمربندمردانه کهن چرم مدل B9(4CM) سایز: 105، رنگ: مشکی,1120000,1600000,Commodity,"Approved, Online Payment, Bank Payment, Cash On Delivery, Shipping Required",0,53290001105,,,,,,
112245406,170517381,کمربندمردانه کهن چرم مدل B9(4CM) سایز: 105، رنگ: قهوه ای,1120000,1600000,Commodity,"Approved, Online Payment, Bank Payment, Cash On Delivery, Shipping Required",0,53290002105,,,,,,
112245405,170517381,کمربندمردانه کهن چرم مدل B9(4CM) سایز: 105، رنگ: عسلی,1120000,1600000,Commodity,"Approved, Online Payment, Bank Payment, Cash On Delivery, Shipping Required",0,53290027105,,,,,,
112243799,170514805,کمربند مردانه کهن چرم مدل B82 سایز: 130، رنگ: مشکی,989188.2,1413126,Commodity,"Approved, Online Payment, Bank Payment, Cash On Delivery, Shipping Required",0,0,,,,,,
112243798,170514805,کمربند مردانه کهن چرم مدل B82 سایز: 130، رنگ: قهوه ای,989188.2,1413126,Commodity,"Approved, Online Payment, Bank Payment, Cash On Delivery, Shipping Required",0,0,,,,,,
112243797,170514805,کمربند مردانه کهن چرم مدل B82 سایز: 130، رنگ: عسلی,989188.2,1413126,Commodity,"Approved, Online Payment, Bank Payment, Cash On Delivery, Shipping Required",0,0,,,,,,
112243796,170514805,کمربند مردانه کهن چرم مدل B82 سایز: 125، رنگ: مشکی,989188.2,1413126,Commodity,"Approved, Online Payment, Bank Payment, Cash On Delivery, Shipping Required",0,0,,,,,,
112243795,170514805,کمربند مردانه کهن چرم مدل B82 سایز: 125، رنگ: قهوه ای,989188.2,1413126,Commodity,"Approved, Online Payment, Bank Payment, Cash On Delivery, Shipping Required",0,0,,,,,,
112243794,170514805,کمربند مردانه کهن چرم مدل B82 سایز: 125، رنگ: عسلی,989188.2,1413126,Commodity,"Approved, Online Payment, Bank Payment, Cash On Delivery, Shipping Required",0,0,,,,,,
112243793,170514805,کمربند مردانه کهن چرم مدل B82 سایز: 120، رنگ: مشکی,989188.2,1413126,Commodity,"Approved, Online Payment, Bank Payment, Cash On Delivery, Shipping Required",0,0,,,,,,
112243792,170514805,کمربند مردانه کهن چرم مدل B82 سایز: 120، رنگ: قهوه ای,989188.2,1413126,Commodity,"Approved, Online Payment, Bank Payment, Cash On Delivery, Shipping Required",0,0,,,,,,
112243791,170514805,کمربند مردانه کهن چرم مدل B82 سایز: 120، رنگ: عسلی,989188.2,1413126,Commodity,"Approved, Online Payment, Bank Payment, Cash On Delivery, Shipping Required",0,0,,,,,,
112243790,170514805,کمربند مردانه کهن چرم مدل B82 سایز: 115، رنگ: مشکی,989188.2,1413126,Commodity,"Approved, Online Payment, Bank Payment, Cash On Delivery, Shipping Required",0,0,,,,,,
112243789,170514805,کمربند مردانه کهن چرم مدل B82 سایز: 115، رنگ: قهوه ای,989188.2,1413126,Commodity,"Approved, Online Payment, Bank Payment, Cash On Delivery, Shipping Required",0,0,,,,,,
112243788,170514805,کمربند مردانه کهن چرم مدل B82 سایز: 115، رنگ: عسلی,989188.2,1413126,Commodity,"Approved, Online Payment, Bank Payment, Cash On Delivery, Shipping Required",0,0,,,,,,
112243787,170514805,کمربند مردانه کهن چرم مدل B82 سایز: 110، رنگ: مشکی,989188.2,1413126,Commodity,"Approved, Online Payment, Bank Payment, Cash On Delivery, Shipping Required",0,0,,,,,,
112243786,170514805,کمربند مردانه کهن چرم مدل B82 سایز: 110، رنگ: قهوه ای,989188.2,1413126,Commodity,"Approved, Online Payment, Bank Payment, Cash On Delivery, Shipping Required",0,0,,,,,,
112243785,170514805,کمربند مردانه کهن چرم مدل B82 سایز: 110، رنگ: عسلی,989188.2,1413126,Commodity,"Approved, Online Payment, Bank Payment, Cash On Delivery, Shipping Required",0,0,,,,,,
112243784,170514805,کمربند مردانه کهن چرم مدل B82 سایز: 105، رنگ: مشکی,989188.2,1413126,Commodity,"Approved, Online Payment, Bank Payment, Cash On Delivery, Shipping Required",0,0,,,,,,
112243783,170514805,کمربند مردانه کهن چرم مدل B82 سایز: 105، رنگ: قهوه ای,989188.2,1413126,Commodity,"Approved, Online Payment, Bank Payment, Cash On Delivery, Shipping Required",0,0,,,,,,
112243782,170514805,کمربند مردانه کهن چرم مدل B82 سایز: 105، رنگ: عسلی,989188.2,1413126,Commodity,"Approved, Online Payment, Bank Payment, Cash On Delivery, Shipping Required",0,0,,,,,,
112232771,170491153,ست هدیه پارینه چرم مدل M3,,,Commodity,"Approved, Online Payment, Bank Payment, Cash On Delivery, Shipping Required",0,11030003000,,,,,,
112232739,170491065,ست هدیه پارینه چرم بزی مدل Gm1,,,Commodity,"Approved, Online Payment, Bank Payment, Cash On Delivery, Shipping Required",0,73520027000,,,,,,
112232676,170490829,جاکارتی مردانه پارینه چرم مدل S10,,,Commodity,"Approved, Online Payment, Bank Payment, Cash On Delivery, Shipping Required",0,53770001000,,,,,,
112232649,170490676,کمربند مردانه کهن چرم مدل B81 سایز: 130، رنگ: مشکی,989188.2,1413126,Commodity,"Approved, Online Payment, Bank Payment, Cash On Delivery, Shipping Required",0,0,,,,,,
112232648,170490676,کمربند مردانه کهن چرم مدل B81 سایز: 130، رنگ: قهوه ای,989188.2,1413126,Commodity,"Approved, Online Payment, Bank Payment, Cash On Delivery, Shipping Required",0,0,,,,,,
112232647,170490676,کمربند مردانه کهن چرم مدل B81 سایز: 130، رنگ: عسلی,989188.2,1413126,Commodity,"Approved, Online Payment, Bank Payment, Cash On Delivery, Shipping Required",0,0,,,,,,
112232646,170490676,کمربند مردانه کهن چرم مدل B81 سایز: 125، رنگ: مشکی,989188.2,1413126,Commodity,"Approved, Online Payment, Bank Payment, Cash On Delivery, Shipping Required",0,0,,,,,,
112232645,170490676,کمربند مردانه کهن چرم مدل B81 سایز: 125، رنگ: قهوه ای,989188.2,1413126,Commodity,"Approved, Online Payment, Bank Payment, Cash On Delivery, Shipping Required",0,0,,,,,,
112232644,170490676,کمربند مردانه کهن چرم مدل B81 سایز: 125، رنگ: عسلی,989188.2,1413126,Commodity,"Approved, Online Payment, Bank Payment, Cash On Delivery, Shipping Required",0,0,,,,,,
112232643,170490676,کمربند مردانه کهن چرم مدل B81 سایز: 120، رنگ: مشکی,989188.2,1413126,Commodity,"Approved, Online Payment, Bank Payment, Cash On Delivery, Shipping Required",0,0,,,,,,
112232642,170490676,کمربند مردانه کهن چرم مدل B81 سایز: 120، رنگ: قهوه ای,989188.2,1413126,Commodity,"Approved, Online Payment, Bank Payment, Cash On Delivery, Shipping Required",0,0,,,,,,
112232641,170490676,کمربند مردانه کهن چرم مدل B81 سایز: 120، رنگ: عسلی,989188.2,1413126,Commodity,"Approved, Online Payment, Bank Payment, Cash On Delivery, Shipping Required",0,0,,,,,,
112232640,170490676,کمربند مردانه کهن چرم مدل B81 سایز: 115، رنگ: مشکی,989188.2,1413126,Commodity,"Approved, Online Payment, Bank Payment, Cash On Delivery, Shipping Required",0,0,,,,,,
112232639,170490676,کمربند مردانه کهن چرم مدل B81 سایز: 115، رنگ: قهوه ای,989188.2,1413126,Commodity,"Approved, Online Payment, Bank Payment, Cash On Delivery, Shipping Required",0,0,,,,,,
112232638,170490676,کمربند مردانه کهن چرم مدل B81 سایز: 115، رنگ: عسلی,989188.2,1413126,Commodity,"Approved, Online Payment, Bank Payment, Cash On Delivery, Shipping Required",0,0,,,,,,
112232637,170490676,کمربند مردانه کهن چرم مدل B81 سایز: 110، رنگ: مشکی,989188.2,1413126,Commodity,"Approved, Online Payment, Bank Payment, Cash On Delivery, Shipping Required",0,0,,,,,,
112232636,170490676,کمربند مردانه کهن چرم مدل B81 سایز: 110، رنگ: قهوه ای,989188.2,1413126,Commodity,"Approved, Online Payment, Bank Payment, Cash On Delivery, Shipping Required",0,0,,,,,,
112232635,170490676,کمربند مردانه کهن چرم مدل B81 سایز: 110، رنگ: عسلی,989188.2,1413126,Commodity,"Approved, Online Payment, Bank Payment, Cash On Delivery, Shipping Required",0,0,,,,,,
112232634,170490676,کمربند مردانه کهن چرم مدل B81 سایز: 105، رنگ: مشکی,989188.2,1413126,Commodity,"Approved, Online Payment, Bank Payment, Cash On Delivery, Shipping Required",0,0,,,,,,
112232633,170490676,کمربند مردانه کهن چرم مدل B81 سایز: 105، رنگ: قهوه ای,989188.2,1413126,Commodity,"Approved, Online Payment, Bank Payment, Cash On Delivery, Shipping Required",0,0,,,,,,
112232632,170490676,کمربند مردانه کهن چرم مدل B81 سایز: 105، رنگ: عسلی,989188.2,1413126,Commodity,"Approved, Online Payment, Bank Payment, Cash On Delivery, Shipping Required",0,0,,,,,,
112232616,170490633,جاکارتی مردانه پارینه چرم مدل Ch25,436100,623000,Commodity,"Approved, Online Payment, Bank Payment, Cash On Delivery, Shipping Required",1,53590001000,,,,,,
112232606,170490627,جاکارتی مردانه پارینه چرم مدل Ch25,436100,623000,Commodity,"Approved, Online Payment, Bank Payment, Cash On Delivery, Shipping Required",1,53590002000,,,,,,
112232590,170490569,جاکارتی مردانه پارینه چرم مدل Ch25,436100,623000,Commodity,"Approved, Online Payment, Bank Payment, Cash On Delivery, Shipping Required",0,53590027000,,,,,,
112232479,170490434,جاکارتی مردانه پارینه چرم مدل Ch22,511070,730100,Commodity,"Approved, Online Payment, Bank Payment, Cash On Delivery, Shipping Required",0,30780001000,,,,,,
112232420,170490312,جاکارتی مردانه پارینه چرم مدل Ch22,511070,730100,Commodity,"Approved, Online Payment, Bank Payment, Cash On Delivery, Shipping Required",0,30780002000,,,,,,
112232404,170490289,جاکارتی مردانه پارینه چرم مدل Ch16,549780,785400,Commodity,"Approved, Online Payment, Bank Payment, Cash On Delivery, Shipping Required",0,37480001000,,,,,,
112232368,170490132,کمربند مردانه کهن چرم مدل B80 سایز: 130، رنگ: مشکی,989188.2,1413126,Commodity,"Approved, Online Payment, Bank Payment, Cash On Delivery, Shipping Required",0,0,,,,,,
112232367,170490132,کمربند مردانه کهن چرم مدل B80 سایز: 130، رنگ: قهوه ای,989188.2,1413126,Commodity,"Approved, Online Payment, Bank Payment, Cash On Delivery, Shipping Required",0,0,,,,,,
112232366,170490132,کمربند مردانه کهن چرم مدل B80 سایز: 130، رنگ: عسلی,989188.2,1413126,Commodity,"Approved, Online Payment, Bank Payment, Cash On Delivery, Shipping Required",0,0,,,,,,
112232365,170490132,کمربند مردانه کهن چرم مدل B80 سایز: 125، رنگ: مشکی,989188.2,1413126,Commodity,"Approved, Online Payment, Bank Payment, Cash On Delivery, Shipping Required",0,0,,,,,,
112232364,170490132,کمربند مردانه کهن چرم مدل B80 سایز: 125، رنگ: قهوه ای,989188.2,1413126,Commodity,"Approved, Online Payment, Bank Payment, Cash On Delivery, Shipping Required",0,0,,,,,,
112232363,170490132,کمربند مردانه کهن چرم مدل B80 سایز: 125، رنگ: عسلی,989188.2,1413126,Commodity,"Approved, Online Payment, Bank Payment, Cash On Delivery, Shipping Required",0,0,,,,,,
112232362,170490132,کمربند مردانه کهن چرم مدل B80 سایز: 120، رنگ: مشکی,989188.2,1413126,Commodity,"Approved, Online Payment, Bank Payment, Cash On Delivery, Shipping Required",0,0,,,,,,
112232361,170490132,کمربند مردانه کهن چرم مدل B80 سایز: 120، رنگ: قهوه ای,989188.2,1413126,Commodity,"Approved, Online Payment, Bank Payment, Cash On Delivery, Shipping Required",0,0,,,,,,
112232360,170490132,کمربند مردانه کهن چرم مدل B80 سایز: 120، رنگ: عسلی,989188.2,1413126,Commodity,"Approved, Online Payment, Bank Payment, Cash On Delivery, Shipping Required",0,0,,,,,,
112232359,170490132,کمربند مردانه کهن چرم مدل B80 سایز: 115، رنگ: مشکی,989188.2,1413126,Commodity,"Approved, Online Payment, Bank Payment, Cash On Delivery, Shipping Required",0,0,,,,,,
112232358,170490132,کمربند مردانه کهن چرم مدل B80 سایز: 115، رنگ: قهوه ای,989188.2,1413126,Commodity,"Approved, Online Payment, Bank Payment, Cash On Delivery, Shipping Required",0,0,,,,,,
112232357,170490132,کمربند مردانه کهن چرم مدل B80 سایز: 115، رنگ: عسلی,989188.2,1413126,Commodity,"Approved, Online Payment, Bank Payment, Cash On Delivery, Shipping Required",0,0,,,,,,
112232356,170490132,کمربند مردانه کهن چرم مدل B80 سایز: 110، رنگ: مشکی,989188.2,1413126,Commodity,"Approved, Online Payment, Bank Payment, Cash On Delivery, Shipping Required",0,0,,,,,,
112232355,170490132,کمربند مردانه کهن چرم مدل B80 سایز: 110، رنگ: قهوه ای,989188.2,1413126,Commodity,"Approved, Online Payment, Bank Payment, Cash On Delivery, Shipping Required",0,0,,,,,,
112232354,170490132,کمربند مردانه کهن چرم مدل B80 سایز: 110، رنگ: عسلی,989188.2,1413126,Commodity,"Approved, Online Payment, Bank Payment, Cash On Delivery, Shipping Required",0,0,,,,,,
112232353,170490132,کمربند مردانه کهن چرم مدل B80 سایز: 105، رنگ: مشکی,989188.2,1413126,Commodity,"Approved, Online Payment, Bank Payment, Cash On Delivery, Shipping Required",0,0,,,,,,
112232352,170490132,کمربند مردانه کهن چرم مدل B80 سایز: 105، رنگ: قهوه ای,989188.2,1413126,Commodity,"Approved, Online Payment, Bank Payment, Cash On Delivery, Shipping Required",0,0,,,,,,
112232351,170490132,کمربند مردانه کهن چرم مدل B80 سایز: 105، رنگ: عسلی,989188.2,1413126,Commodity,"Approved, Online Payment, Bank Payment, Cash On Delivery, Shipping Required",0,0,,,,,,
112232348,170490123,کیف دستی زنانه پارینه چرم مدل V230,3850000,5500000,Commodity,"Approved, Online Payment, Bank Payment, Cash On Delivery, Shipping Required",0,62030038000,,,,,,
112232333,170490107,کیف دستی زنانه پارینه چرم مدل V229,3742200,5346000,Commodity,"Approved, Online Payment, Bank Payment, Cash On Delivery, Shipping Required",0,62020033000,,,,,,
112232325,170490089,کیف دستی زنانه پارینه چرم مدل V229,3742200,5346000,Commodity,"Approved, Online Payment, Bank Payment, Cash On Delivery, Shipping Required",2,62020032000,,,,,,
112232255,170489873,کیف دستی زنانه پارینه چرم مدل V229,3742200,5346000,Commodity,"Approved, Online Payment, Bank Payment, Cash On Delivery, Shipping Required",1,62020031000,,,,,,
112231615,170488651,کمربند مردانه کهن چرم مدل B79 سایز: 130، رنگ: مشکی,989188.2,1413126,Commodity,"Approved, Online Payment, Bank Payment, Cash On Delivery, Shipping Required",0,0,,,,,,
112231614,170488651,کمربند مردانه کهن چرم مدل B79 سایز: 130، رنگ: قهوه ای,989188.2,1413126,Commodity,"Approved, Online Payment, Bank Payment, Cash On Delivery, Shipping Required",0,0,,,,,,
112231613,170488651,کمربند مردانه کهن چرم مدل B79 سایز: 130، رنگ: عسلی,989188.2,1413126,Commodity,"Approved, Online Payment, Bank Payment, Cash On Delivery, Shipping Required",0,0,,,,,,
112231612,170488651,کمربند مردانه کهن چرم مدل B79 سایز: 125، رنگ: مشکی,989188.2,1413126,Commodity,"Approved, Online Payment, Bank Payment, Cash On Delivery, Shipping Required",0,0,,,,,,
112231611,170488651,کمربند مردانه کهن چرم مدل B79 سایز: 125، رنگ: قهوه ای,989188.2,1413126,Commodity,"Approved, Online Payment, Bank Payment, Cash On Delivery, Shipping Required",0,0,,,,,,
112231610,170488651,کمربند مردانه کهن چرم مدل B79 سایز: 125، رنگ: عسلی,989188.2,1413126,Commodity,"Approved, Online Payment, Bank Payment, Cash On Delivery, Shipping Required",0,0,,,,,,
112231609,170488651,کمربند مردانه کهن چرم مدل B79 سایز: 120، رنگ: مشکی,989188.2,1413126,Commodity,"Approved, Online Payment, Bank Payment, Cash On Delivery, Shipping Required",0,0,,,,,,
112231608,170488651,کمربند مردانه کهن چرم مدل B79 سایز: 120، رنگ: قهوه ای,989188.2,1413126,Commodity,"Approved, Online Payment, Bank Payment, Cash On Delivery, Shipping Required",0,0,,,,,,
112231607,170488651,کمربند مردانه کهن چرم مدل B79 سایز: 120، رنگ: عسلی,989188.2,1413126,Commodity,"Approved, Online Payment, Bank Payment, Cash On Delivery, Shipping Required",0,0,,,,,,
112231606,170488651,کمربند مردانه کهن چرم مدل B79 سایز: 115، رنگ: مشکی,989188.2,1413126,Commodity,"Approved, Online Payment, Bank Payment, Cash On Delivery, Shipping Required",0,0,,,,,,
112231605,170488651,کمربند مردانه کهن چرم مدل B79 سایز: 115، رنگ: قهوه ای,989188.2,1413126,Commodity,"Approved, Online Payment, Bank Payment, Cash On Delivery, Shipping Required",0,0,,,,,,
112231604,170488651,کمربند مردانه کهن چرم مدل B79 سایز: 115، رنگ: عسلی,989188.2,1413126,Commodity,"Approved, Online Payment, Bank Payment, Cash On Delivery, Shipping Required",0,0,,,,,,
112231603,170488651,کمربند مردانه کهن چرم مدل B79 سایز: 110، رنگ: مشکی,989188.2,1413126,Commodity,"Approved, Online Payment, Bank Payment, Cash On Delivery, Shipping Required",0,0,,,,,,
112231602,170488651,کمربند مردانه کهن چرم مدل B79 سایز: 110، رنگ: قهوه ای,989188.2,1413126,Commodity,"Approved, Online Payment, Bank Payment, Cash On Delivery, Shipping Required",0,0,,,,,,
112231601,170488651,کمربند مردانه کهن چرم مدل B79 سایز: 110، رنگ: عسلی,989188.2,1413126,Commodity,"Approved, Online Payment, Bank Payment, Cash On Delivery, Shipping Required",0,0,,,,,,
112231600,170488651,کمربند مردانه کهن چرم مدل B79 سایز: 105، رنگ: مشکی,989188.2,1413126,Commodity,"Approved, Online Payment, Bank Payment, Cash On Delivery, Shipping Required",0,0,,,,,,
112231599,170488651,کمربند مردانه کهن چرم مدل B79 سایز: 105، رنگ: قهوه ای,989188.2,1413126,Commodity,"Approved, Online Payment, Bank Payment, Cash On Delivery, Shipping Required",0,0,,,,,,
112231598,170488651,کمربند مردانه کهن چرم مدل B79 سایز: 105، رنگ: عسلی,989188.2,1413126,Commodity,"Approved, Online Payment, Bank Payment, Cash On Delivery, Shipping Required",0,0,,,,,,
112230118,170485112,کمربند مردانه پارینه چرم مدل B2 سایز: 135,728000,1040000,Commodity,"Approved, Online Payment, Bank Payment, Cash On Delivery, Shipping Required",0,21800001135,,,,,,
112230117,170485112,کمربند مردانه پارینه چرم مدل B2 سایز: 130,728000,1040000,Commodity,"Approved, Online Payment, Bank Payment, Cash On Delivery, Shipping Required",1,21800001130,,,,,,
112230116,170485112,کمربند مردانه پارینه چرم مدل B2 سایز: 125,728000,1040000,Commodity,"Approved, Online Payment, Bank Payment, Cash On Delivery, Shipping Required",0,21800001125,,,,,,
112230115,170485112,کمربند مردانه پارینه چرم مدل B2 سایز: 120,728000,1040000,Commodity,"Approved, Online Payment, Bank Payment, Cash On Delivery, Shipping Required",0,21800001120,,,,,,
112230114,170485112,کمربند مردانه پارینه چرم مدل B2 سایز: 115,728000,1040000,Commodity,"Approved, Online Payment, Bank Payment, Cash On Delivery, Shipping Required",0,21800001115,,,,,,
112230113,170485112,کمربند مردانه پارینه چرم مدل B2 سایز: 110,728000,1040000,Commodity,"Approved, Online Payment, Bank Payment, Cash On Delivery, Shipping Required",0,21800001110,,,,,,
112224113,169387231,کفش اسپرت زنانه برادران مدل میانه رنگ: مشکی، سایز: 41,1245090,1778700,Commodity,"Approved, Online Payment, Bank Payment, Cash On Delivery, Shipping Required",0,82070001041,,,,,,
112224112,169387231,کفش اسپرت زنانه برادران مدل میانه رنگ: مشکی، سایز: 36,1245090,1778700,Commodity,"Approved, Online Payment, Bank Payment, Cash On Delivery, Shipping Required",0,82070001015,,,,,,
112224097,169387306,کفش اسپرت زنانه برادران مدل میانه رنگ: سرمه ای، سایز: 41,1245090,1778700,Commodity,"Approved, Online Payment, Bank Payment, Cash On Delivery, Shipping Required",0,82070007041,,,,,,
112224096,169387306,کفش اسپرت زنانه برادران مدل میانه رنگ: سرمه ای، سایز: 36,1245090,1778700,Commodity,"Approved, Online Payment, Bank Payment, Cash On Delivery, Shipping Required",0,82070007015,,,,,,
112172065,170300453,کیف پول زنانه کهن چرم مدل LW50 رنگ: قرمز,1804670,2578100,Commodity,"Approved, Online Payment, Bank Payment, Cash On Delivery, Shipping Required",1,14150004000,,,,,,
112172064,170300453,کیف پول زنانه کهن چرم مدل LW50 رنگ: مشکی,1804670,2578100,Commodity,"Approved, Online Payment, Bank Payment, Cash On Delivery, Shipping Required",1,14150001000,,,,,,
112172063,170300453,کیف پول زنانه کهن چرم مدل LW50 رنگ: عسلی,1804670,2578100,Commodity,"Approved, Online Payment, Bank Payment, Cash On Delivery, Shipping Required",1,14150027000,,,,,,
112166203,170389501,کیف دوشی مردانه کهن چرم مدل DB101 رنگ: مشکی,3850000,5500000,Commodity,"Approved, Online Payment, Bank Payment, Cash On Delivery, Shipping Required",2,41680001000,,,,,,
112166202,170389501,کیف دوشی مردانه کهن چرم مدل DB101 رنگ: عسلی,3850000,5500000,Commodity,"Approved, Online Payment, Bank Payment, Cash On Delivery, Shipping Required",3,41680027000,,,,,,
112166201,170389501,کیف دوشی مردانه کهن چرم مدل DB101 رنگ: قهوه ای,3850000,5500000,Commodity,"Approved, Online Payment, Bank Payment, Cash On Delivery, Shipping Required",1,41680002000,,,,,,
112166193,170389497,کیف دوشی مردانه کهن چرم مدل DB100 رنگ: زرشکی,3920000,5600000,Commodity,"Approved, Online Payment, Bank Payment, Cash On Delivery, Shipping Required",0,41460006000,,,,,,
112166192,170389497,کیف دوشی مردانه کهن چرم مدل DB100 رنگ: مشکی,3920000,5600000,Commodity,"Approved, Online Payment, Bank Payment, Cash On Delivery, Shipping Required",0,41460001000,,,,,,
112166190,170389497,کیف دوشی مردانه کهن چرم مدل DB100 رنگ: قهوه ای,3920000,5600000,Commodity,"Approved, Online Payment, Bank Payment, Cash On Delivery, Shipping Required",0,41460002000,,,,,,
112166151,170389430,کیف دوشی مردانه پارینه چرم مدل DB108 رنگ: مشکی,2162160,3088800,Commodity,"Approved, Online Payment, Bank Payment, Cash On Delivery, Shipping Required",0,47820001000,,,,,,
112166150,170389430,کیف دوشی مردانه پارینه چرم مدل DB108 رنگ: عسلی,2162160,3088800,Commodity,"Approved, Online Payment, Bank Payment, Cash On Delivery, Shipping Required",1,47820027000,,,,,,
112166149,170389430,کیف دوشی مردانه پارینه چرم مدل DB108 رنگ: قهوه ای,2162160,3088800,Commodity,"Approved, Online Payment, Bank Payment, Cash On Delivery, Shipping Required",0,47820002000,,,,,,
112165543,170388264,جاکارتی کهن چرم مدل CH16 رنگ: مشکی,549780,785400,Commodity,"Approved, Online Payment, Bank Payment, Cash On Delivery, Shipping Required",1,37480001000,,,,,,
112165477,170388041,کمربند مردانه پارینه چرم مدل BP15_4CM رنگ: سرمه ای، سایز: 130,728000,1040000,Commodity,"Approved, Online Payment, Bank Payment, Cash On Delivery, Shipping Required",0,59730007130,,,,,,
112165476,170388041,کمربند مردانه پارینه چرم مدل BP15_4CM رنگ: سرمه ای، سایز: 125,728000,1040000,Commodity,"Approved, Online Payment, Bank Payment, Cash On Delivery, Shipping Required",1,59730007125,,,,,,
112165475,170388041,کمربند مردانه پارینه چرم مدل BP15_4CM رنگ: سرمه ای، سایز: 120,728000,1040000,Commodity,"Approved, Online Payment, Bank Payment, Cash On Delivery, Shipping Required",4,59730007120,,,,,,
112165474,170388041,کمربند مردانه پارینه چرم مدل BP15_4CM رنگ: سرمه ای، سایز: 115,728000,1040000,Commodity,"Approved, Online Payment, Bank Payment, Cash On Delivery, Shipping Required",3,59730007115,,,,,,
112165473,170388041,کمربند مردانه پارینه چرم مدل BP15_4CM رنگ: سرمه ای، سایز: 110,728000,1040000,Commodity,"Approved, Online Payment, Bank Payment, Cash On Delivery, Shipping Required",1,59730007110,,,,,,
112165472,170388041,کمربند مردانه پارینه چرم مدل BP15_4CM رنگ: قهوه ای، سایز: 130,728000,1040000,Commodity,"Approved, Online Payment, Bank Payment, Cash On Delivery, Shipping Required",1,59730002130,,,,,,
112165471,170388041,کمربند مردانه پارینه چرم مدل BP15_4CM رنگ: قهوه ای، سایز: 125,728000,1040000,Commodity,"Approved, Online Payment, Bank Payment, Cash On Delivery, Shipping Required",0,59730002125,,,,,,
112165470,170388041,کمربند مردانه پارینه چرم مدل BP15_4CM رنگ: قهوه ای، سایز: 120,728000,1040000,Commodity,"Approved, Online Payment, Bank Payment, Cash On Delivery, Shipping Required",0,59730002120,,,,,,
112165469,170388041,کمربند مردانه پارینه چرم مدل BP15_4CM رنگ: قهوه ای، سایز: 115,728000,1040000,Commodity,"Approved, Online Payment, Bank Payment, Cash On Delivery, Shipping Required",0,59730002115,,,,,,
112165468,170388041,کمربند مردانه پارینه چرم مدل BP15_4CM رنگ: قهوه ای، سایز: 110,728000,1040000,Commodity,"Approved, Online Payment, Bank Payment, Cash On Delivery, Shipping Required",0,59730002110,,,,,,
112165428,170387901,کیف پول مردانه پارینه چرم مدل LW2 رنگ: قهوه ای,651700,931000,Commodity,"Approved, Online Payment, Bank Payment, Cash On Delivery, Shipping Required",1,10080002000,,,,,,
112146350,170367543,کیف دوشی زنانه پارینه دچرم مدل PLV222,,,Commodity,Shipping Required,,,,,,,,
112146291,170367483,کیف دوشی زنانه پارینه چرم مدل PLV215,,,Commodity,Shipping Required,,,,,,,,
112146269,170367468,کیف دوشی زنانه پارینه چرم مدل PLV206,,,Commodity,Shipping Required,,,,,,,,
112146226,170367422,کیف دوشی زنانه پارینه چرم مدل PLV204,,,Commodity,Shipping Required,,,,,,,,
112146112,170367339,کیف دوشی زنانه پارینه چرم مدل PLV200,,,Commodity,Shipping Required,,,,,,,,
112145862,170366916,کیف دوشی زنانه پارینه چرم مدل PLV199,,,Commodity,Shipping Required,,,,,,,,
112145856,170366907,کیف دوشی زنانه پارینه چرم مدل PLV198,,,Commodity,Shipping Required,,,,,,,,
112145842,170366873,کیف دوشی زنانه پارینه چرم مدل plv188,,,Commodity,Shipping Required,,,,,,,,
112145271,170366802,کیف دوشی زنانه پارینه چرم مدل plv184,,,Commodity,Shipping Required,,,,,,,,
112144881,170366696,کیف دوشی زنانه پارینه چرم مدل PLV174,,,Commodity,Shipping Required,,,,,,,,
112144688,170366675,کیف دوشی زنانه پارینه چرم مدل PLV171,,,Commodity,Shipping Required,,,,,,,,
112128967,170327924,کیف دوشی زنانه پارینه چرم مدل PLV169,,,Commodity,Shipping Required,,,,,,,,
112128381,170327835,کیف دوشی زنانه پارینه چرم مدل PLV166,,,Commodity,Shipping Required,,,,,,,,
112128363,170327833,کفش رسمی زنانه پارینه چرم مدل SHOW82,,,Commodity,Shipping Required,,,,,,,,
112128321,170327660,کیف دوشی زنانه پارینه چرم مدل PLV137,,,Commodity,Shipping Required,,,,,,,,
112128252,170327519,کیف دوشی زنانه پارینه چرم مدل PLV74,,,Commodity,Shipping Required,,,,,,,,
112128232,170327444,کیف دوشی مردانه کهن چرم مدل V224,,,Commodity,Shipping Required,,,,,,,,
112128230,170327440,کیف مجلسی زنانه کهن چرم مدل V180,,,Commodity,Shipping Required,,,,,,,,
112128201,170327322,کیف مجلسی زنانه کهن چرم مدل V178,,,Commodity,Shipping Required,,,,,,,,
112128200,170327321,کیف دوشی زنانه پارینه چرم مدل PLV21,,,Commodity,Shipping Required,,,,,,,,
112128186,170327269,کیف مجلسی زنانه کهن چرم مدل V177,,,Commodity,Shipping Required,,,,,,,,
112126619,170325235,کمربند مردانه پارینه چرم مدل BP47,,,Commodity,Shipping Required,,,,,,,,
112126577,170325105,کمربند مردانه پارینه چرم مدل BP46,,,Commodity,Shipping Required,,,,,,,,
112126433,170325064,کمربند مردانه پارینه چرم مدل BP43,,,Commodity,Shipping Required,,,,,,,,
112126215,170324764,کمربند مردانه پارینه چرم مدل BP42,,,Commodity,Shipping Required,,,,,,,,
112126175,170324652,کمربند مردانه پارینه چرم مدل BP41,,,Commodity,Shipping Required,,,,,,,,
112126043,170324464,کمربند مردانه پارینه چرم مدل BP40-4CM,,,Commodity,Shipping Required,,,,,,,,
112126008,170324457,کمربند مردانه پارینه چرم مدل BP40,,,Commodity,Shipping Required,,,,,,,,
112125985,170324385,کمربند مردانه پارینه چرم مدل BP22-4CM,,,Commodity,Shipping Required,,,,,,,,
112125932,170324310,کمربند مردانه پارینه چرم مدل BP22,,,Commodity,Shipping Required,,,,,,,,
112125885,170324234,کمربند مردانه پارینه چرم مدل BP16,,,Commodity,Shipping Required,,,,,,,,
112125859,170324215,کمربند مردانه پارینه چرم مدل BP15_4CM,,,Commodity,Shipping Required,,,,,,,,
112125835,170324195,کمربند مردانه پارینه چرم مدل BP15,,,Commodity,Shipping Required,,,,,,,,
112125676,170323935,کمربند مردانه پارینه چرم مدل BP12,,,Commodity,Shipping Required,,,,,,,,
112125666,170323924,کمربند مردانه پارینه چرم مدل BP11_4CM,,,Commodity,Shipping Required,,,,,,,,
112125659,170323915,کمربند مردانه پارینه چرم مدل BP10_4CM,,,Commodity,Shipping Required,,,,,,,,
112125620,170323875,کمربند مردانه پارینه چرم مدل BP10,,,Commodity,Shipping Required,,,,,,,,
112125607,170323867,کمربند مردانه پارینه چرم مدل BP6_4CM,,,Commodity,Shipping Required,,,,,,,,
112125595,170323850,کمربند مردانه پارینه چرم مدل BP6,,,Commodity,Shipping Required,,,,,,,,
112125580,170323789,کمربند مردانه پارینه چرم مدل BP2,,,Commodity,Shipping Required,,,,,,,,
112121645,170313878,کیف آرایش زنانه کهن چرم مدل A1-2,,,Commodity,Shipping Required,,,,,,,,
112121588,170313776,کفش رسمی مردانه کهن چرم مدل SHO254,,,Commodity,Shipping Required,,,,,,,,
112121563,170313772,کفش رسمی مردانه کهن چرم مدل SHO253,,,Commodity,Shipping Required,,,,,,,,
112121475,170313707,کیف پول جیبی کهن چرم مدل F3,,,Commodity,Shipping Required,,,,,,,,
112121396,170313600,جاکارتی کهن چرم مدل CH29,,,Commodity,Shipping Required,,,,,,,,
112121379,170313595,جاکارتی کهن چرم مدل CH28-1,,,Commodity,Shipping Required,,,,,,,,
112121360,170313588,جاکارتی کهن چرم مدل CH21,,,Commodity,Shipping Required,,,,,,,,
112121359,170313587,کفش کلاسیک مردانه پارینه چرم مدل SHO237,,,Commodity,Shipping Required,,,,,,,,
112121332,170313562,جاکارتی کهن چرم مدل CH16-1,,,Commodity,Shipping Required,,,,,,,,
112121330,170313560,کفش کلاسیک مردانه پارینه چرم مدل SHO236,,,Commodity,Shipping Required,,,,,,,,
112121328,170313557,جاکارتی کهن چرم مدل CH16,,,Commodity,Shipping Required,,,,,,,,
112120366,170311518,کفش کلاسیک مردانه پارینه چرم مدل SHO234,,,Commodity,Shipping Required,,,,,,,,
112120309,170311413,کفش کلاسیک مردانه پارینه چرم مدل SHO213,,,Commodity,Shipping Required,,,,,,,,
112120230,170311289,کفش کلاسیک مردانه پارینه چرم مدل SHO192,,,Commodity,Shipping Required,,,,,,,,
112120149,170311025,کفش کلاسیک مردانه پارینه چرم مدل SHO177,,,Commodity,Shipping Required,,,,,,,,
112120044,170310752,کفش روزمره مردانه پارینه چرم مدلSHO240,,,Commodity,Shipping Required,,,,,,,,
112120017,170310676,کفش روزمره مردانه پارینه چرم مدل SHO207,,,Commodity,Shipping Required,,,,,,,,
112119984,170310557,کفش روزمره پارینه چرم مدل SHO200,,,Commodity,Shipping Required,,,,,,,,
112119928,170310356,کفش روزمره پارینه چرم مدل SHO189,,,Commodity,Shipping Required,,,,,,,,
112118994,170308526,کمربند مردانه کهن چرم مدل B82,,,Commodity,Shipping Required,,,,,,,,
112118990,170308524,کمربند مردانه کهن چرم مدل B81,,,Commodity,Shipping Required,,,,,,,,
112118977,170308473,کمربند مردانه کهن چرم مدل B80,,,Commodity,Shipping Required,,,,,,,,
112118975,170308471,کمربند مردانه کهن چرم مدل B79,,,Commodity,Shipping Required,,,,,,,,
112118860,170308421,کمربند مردانه کهن چرم مدل B78,,,Commodity,Shipping Required,,,,,,,,
112118858,170308413,کمربند مردانه کهن چرم مدل B76,,,Commodity,Shipping Required,,,,,,,,
112118847,170308364,کمربند مردانه کهن چرم مدل B74,,,Commodity,Shipping Required,,,,,,,,
112118806,170308311,کمربند مردانه کهن چرم مدل B72,,,Commodity,Shipping Required,,,,,,,,
112118799,170308307,کمربند مردانه کهن چرم مدل B70,,,Commodity,Shipping Required,,,,,,,,
112118787,170308252,کمربند مردانه کهن چرم مدل B68,,,Commodity,Shipping Required,,,,,,,,
112118785,170308247,کمربند مردانه کهن چرم مدل B67,,,Commodity,Shipping Required,,,,,,,,
112118771,170308246,کفش روزمره پارینه چرم مدل SHO188,,,Commodity,Shipping Required,,,,,,,,
112118751,170308193,کمربند مردانه کهن چرم مدل B65,,,Commodity,Shipping Required,,,,,,,,
112118733,170308189,کفش روزمره پارینه چرم مدل SHO185,,,Commodity,Shipping Required,,,,,,,,
112118728,170308184,کمربند مردانه کهن چرم مدل B64,,,Commodity,Shipping Required,,,,,,,,
112118716,170308182,کمربند مردانه کهن چرم مدل B44,,,Commodity,Shipping Required,,,,,,,,
112118715,170308180,کمربند مردانه کهن چرم مدل B42,,,Commodity,Shipping Required,,,,,,,,
112118712,170308177,کمربند مردانه کهن چرم مدل B40,,,Commodity,Shipping Required,,,,,,,,
112118695,170308168,کفش روزمره پارینه چرم مدل SHO184,,,Commodity,Shipping Required,,,,,,,,
112118668,170308165,کمربندمردانه کهن چرم مدل B38,,,Commodity,Shipping Required,,,,,,,,
112118667,170308164,کفش روزمره پارینه چرم مدل SHO163,,,Commodity,Shipping Required,,,,,,,,
112118658,170308150,کمربند مردانه کهن چرم مدل B36,,,Commodity,Shipping Required,,,,,,,,
112118648,170308101,کفش روزمره پارینه چرم مدل SHO161,,,Commodity,Shipping Required,,,,,,,,
112118646,170308099,کمربند مردانه کهن چرم مدل B22-4cm,,,Commodity,Shipping Required,,,,,,,,
112118643,170308096,کمربند مردانه کهن چرم مدل B22,,,Commodity,Shipping Required,,,,,,,,
112118638,170308094,کمربند مردانه کهن چرم مدل B21,,,Commodity,Shipping Required,,,,,,,,
112118637,170308093,کمربند مردانه کهن چرم مدل B19,,,Commodity,Shipping Required,,,,,,,,
112118634,170308084,کمربند مردانه کهن چرم مدل B18-4cm,,,Commodity,Shipping Required,,,,,,,,
112118633,170308083,کمربند مردانه کهن چرم مدل B18,,,Commodity,Shipping Required,,,,,,,,
112118630,170308080,کمربند مردانه کهن چرم مدل B17-4cm,,,Commodity,Shipping Required,,,,,,,,
112118627,170308070,کمربند مردانه کهن چرم مدل B17,,,Commodity,Shipping Required,,,,,,,,
112118611,170308066,کمربند مردانه کهن چرم مدل B16,,,Commodity,Shipping Required,,,,,,,,
112114918,170300970,ست هدیه زنانه کهن چرم مدل MK21-2,,,Commodity,Shipping Required,,,,,,,,
112114914,170300965,ست هدیه زنانه کهن چرم مدل MK22-2,,,Commodity,Shipping Required,,,,,,,,
112114912,170300961,ست هدیه زنانه کهن چرم مدل MK111-2,,,Commodity,Shipping Required,,,,,,,,
112114908,170300956,ست هدیه مردانه کهن چرم مدل MK221,,,Commodity,Shipping Required,,,,,,,,
112114904,170300951,ست هدیه مردانه کهن چرم مدل MK217,,,Commodity,Shipping Required,,,,,,,,
112114903,170300944,ست هدیه مردانه کهن چرم مدل MK214,,,Commodity,Shipping Required,,,,,,,,
112114901,170300942,ست هدیه مردانه کهن چرم مدل MK213,,,Commodity,Shipping Required,,,,,,,,
112114886,170300916,ست هدیه کهن چرم مدل MK8,,,Commodity,Shipping Required,,,,,,,,
112114879,170300910,ست هدیه کهن چرم مدل MK5,,,Commodity,Shipping Required,,,,,,,,
112114846,170300815,کمربندمردانه کهن چرم مدل B15,,,Commodity,Shipping Required,,,,,,,,
112114831,170300763,کمربند مردانه کهن چرم مدل B14-4cm,,,Commodity,Shipping Required,,,,,,,,
112114826,170300758,کمربند مردانه کهن چرم B14,,,Commodity,Shipping Required,,,,,,,,
112114821,170300746,کمربند مردانه کهن چرم مدل B13-4cm,,,Commodity,Shipping Required,,,,,,,,
112114815,170300741,کیف پول مردانه کهن چرم مدل LWK48,,,Commodity,Shipping Required,1,,,,,,,
112114814,170300740,کمربند مردانه کهن چرم مدل B13,,,Commodity,Shipping Required,,,,,,,,
112114810,170300733,کیف پول زنانه کهن چرم مدل LWK40,,,Commodity,Shipping Required,,,,,,,,
112114808,170300729,کیف پول زنانه کهن چرم مدل LWK39,,,Commodity,Shipping Required,,,,,,,,
112114796,170300670,کمربند مردانه کهن چرم مدل B12,,,Commodity,Shipping Required,,,,,,,,
112114780,170300664,کیف پول مردانه کهن چرم مدل LWK38,,,Commodity,Shipping Required,,,,,,,,
112114774,170300656,کمربند مردانه کهن چرم مدل B11,,,Commodity,Shipping Required,,,,,,,,
112114770,170300652,کیف پول زنانه کهن چرم مدل LW58,,,Commodity,Shipping Required,,,,,,,,
112114767,170300650,کمربندمردانه کهن چرم مدل B10-4cm,,,Commodity,Shipping Required,,,,,,,,
112114755,170300591,کمربند مردانه کهن چرم مدل B10,,,Commodity,Shipping Required,,,,,,,,
112114749,170300582,کیف پول زنانه کهن چرم مدل LW50-18,,,Commodity,Shipping Required,,,,,,,,
112114745,170300578,کمربندمردانه کهن چرم مدل B9-4cm,,,Commodity,Shipping Required,,,,,,,,
112114744,170300577,کیف پول زنانه کهن چرم مدل LW50-11,,,Commodity,Shipping Required,,,,,,,,
112114728,170300524,کمربند مردانه کهن چرم مدل B9,,,Commodity,Shipping Required,,,,,,,,
112114725,170300520,کیف پول زنانه کهن چرم مدل LW50-10,,,Commodity,Shipping Required,,,,,,,,
112114711,170300469,کمربند مردانه کهن چرم مدل B8,,,Commodity,Shipping Required,,,,,,,,
112114704,170300459,کیف پول زنانه کهن چرم مدل LW50-9,,,Commodity,Shipping Required,,,,,,,,
112114699,170300456,کمربند مردانه کهن چرم مدل B6-4cm,,,Commodity,Shipping Required,,,,,,,,
112114683,170300447,کمربند مردانه کهن چرم مدل B6,,,Commodity,Shipping Required,,,,,,,,
112114676,170300438,کمربند مردانه کهن چرم مدل B5-4cm,,,Commodity,Shipping Required,,,,,,,,
112114663,170300409,کمربند مردانه کهن چرم مدل B5,,,Commodity,Shipping Required,,,,,,,,
112114648,170300398,کمربند مردانه کهن چرم مدل B4,,,Commodity,Shipping Required,,,,,,,,
112114603,170300295,کیف پول زنانه کهن چرم مدل LW44,,,Commodity,Shipping Required,,,,,,,,
112114602,170300294,کفش رسمی مردانه کهن چرم مدل SHO242,,,Commodity,Shipping Required,,,,,,,,
112114601,170300284,کیف پول زنانه کهن چرم مدل LW23,,,Commodity,Shipping Required,,,,,,,,
112114599,170300282,کفش رسمی مردانه کهن چرم مدل SHO239,,,Commodity,Shipping Required,,,,,,,,
112114584,170300276,کیف پول مردانه کهن چرم مدل LW13,,,Commodity,Shipping Required,,,,,,,,
112114570,170300265,کیف پول مردانه کهن چرم مدل LW11,,,Commodity,Shipping Required,,,,,,,,
112114569,170300264,کفش روزمره پارینه چرم مدل SHO160,,,Commodity,Shipping Required,,,,,,,,
112114566,170300261,کفش رسمی مردانه کهن چرم مدل SHO238,,,Commodity,Shipping Required,,,,,,,,
112114560,170300255,کفش رسمی مردانه کهن چرم مدل SHO232,,,Commodity,Shipping Required,,,,,,,,
112114551,170300250,کفش رسمی مردانه کهن چرم مدل SHO231,,,Commodity,Shipping Required,,,,,,,,
112114494,170300072,فولدر چرم طبیعی کهن چرم مدل PF42,,,Commodity,Shipping Required,,,,,,,,
112114493,170300071,کفش رسمی مردانه کهن چرم مدل SHO230,,,Commodity,Shipping Required,,,,,,,,
112114487,170300068,کفش روزمره پارینه چرم مدلSHO156,,,Commodity,Shipping Required,,,,,,,,
112114482,170300060,فولدر چرم طبیعی کهن چرم مدل PF22,,,Commodity,Shipping Required,,,,,,,,
112114460,170300052,کفش رسمی مردانه کهن چرم مدل SHO212,,,Commodity,Shipping Required,,,,,,,,
112114446,170300029,کیف مدارک مردانه کهن چرم مدل PS22,,,Commodity,Shipping Required,,,,,,,,
112114434,170299968,کفش رسمی مردانه کهن چرم SHO155,,,Commodity,Shipping Required,,,,,,,,
112114431,170299951,کفش روزمره پارینه چرم مدل SHO153,,,Commodity,Shipping Required,,,,,,,,
112114428,170299948,کفش رسمی مردانه کهن چرم مدل SHO115,,,Commodity,Shipping Required,,,,,,,,
112114407,170299884,کفش روزمره پارینه چرم مدل  SHO143,,,Commodity,Shipping Required,,,,,,,,
112114379,170299779,کفش رسمی مردانه کهن چرم مدل SHO110-7,,,Commodity,Shipping Required,,,,,,,,
112114363,170299719,کیف مدارک مردانه پارینه چرم مدل PS40,,,Commodity,Shipping Required,,,,,,,,
112114362,170299718,کفش رسمی مردانه کهن چرم مدل SHO110,,,Commodity,Shipping Required,,,,,,,,
112114350,170299666,کفش رسمی مردانه کهن چرم مدل SHO108,,,Commodity,Shipping Required,,,,,,,,
112114250,170299408,کیف مدارک مردانه پارینه چرم مدل PS38,,,Commodity,Shipping Required,,,,,,,,
112114112,170298983,کفش رسمی مردانه پارینه چرم مدل  SHO171,,,Commodity,Shipping Required,,,,,,,,
112114012,170298881,کفش رسمی مردانه پارینه چرم مدل SHO198,,,Commodity,Shipping Required,,,,,,,,
112113930,170298605,کیف مدارک مردانه پارینه چرم مدل PS28,,,Commodity,Shipping Required,,,,,,,,
112113879,170298395,کیف مدارک مردانه پارینه چرم مدل PS13,,,Commodity,Shipping Required,,,,,,,,
112113868,170298345,کیف مدارک مردانه پارینه چرم مدل PS3,,,Commodity,Shipping Required,,,,,,,,
112113483,170297623,کفش اسپرت مردانه پارینه چرم مدل SHO220,,,Commodity,Shipping Required,,,,,,,,
112109005,170286670,ست هدیه زنانه کهن چرم مدل MK14,,,Commodity,Shipping Required,,,,,,,,
112108963,170286539,ست هدیه مردانه پارینه چرم M24,,,Commodity,Shipping Required,,,,,,,,
112108884,170286305,ست هدیه مردانه پارینه چرم M8,,,Commodity,Shipping Required,,,,,,,,
112108858,170286243,ست هدیه مردانه پارینه چرم M225,,,Commodity,Shipping Required,,,,,,,,
112108730,170285851,کیف کتی مردانه پارینه چرم مدل LW2,,,Commodity,Shipping Required,,,,,,,,
112108573,170285462,کیف کمری مردانه پارینه چرم مدل DB112,,,Commodity,Shipping Required,,,,,,,,
112108524,170285446,کیف دوشی مردانه کهن چرم مدل DB101,,,Commodity,Shipping Required,,,,,,,,
112108509,170285395,کیف دوشی مردانه کهن چرم مدل DB100,,,Commodity,Shipping Required,,,,,,,,
112108500,170285388,کیف دوشی مردانه پارینه چرم مدل DB121,,,Commodity,Shipping Required,,,,,,,,
112108494,170285383,کیف دوشی مردانه پارینه چرم مدل DB109,,,Commodity,Shipping Required,,,,,,,,
112108324,170284931,کیف دوشی مردانه پارینه چرم مدل DB108,,,Commodity,Shipping Required,,,,,,,,
112108321,170284928,کیف اداری مردانه کهن چرم مدل L156,,,Commodity,Shipping Required,,,,,,,,
112108315,170284922,کیف اداری مردانه کهن چرم مدل L153,,,Commodity,Shipping Required,,,,,,,,
112108288,170284904,کیف اداری مردانه کهن چرم مدل L163,,,Commodity,Shipping Required,,,,,,,,
112108186,170284793,کیف اداری مردانه کهن چرم مدل L164,,,Commodity,Shipping Required,,,,,,,,
112096959,170274996,کیف اداری مردانه کهن چرم مدل L111,,,Commodity,Shipping Required,,,,,,,,
112096934,170274976,کیف اداری مردانه پارینه چرم مدل L115,,,Commodity,Shipping Required,,,,,,,,
112096929,170274969,کیف اداری مردانه پارینه چرم مدل LT1,,,Commodity,Shipping Required,,,,,,,,
112096912,170274947,کیف اداری مردانه پارینه چرم مدل L114,,,Commodity,Shipping Required,,,,,,,,
112096907,170274938,کیف اداری مردانه پارینه چرم مدل L83,,,Commodity,Shipping Required,,,,,,,,
112096904,170274935,کیف اداری مردانه پارینه چرم مدل L81,,,Commodity,Shipping Required,,,,,,,,
112096901,170274932,کیف اداری مردانه پارینه چرم مدل L162,,,Commodity,Shipping Required,,,,,,,,
112096898,170274923,کیف اداری مردانه پارینه چرم مدل L160,,,Commodity,Shipping Required,,,,,,,,
112096896,170274921,کیف اداری مردانه پارینه چرم مدل L159,,,Commodity,Shipping Required,,,,,,,,
112096887,170274873,کیف اداری مردانه پارینه چرم مدل L146,,,Commodity,Shipping Required,,,,,,,,
112096884,170274870,کیف اداری مردانه پارینه چرم مدل L141,,,Commodity,Shipping Required,,,,,,,,
112096852,170274844,کیف اداری مردانه پارینه چرم مدل L67,,,Commodity,Shipping Required,,,,,,,,
112096845,170274841,کیف اداری مردانه پارینه چرم مدل L64,,,Commodity,Shipping Required,,,,,,,,
112096832,170274834,کیف اداری مردانه پارینه چرم مدل L8,,,Commodity,Shipping Required,0,,,,,,,
111824174,169786119,کتاب روانشناسی فروش حرفه ای در بازار ایران,282000,352000,Commodity,"Approved, Online Payment, Shipping Required",496,,,,,,,
111600990,169278427,کفش زنانه طبی چرم طبیعی آراز مدل نیلوفر بدون بند رنگ: مشکی، سایز: 40,2277000,3795000,Commodity,"Approved, Online Payment, Bank Payment, Cash On Delivery, Shipping Required",1,,,,,,,
111568939,169387378,کفش اسپرت مردانه برادران مدل خشتی مردانه رنگ: طوسی سیر، سایز: 45,545952,909920,Commodity,"Approved, Online Payment, Bank Payment, Cash On Delivery, Shipping Required",0,79150017045,,,,,,
111568938,169387378,کفش اسپرت مردانه برادران مدل خشتی مردانه رنگ: طوسی سیر، سایز: 44,545952,909920,Commodity,"Approved, Online Payment, Bank Payment, Cash On Delivery, Shipping Required",1,79150017044,,,,,,
111568937,169387378,کفش اسپرت مردانه برادران مدل خشتی مردانه رنگ: طوسی سیر، سایز: 43,545952,909920,Commodity,"Approved, Online Payment, Bank Payment, Cash On Delivery, Shipping Required",3,79150017043,,,,,,
111568936,169387378,کفش اسپرت مردانه برادران مدل خشتی مردانه رنگ: طوسی سیر، سایز: 42,545952,909920,Commodity,"Approved, Online Payment, Bank Payment, Cash On Delivery, Shipping Required",2,79150017042,,,,,,
111568935,169387378,کفش اسپرت مردانه برادران مدل خشتی مردانه رنگ: طوسی سیر، سایز: 41,545952,909920,Commodity,"Approved, Online Payment, Bank Payment, Cash On Delivery, Shipping Required",2,79150017041,,,,,,
111568933,169387376,کفش اسپرت مردانه برادران مدل خشتی مردانه رنگ: سفید، سایز: 45,555720,926200,Commodity,"Approved, Online Payment, Bank Payment, Cash On Delivery, Shipping Required",0,79150016045,,,,,,
111568932,169387376,کفش اسپرت مردانه برادران مدل خشتی مردانه رنگ: سفید، سایز: 44,555720,926200,Commodity,"Approved, Online Payment, Bank Payment, Cash On Delivery, Shipping Required",1,79150016044,,,,,,
111568931,169387376,کفش اسپرت مردانه برادران مدل خشتی مردانه رنگ: سفید، سایز: 43,555720,926200,Commodity,"Approved, Online Payment, Bank Payment, Cash On Delivery, Shipping Required",4,79150016043,,,,,,
111568930,169387376,کفش اسپرت مردانه برادران مدل خشتی مردانه رنگ: سفید، سایز: 42,555720,926200,Commodity,"Approved, Online Payment, Bank Payment, Cash On Delivery, Shipping Required",2,79150016042,,,,,,
111568929,169387376,کفش اسپرت مردانه برادران مدل خشتی مردانه رنگ: سفید، سایز: 41,555720,926200,Commodity,"Approved, Online Payment, Bank Payment, Cash On Delivery, Shipping Required",0,79150016041,,,,,,
111568919,169387326,کفش اسپرت مردانه برادران مدل خشتی مردانه رنگ: طوسی، سایز: 45,545952,909920,Commodity,"Approved, Online Payment, Bank Payment, Cash On Delivery, Shipping Required",0,79150017045,,,,,,
111568918,169387326,کفش اسپرت مردانه برادران مدل خشتی مردانه رنگ: طوسی، سایز: 44,545952,909920,Commodity,"Approved, Online Payment, Bank Payment, Cash On Delivery, Shipping Required",1,79150017044,,,,,,
111568917,169387326,کفش اسپرت مردانه برادران مدل خشتی مردانه رنگ: طوسی، سایز: 43,545952,909920,Commodity,"Approved, Online Payment, Bank Payment, Cash On Delivery, Shipping Required",3,79150017043,,,,,,
111568916,169387326,کفش اسپرت مردانه برادران مدل خشتی مردانه رنگ: طوسی، سایز: 42,545952,909920,Commodity,"Approved, Online Payment, Bank Payment, Cash On Delivery, Shipping Required",2,79150017042,,,,,,
111568915,169387326,کفش اسپرت مردانه برادران مدل خشتی مردانه رنگ: طوسی، سایز: 41,545952,909920,Commodity,"Approved, Online Payment, Bank Payment, Cash On Delivery, Shipping Required",2,79150017041,,,,,,
111568909,169387321,کفش اسپرت مردانه برادران مدل خشتی مردانه رنگ: مشکی سفید، سایز: 45,545952,909920,Commodity,"Approved, Online Payment, Bank Payment, Cash On Delivery, Shipping Required",0,79158518045,,,,,,
111568908,169387321,کفش اسپرت مردانه برادران مدل خشتی مردانه رنگ: مشکی سفید، سایز: 44,545952,909920,Commodity,"Approved, Online Payment, Bank Payment, Cash On Delivery, Shipping Required",6,79158518044,,,,,,
111568907,169387321,کفش اسپرت مردانه برادران مدل خشتی مردانه رنگ: مشکی سفید، سایز: 43,545952,909920,Commodity,"Approved, Online Payment, Bank Payment, Cash On Delivery, Shipping Required",6,79158518043,,,,,,
111568906,169387321,کفش اسپرت مردانه برادران مدل خشتی مردانه رنگ: مشکی سفید، سایز: 42,545952,909920,Commodity,"Approved, Online Payment, Bank Payment, Cash On Delivery, Shipping Required",7,79158518042,,,,,,
111568905,169387321,کفش اسپرت مردانه برادران مدل خشتی مردانه رنگ: مشکی سفید، سایز: 41,545952,909920,Commodity,"Approved, Online Payment, Bank Payment, Cash On Delivery, Shipping Required",5,79158518041,,,,,,
111568898,169387316,کفش اسپرت مردانه برادران مدل امیری رنگ: سفید مشکی، سایز: 44,1206612,2011020,Commodity,"Approved, Online Payment, Bank Payment, Cash On Delivery, Shipping Required",1,79178552044,,,,,,
111568897,169387316,کفش اسپرت مردانه برادران مدل امیری رنگ: سفید مشکی، سایز: 43,1206612,2011020,Commodity,"Approved, Online Payment, Bank Payment, Cash On Delivery, Shipping Required",0,79178552043,,,,,,
111568896,169387316,کفش اسپرت مردانه برادران مدل امیری رنگ: سفید مشکی، سایز: 42,1206612,2011020,Commodity,"Approved, Online Payment, Bank Payment, Cash On Delivery, Shipping Required",0,79178552042,,,,,,
111568895,169387316,کفش اسپرت مردانه برادران مدل امیری رنگ: سفید مشکی، سایز: 41,1206612,2011020,Commodity,"Approved, Online Payment, Bank Payment, Cash On Delivery, Shipping Required",0,79178552041,,,,,,
111568890,169387306,کفش اسپرت زنانه برادران مدل میانه رنگ: سرمه ای، سایز: 40,1067220,1778700,Commodity,"Approved, Online Payment, Bank Payment, Cash On Delivery, Shipping Required",3,82070007040,,,,,,
111568889,169387306,کفش اسپرت زنانه برادران مدل میانه رنگ: سرمه ای، سایز: 39,1067220,1778700,Commodity,"Approved, Online Payment, Bank Payment, Cash On Delivery, Shipping Required",0,82070007021,,,,,,
111568888,169387306,کفش اسپرت زنانه برادران مدل میانه رنگ: سرمه ای، سایز: 38,1067220,1778700,Commodity,"Approved, Online Payment, Bank Payment, Cash On Delivery, Shipping Required",1,82070007019,,,,,,
111568887,169387306,کفش اسپرت زنانه برادران مدل میانه رنگ: سرمه ای، سایز: 37,1067220,1778700,Commodity,"Approved, Online Payment, Bank Payment, Cash On Delivery, Shipping Required",0,82070007017,,,,,,
111568876,169387284,کفش اسپرت مردانه برادران مدل جردن رنگ: سفید مشکی، سایز: 44,635250,1058750,Commodity,"Approved, Online Payment, Bank Payment, Cash On Delivery, Shipping Required",2,82068552044,,,,,,
111568875,169387284,کفش اسپرت مردانه برادران مدل جردن رنگ: سفید مشکی، سایز: 43,635250,1058750,Commodity,"Approved, Online Payment, Bank Payment, Cash On Delivery, Shipping Required",2,82068552043,,,,,,
111568874,169387284,کفش اسپرت مردانه برادران مدل جردن رنگ: سفید مشکی، سایز: 42,635250,1058750,Commodity,"Approved, Online Payment, Bank Payment, Cash On Delivery, Shipping Required",3,82068552042,,,,,,
111568873,169387284,کفش اسپرت مردانه برادران مدل جردن رنگ: سفید مشکی، سایز: 41,635250,1058750,Commodity,"Approved, Online Payment, Bank Payment, Cash On Delivery, Shipping Required",1,82068552041,,,,,,
111568863,169387235,کفش اسپرت مردانه برادران مدل مردانه رنگ: مشکی، سایز: 44,1092630,1821050,Commodity,"Approved, Online Payment, Bank Payment, Cash On Delivery, Shipping Required",2,82080001044,,,,,,
111568862,169387235,کفش اسپرت مردانه برادران مدل مردانه رنگ: مشکی، سایز: 43,1092630,1821050,Commodity,"Approved, Online Payment, Bank Payment, Cash On Delivery, Shipping Required",6,82080001043,,,,,,
111568861,169387235,کفش اسپرت مردانه برادران مدل مردانه رنگ: مشکی، سایز: 42,1092630,1821050,Commodity,"Approved, Online Payment, Bank Payment, Cash On Delivery, Shipping Required",5,82080001042,,,,,,
111568860,169387235,کفش اسپرت مردانه برادران مدل مردانه رنگ: مشکی، سایز: 41,1092630,1821050,Commodity,"Approved, Online Payment, Bank Payment, Cash On Delivery, Shipping Required",4,82080001041,,,,,,
111568854,169387231,کفش اسپرت زنانه برادران مدل میانه رنگ: مشکی، سایز: 40,1067220,1778700,Commodity,"Approved, Online Payment, Bank Payment, Cash On Delivery, Shipping Required",0,82070001040,,,,,,
111568853,169387231,کفش اسپرت زنانه برادران مدل میانه رنگ: مشکی، سایز: 39,1067220,1778700,Commodity,"Approved, Online Payment, Bank Payment, Cash On Delivery, Shipping Required",4,82070001021,,,,,,
111568852,169387231,کفش اسپرت زنانه برادران مدل میانه رنگ: مشکی، سایز: 38,1067220,1778700,Commodity,"Approved, Online Payment, Bank Payment, Cash On Delivery, Shipping Required",3,82070001019,,,,,,
111568851,169387231,کفش اسپرت زنانه برادران مدل میانه رنگ: مشکی، سایز: 37,1067220,1778700,Commodity,"Approved, Online Payment, Bank Payment, Cash On Delivery, Shipping Required",2,82070001017,,,,,,
111568837,169387207,کفش اسپرت مردانه برادران مدل امیری رنگ: سفید کرم، سایز: 44,1206612,2011020,Commodity,"Approved, Online Payment, Bank Payment, Cash On Delivery, Shipping Required",4,79178785044,,,,,,
111568836,169387207,کفش اسپرت مردانه برادران مدل امیری رنگ: سفید کرم، سایز: 43,1206612,2011020,Commodity,"Approved, Online Payment, Bank Payment, Cash On Delivery, Shipping Required",5,79178785043,,,,,,
111568835,169387207,کفش اسپرت مردانه برادران مدل امیری رنگ: سفید کرم، سایز: 42,1206612,2011020,Commodity,"Approved, Online Payment, Bank Payment, Cash On Delivery, Shipping Required",3,79178785042,,,,,,
111568834,169387207,کفش اسپرت مردانه برادران مدل امیری رنگ: سفید کرم، سایز: 41,1206612,2011020,Commodity,"Approved, Online Payment, Bank Payment, Cash On Delivery, Shipping Required",2,79178785041,,,,,,
111568817,169387112,کفش اسپرت زنانه برادران مدل برفی رنگ: مشکی، سایز: 40,508200,847000,Commodity,"Approved, Online Payment, Bank Payment, Cash On Delivery, Shipping Required",1,79148518040,,,,,,
111568816,169387112,کفش اسپرت زنانه برادران مدل برفی رنگ: مشکی، سایز: 39,508200,847000,Commodity,"Approved, Online Payment, Bank Payment, Cash On Delivery, Shipping Required",3,79148518021,,,,,,
111568815,169387112,کفش اسپرت زنانه برادران مدل برفی رنگ: مشکی، سایز: 38,508200,847000,Commodity,"Approved, Online Payment, Bank Payment, Cash On Delivery, Shipping Required",0,79148518019,,,,,,
111568814,169387112,کفش اسپرت زنانه برادران مدل برفی رنگ: مشکی، سایز: 37,508200,847000,Commodity,"Approved, Online Payment, Bank Payment, Cash On Delivery, Shipping Required",2,79148518017,,,,,,
111568805,169387064,کفش اسپرت زنانه برادران مدل برفی رنگ: طوسی، سایز: 40,508200,847000,Commodity,"Approved, Online Payment, Bank Payment, Cash On Delivery, Shipping Required",2,79140017040,,,,,,
111568804,169387064,کفش اسپرت زنانه برادران مدل برفی رنگ: طوسی، سایز: 39,508200,847000,Commodity,"Approved, Online Payment, Bank Payment, Cash On Delivery, Shipping Required",0,79140017021,,,,,,
111568803,169387064,کفش اسپرت زنانه برادران مدل برفی رنگ: طوسی، سایز: 38,508200,847000,Commodity,"Approved, Online Payment, Bank Payment, Cash On Delivery, Shipping Required",1,79140017019,,,,,,
111568802,169387064,کفش اسپرت زنانه برادران مدل برفی رنگ: طوسی، سایز: 37,508200,847000,Commodity,"Approved, Online Payment, Bank Payment, Cash On Delivery, Shipping Required",0,79140017017,,,,,,
111568801,169387063,کفش اسپرت زنانه برادران مدل برفی رنگ: طوسی سیر، سایز: 40,508200,847000,Commodity,"Approved, Online Payment, Bank Payment, Cash On Delivery, Shipping Required",7,79148723040,,,,,,
111568800,169387063,کفش اسپرت زنانه برادران مدل برفی رنگ: طوسی سیر، سایز: 39,508200,847000,Commodity,"Approved, Online Payment, Bank Payment, Cash On Delivery, Shipping Required",7,79148723021,,,,,,
111568799,169387063,کفش اسپرت زنانه برادران مدل برفی رنگ: طوسی سیر، سایز: 38,508200,847000,Commodity,"Approved, Online Payment, Bank Payment, Cash On Delivery, Shipping Required",6,79148723019,,,,,,
111568798,169387063,کفش اسپرت زنانه برادران مدل برفی رنگ: طوسی سیر، سایز: 37,508200,847000,Commodity,"Approved, Online Payment, Bank Payment, Cash On Delivery, Shipping Required",5,79148723017,,,,,,
111568425,169385915,کفش اسپرت زنانه برادران مدل برفی رنگ: کالباسی، سایز: 40,508200,847000,Commodity,"Approved, Online Payment, Bank Payment, Cash On Delivery, Shipping Required",1,79148531040,,,,,,
111568424,169385915,کفش اسپرت زنانه برادران مدل برفی رنگ: کالباسی، سایز: 39,508200,847000,Commodity,"Approved, Online Payment, Bank Payment, Cash On Delivery, Shipping Required",2,79148531021,,,,,,
111568423,169385915,کفش اسپرت زنانه برادران مدل برفی رنگ: کالباسی، سایز: 38,508200,847000,Commodity,"Approved, Online Payment, Bank Payment, Cash On Delivery, Shipping Required",1,79148531019,,,,,,
111568422,169385915,کفش اسپرت زنانه برادران مدل برفی رنگ: کالباسی، سایز: 37,508200,847000,Commodity,"Approved, Online Payment, Bank Payment, Cash On Delivery, Shipping Required",0,79148531017,,,,,,
111568419,169385912,کفش اسپرت زنانه برادران مدل خشتی میانه رنگ: طوسی سیر، سایز: 40,533610,889350,Commodity,"Approved, Online Payment, Bank Payment, Cash On Delivery, Shipping Required",2,79128723040,,,,,,
111568418,169385912,کفش اسپرت زنانه برادران مدل خشتی میانه رنگ: طوسی سیر، سایز: 39,533610,889350,Commodity,"Approved, Online Payment, Bank Payment, Cash On Delivery, Shipping Required",4,79128723021,,,,,,
111568417,169385912,کفش اسپرت زنانه برادران مدل خشتی میانه رنگ: طوسی سیر، سایز: 38,533610,889350,Commodity,"Approved, Online Payment, Bank Payment, Cash On Delivery, Shipping Required",0,79128723019,,,,,,
111568416,169385912,کفش اسپرت زنانه برادران مدل خشتی میانه رنگ: طوسی سیر، سایز: 37,533610,889350,Commodity,"Approved, Online Payment, Bank Payment, Cash On Delivery, Shipping Required",0,79128723017,,,,,,
111565811,169381138,کفش اسپرت زنانه برادران مدل خشتی میانه رنگ: طوسی، سایز: 40,533610,889350,Commodity,"Approved, Online Payment, Bank Payment, Cash On Delivery, Shipping Required",3,79120017040,,,,,,
111565810,169381138,کفش اسپرت زنانه برادران مدل خشتی میانه رنگ: طوسی، سایز: 39,533610,889350,Commodity,"Approved, Online Payment, Bank Payment, Cash On Delivery, Shipping Required",1,79120017021,,,,,,
111565809,169381138,کفش اسپرت زنانه برادران مدل خشتی میانه رنگ: طوسی، سایز: 38,533610,889350,Commodity,"Approved, Online Payment, Bank Payment, Cash On Delivery, Shipping Required",5,79120017019,,,,,,
111565808,169381138,کفش اسپرت زنانه برادران مدل خشتی میانه رنگ: طوسی، سایز: 37,533610,889350,Commodity,"Approved, Online Payment, Bank Payment, Cash On Delivery, Shipping Required",2,79120017017,,,,,,
111565799,169381134,کفش اسپرت زنانه برادران مدل خشتی میانه رنگ: نارنجی، سایز: 40,544500,907500,Commodity,"Approved, Online Payment, Bank Payment, Cash On Delivery, Shipping Required",0,79120015040,,,,,,
111565798,169381134,کفش اسپرت زنانه برادران مدل خشتی میانه رنگ: نارنجی، سایز: 39,544500,907500,Commodity,"Approved, Online Payment, Bank Payment, Cash On Delivery, Shipping Required",0,79120015021,,,,,,
111565797,169381134,کفش اسپرت زنانه برادران مدل خشتی میانه رنگ: نارنجی، سایز: 38,544500,907500,Commodity,"Approved, Online Payment, Bank Payment, Cash On Delivery, Shipping Required",0,79120015019,,,,,,
111565796,169381134,کفش اسپرت زنانه برادران مدل خشتی میانه رنگ: نارنجی، سایز: 37,544500,907500,Commodity,"Approved, Online Payment, Bank Payment, Cash On Delivery, Shipping Required",0,79120015017,,,,,,
111565759,169381082,کفش اسپرت مردانه برادران مدل ونس رنگ: سفید، سایز: 44,1089000,1815000,Commodity,"Approved, Online Payment, Bank Payment, Cash On Delivery, Shipping Required",7,79160016044,,,,,,
111565758,169381082,کفش اسپرت مردانه برادران مدل ونس رنگ: سفید، سایز: 43,1089000,1815000,Commodity,"Approved, Online Payment, Bank Payment, Cash On Delivery, Shipping Required",6,79160016043,,,,,,
111565757,169381082,کفش اسپرت مردانه برادران مدل ونس رنگ: سفید، سایز: 42,1089000,1815000,Commodity,"Approved, Online Payment, Bank Payment, Cash On Delivery, Shipping Required",7,79160016042,,,,,,
111565756,169381082,کفش اسپرت مردانه برادران مدل ونس رنگ: سفید، سایز: 41,1089000,1815000,Commodity,"Approved, Online Payment, Bank Payment, Cash On Delivery, Shipping Required",7,79160016041,,,,,,
111565734,169381030,کفش اسپرت مردانه برادران مدل ونس رنگ: مشکی، سایز: 44,1089000,1815000,Commodity,"Approved, Online Payment, Bank Payment, Cash On Delivery, Shipping Required",7,79160001044,,,,,,
111565733,169381030,کفش اسپرت مردانه برادران مدل ونس رنگ: مشکی، سایز: 43,1089000,1815000,Commodity,"Approved, Online Payment, Bank Payment, Cash On Delivery, Shipping Required",5,79160001043,,,,,,
111565732,169381030,کفش اسپرت مردانه برادران مدل ونس رنگ: مشکی، سایز: 42,1089000,1815000,Commodity,"Approved, Online Payment, Bank Payment, Cash On Delivery, Shipping Required",6,79160001042,,,,,,
111565731,169381030,کفش اسپرت مردانه برادران مدل ونس رنگ: مشکی، سایز: 41,1089000,1815000,Commodity,"Approved, Online Payment, Bank Payment, Cash On Delivery, Shipping Required",8,79160001041,,,,,,
111565719,169381025,کفش اسپرت زنانه برادران مدل خشتی میانه رنگ: سفید، سایز: 40,544500,907500,Commodity,"Approved, Online Payment, Bank Payment, Cash On Delivery, Shipping Required",0,79128780040,,,,,,
111565718,169381025,کفش اسپرت زنانه برادران مدل خشتی میانه رنگ: سفید، سایز: 39,544500,907500,Commodity,"Approved, Online Payment, Bank Payment, Cash On Delivery, Shipping Required",0,79128780021,,,,,,
111565717,169381025,کفش اسپرت زنانه برادران مدل خشتی میانه رنگ: سفید، سایز: 38,544500,907500,Commodity,"Approved, Online Payment, Bank Payment, Cash On Delivery, Shipping Required",0,79128780019,,,,,,
111565716,169381025,کفش اسپرت زنانه برادران مدل خشتی میانه رنگ: سفید، سایز: 37,544500,907500,Commodity,"Approved, Online Payment, Bank Payment, Cash On Delivery, Shipping Required",0,79128780017,,,,,,
111565685,169380958,کفش اسپرت زنانه برادران مدل خشتی میانه رنگ: قرمز، سایز: 40,544500,907500,Commodity,"Approved, Online Payment, Bank Payment, Cash On Delivery, Shipping Required",0,79120004040,,,,,,
111565684,169380958,کفش اسپرت زنانه برادران مدل خشتی میانه رنگ: قرمز، سایز: 39,544500,907500,Commodity,"Approved, Online Payment, Bank Payment, Cash On Delivery, Shipping Required",0,79120004021,,,,,,
111565683,169380958,کفش اسپرت زنانه برادران مدل خشتی میانه رنگ: قرمز، سایز: 38,544500,907500,Commodity,"Approved, Online Payment, Bank Payment, Cash On Delivery, Shipping Required",1,79120004019,,,,,,
111565682,169380958,کفش اسپرت زنانه برادران مدل خشتی میانه رنگ: قرمز، سایز: 37,544500,907500,Commodity,"Approved, Online Payment, Bank Payment, Cash On Delivery, Shipping Required",0,79120004017,,,,,,
111565677,169380951,کفش اسپرت زنانه برادران مدل خشتی میانه رنگ: کالباسی، سایز: 40,533610,889350,Commodity,"Approved, Online Payment, Bank Payment, Cash On Delivery, Shipping Required",4,79128531040,,,,,,
111565676,169380951,کفش اسپرت زنانه برادران مدل خشتی میانه رنگ: کالباسی، سایز: 39,533610,889350,Commodity,"Approved, Online Payment, Bank Payment, Cash On Delivery, Shipping Required",3,79128531021,,,,,,
111565675,169380951,کفش اسپرت زنانه برادران مدل خشتی میانه رنگ: کالباسی، سایز: 38,533610,889350,Commodity,"Approved, Online Payment, Bank Payment, Cash On Delivery, Shipping Required",2,79128531019,,,,,,
111565674,169380951,کفش اسپرت زنانه برادران مدل خشتی میانه رنگ: کالباسی، سایز: 37,533610,889350,Commodity,"Approved, Online Payment, Bank Payment, Cash On Delivery, Shipping Required",0,79128531017,,,,,,
111564242,169379399,کفش رسمی مردانه چرم طبیعی آراز مدل سرپنجه زیره نیولایت رنگ: عسلی، سایز: 44,2613600,4356000,Commodity,"Approved, Online Payment, Bank Payment, Cash On Delivery, Shipping Required",1,82490027044,,,,,,
111564241,169379399,کفش رسمی مردانه چرم طبیعی آراز مدل سرپنجه زیره نیولایت رنگ: عسلی، سایز: 43,2613600,4356000,Commodity,"Approved, Online Payment, Bank Payment, Cash On Delivery, Shipping Required",0,82490027043,,,,,,
111564240,169379399,کفش رسمی مردانه چرم طبیعی آراز مدل سرپنجه زیره نیولایت رنگ: عسلی، سایز: 42,2613600,4356000,Commodity,"Approved, Online Payment, Bank Payment, Cash On Delivery, Shipping Required",1,82490027042,,,,,,
111564239,169379399,کفش رسمی مردانه چرم طبیعی آراز مدل سرپنجه زیره نیولایت رنگ: عسلی، سایز: 41,2613600,4356000,Commodity,"Approved, Online Payment, Bank Payment, Cash On Delivery, Shipping Required",1,82490027041,,,,,,
111564238,169379399,کفش رسمی مردانه چرم طبیعی آراز مدل سرپنجه زیره نیولایت رنگ: عسلی، سایز: 40,2613600,4356000,Commodity,"Approved, Online Payment, Bank Payment, Cash On Delivery, Shipping Required",1,82490027040,,,,,,
111564205,169379341,کفش رسمی مردانه چرم طبیعی آراز مدل هشتگ زیره نیولایت رنگ: مشکی، سایز: 44,2613600,4356000,Commodity,"Approved, Online Payment, Bank Payment, Cash On Delivery, Shipping Required",0,82490001044,,,,,,
111564204,169379341,کفش رسمی مردانه چرم طبیعی آراز مدل هشتگ زیره نیولایت رنگ: مشکی، سایز: 43,2613600,4356000,Commodity,"Approved, Online Payment, Bank Payment, Cash On Delivery, Shipping Required",0,82490001043,,,,,,
111564203,169379341,کفش رسمی مردانه چرم طبیعی آراز مدل هشتگ زیره نیولایت رنگ: مشکی، سایز: 42,2613600,4356000,Commodity,"Approved, Online Payment, Bank Payment, Cash On Delivery, Shipping Required",1,82490001042,,,,,,
111564202,169379341,کفش رسمی مردانه چرم طبیعی آراز مدل هشتگ زیره نیولایت رنگ: مشکی، سایز: 41,2613600,4356000,Commodity,"Approved, Online Payment, Bank Payment, Cash On Delivery, Shipping Required",2,82490001041,,,,,,
111564201,169379341,کفش رسمی مردانه چرم طبیعی آراز مدل هشتگ زیره نیولایت رنگ: مشکی، سایز: 40,2613600,4356000,Commodity,"Approved, Online Payment, Bank Payment, Cash On Delivery, Shipping Required",0,82490001040,,,,,,
111564124,169379187,کفش اسپرت چرم طبیعی آراز مدل تکزاس رنگ: مشکی، سایز: 45,2504700,4174500,Commodity,"Approved, Online Payment, Bank Payment, Cash On Delivery, Shipping Required",0,79840001045,,,,,,
111564123,169379187,کفش اسپرت چرم طبیعی آراز مدل تکزاس رنگ: مشکی، سایز: 44,2504700,4174500,Commodity,"Approved, Online Payment, Bank Payment, Cash On Delivery, Shipping Required",0,79840001044,,,,,,
111564122,169379187,کفش اسپرت چرم طبیعی آراز مدل تکزاس رنگ: مشکی، سایز: 43,2504700,4174500,Commodity,"Approved, Online Payment, Bank Payment, Cash On Delivery, Shipping Required",0,79840001043,,,,,,
111564121,169379187,کفش اسپرت چرم طبیعی آراز مدل تکزاس رنگ: مشکی، سایز: 42,2504700,4174500,Commodity,"Approved, Online Payment, Bank Payment, Cash On Delivery, Shipping Required",2,79840001042,,,,,,
111564120,169379187,کفش اسپرت چرم طبیعی آراز مدل تکزاس رنگ: مشکی، سایز: 41,2504700,4174500,Commodity,"Approved, Online Payment, Bank Payment, Cash On Delivery, Shipping Required",1,79840001041,,,,,,
111564119,169379187,کفش اسپرت چرم طبیعی آراز مدل تکزاس رنگ: مشکی، سایز: 40,2504700,4174500,Commodity,"Approved, Online Payment, Bank Payment, Cash On Delivery, Shipping Required",1,79840001040,,,,,,
111558033,169368078,کفش طبی اداری مردانه چرم طبیعی مدل سینا رنگ: قهوه ای، سایز: 44,448200,747000,Commodity,"Approved, Online Payment, Bank Payment, Cash On Delivery, Shipping Required",1,,,,,,,
111558032,169368078,کفش طبی اداری مردانه چرم طبیعی مدل سینا رنگ: قهوه ای، سایز: 43,448200,747000,Commodity,"Approved, Online Payment, Bank Payment, Cash On Delivery, Shipping Required",2,,,,,,,
111558031,169368078,کفش طبی اداری مردانه چرم طبیعی مدل سینا رنگ: قهوه ای، سایز: 42,448200,747000,Commodity,"Approved, Online Payment, Bank Payment, Cash On Delivery, Shipping Required",3,,,,,,,
111558030,169368078,کفش طبی اداری مردانه چرم طبیعی مدل سینا رنگ: قهوه ای، سایز: 41,448200,747000,Commodity,"Approved, Online Payment, Bank Payment, Cash On Delivery, Shipping Required",3,,,,,,,
111558029,169368078,کفش طبی اداری مردانه چرم طبیعی مدل سینا رنگ: قهوه ای، سایز: 40,448200,747000,Commodity,"Approved, Online Payment, Bank Payment, Cash On Delivery, Shipping Required",6,,,,,,,
111558017,169368075,کفش طبی مردانه چرم طبیعی مدل سینا رنگ: قهوه ای، سایز: 44,448200,747000,Commodity,"Approved, Online Payment, Bank Payment, Cash On Delivery, Shipping Required",1,,,,,,,
111558016,169368075,کفش طبی مردانه چرم طبیعی مدل سینا رنگ: قهوه ای، سایز: 43,448200,747000,Commodity,"Approved, Online Payment, Bank Payment, Cash On Delivery, Shipping Required",2,,,,,,,
111558015,169368075,کفش طبی مردانه چرم طبیعی مدل سینا رنگ: قهوه ای، سایز: 42,448200,747000,Commodity,"Approved, Online Payment, Bank Payment, Cash On Delivery, Shipping Required",3,,,,,,,
111558014,169368075,کفش طبی مردانه چرم طبیعی مدل سینا رنگ: قهوه ای، سایز: 41,448200,747000,Commodity,"Approved, Online Payment, Bank Payment, Cash On Delivery, Shipping Required",1,,,,,,,
111558013,169368075,کفش طبی مردانه چرم طبیعی مدل سینا رنگ: قهوه ای، سایز: 40,448200,747000,Commodity,"Approved, Online Payment, Bank Payment, Cash On Delivery, Shipping Required",5,,,,,,,
111557932,169367955,کفش طبی رسمی مردانه چرم طبیعی مدل سینا رنگ: عسلی، سایز: 45,448200,747000,Commodity,"Approved, Online Payment, Bank Payment, Cash On Delivery, Shipping Required",2,,,,,,,
111557931,169367955,کفش طبی رسمی مردانه چرم طبیعی مدل سینا رنگ: عسلی، سایز: 44,448200,747000,Commodity,"Approved, Online Payment, Bank Payment, Cash On Delivery, Shipping Required",1,,,,,,,
111557930,169367955,کفش طبی رسمی مردانه چرم طبیعی مدل سینا رنگ: عسلی، سایز: 43,448200,747000,Commodity,"Approved, Online Payment, Bank Payment, Cash On Delivery, Shipping Required",4,,,,,,,
111557929,169367955,کفش طبی رسمی مردانه چرم طبیعی مدل سینا رنگ: عسلی، سایز: 42,448200,747000,Commodity,"Approved, Online Payment, Bank Payment, Cash On Delivery, Shipping Required",6,,,,,,,
111557928,169367955,کفش طبی رسمی مردانه چرم طبیعی مدل سینا رنگ: عسلی، سایز: 41,448200,747000,Commodity,"Approved, Online Payment, Bank Payment, Cash On Delivery, Shipping Required",4,,,,,,,
111557927,169367955,کفش طبی رسمی مردانه چرم طبیعی مدل سینا رنگ: عسلی، سایز: 40,448200,747000,Commodity,"Approved, Online Payment, Bank Payment, Cash On Delivery, Shipping Required",2,,,,,,,
111557886,169367848,کفش طبی رسمی مردانه چرم طبیعی مدل سینا رنگ: مشکی، سایز: 45,448200,747000,Commodity,"Approved, Online Payment, Bank Payment, Cash On Delivery, Shipping Required",1,,,,,,,
111557885,169367848,کفش طبی رسمی مردانه چرم طبیعی مدل سینا رنگ: مشکی، سایز: 44,448200,747000,Commodity,"Approved, Online Payment, Bank Payment, Cash On Delivery, Shipping Required",1,,,,,,,
111557884,169367848,کفش طبی رسمی مردانه چرم طبیعی مدل سینا رنگ: مشکی، سایز: 43,448200,747000,Commodity,"Approved, Online Payment, Bank Payment, Cash On Delivery, Shipping Required",2,,,,,,,
111557883,169367848,کفش طبی رسمی مردانه چرم طبیعی مدل سینا رنگ: مشکی، سایز: 42,448200,747000,Commodity,"Approved, Online Payment, Bank Payment, Cash On Delivery, Shipping Required",4,,,,,,,
111557882,169367848,کفش طبی رسمی مردانه چرم طبیعی مدل سینا رنگ: مشکی، سایز: 41,448200,747000,Commodity,"Approved, Online Payment, Bank Payment, Cash On Delivery, Shipping Required",3,,,,,,,
111557881,169367848,کفش طبی رسمی مردانه چرم طبیعی مدل سینا رنگ: مشکی، سایز: 40,448200,747000,Commodity,"Approved, Online Payment, Bank Payment, Cash On Delivery, Shipping Required",2,,,,,,,
111557191,169366710,کفش طبی مردانه چرم طبیعی مدل سینا رنگ: مشکی، سایز: 44,448200,747000,Commodity,"Approved, Online Payment, Bank Payment, Cash On Delivery, Shipping Required",5,,,,,,,
111557190,169366710,کفش طبی مردانه چرم طبیعی مدل سینا رنگ: مشکی، سایز: 43,448200,747000,Commodity,"Approved, Online Payment, Bank Payment, Cash On Delivery, Shipping Required",5,,,,,,,
111557189,169366710,کفش طبی مردانه چرم طبیعی مدل سینا رنگ: مشکی، سایز: 42,448200,747000,Commodity,"Approved, Online Payment, Bank Payment, Cash On Delivery, Shipping Required",3,,,,,,,
111557188,169366710,کفش طبی مردانه چرم طبیعی مدل سینا رنگ: مشکی، سایز: 41,448200,747000,Commodity,"Approved, Online Payment, Bank Payment, Cash On Delivery, Shipping Required",6,,,,,,,
111557187,169366710,کفش طبی مردانه چرم طبیعی مدل سینا رنگ: مشکی، سایز: 40,448200,747000,Commodity,"Approved, Online Payment, Bank Payment, Cash On Delivery, Shipping Required",2,,,,,,,
111557176,169366702,کفش طبی مردانه چرم طبیعی مدل سینا رنگ: قهوه ای، سایز: 44,448200,747000,Commodity,"Approved, Online Payment, Bank Payment, Cash On Delivery, Shipping Required",2,,,,,,,
111557175,169366702,کفش طبی مردانه چرم طبیعی مدل سینا رنگ: قهوه ای، سایز: 43,448200,747000,Commodity,"Approved, Online Payment, Bank Payment, Cash On Delivery, Shipping Required",2,,,,,,,
111557174,169366702,کفش طبی مردانه چرم طبیعی مدل سینا رنگ: قهوه ای، سایز: 42,448200,747000,Commodity,"Approved, Online Payment, Bank Payment, Cash On Delivery, Shipping Required",6,,,,,,,
111557173,169366702,کفش طبی مردانه چرم طبیعی مدل سینا رنگ: قهوه ای، سایز: 41,448200,747000,Commodity,"Approved, Online Payment, Bank Payment, Cash On Delivery, Shipping Required",2,,,,,,,
111557172,169366702,کفش طبی مردانه چرم طبیعی مدل سینا رنگ: قهوه ای، سایز: 40,448200,747000,Commodity,"Approved, Online Payment, Bank Payment, Cash On Delivery, Shipping Required",2,,,,,,,
111557038,169366479,کفش طبی بندی مردانه چرم طبیعی مدل سینا رنگ: عسلی، سایز: 44,448200,747000,Commodity,"Approved, Online Payment, Bank Payment, Cash On Delivery, Shipping Required",0,,,,,,,
111557037,169366479,کفش طبی بندی مردانه چرم طبیعی مدل سینا رنگ: عسلی، سایز: 43,448200,747000,Commodity,"Approved, Online Payment, Bank Payment, Cash On Delivery, Shipping Required",0,,,,,,,
111557036,169366479,کفش طبی بندی مردانه چرم طبیعی مدل سینا رنگ: عسلی، سایز: 42,448200,747000,Commodity,"Approved, Online Payment, Bank Payment, Cash On Delivery, Shipping Required",1,,,,,,,
111557035,169366479,کفش طبی بندی مردانه چرم طبیعی مدل سینا رنگ: عسلی، سایز: 41,448200,747000,Commodity,"Approved, Online Payment, Bank Payment, Cash On Delivery, Shipping Required",0,,,,,,,
111557034,169366479,کفش طبی بندی مردانه چرم طبیعی مدل سینا رنگ: عسلی، سایز: 40,448200,747000,Commodity,"Approved, Online Payment, Bank Payment, Cash On Delivery, Shipping Required",2,,,,,,,
111556961,169366446,کفش طبی بندی مردانه چرم طبیعی مدل سینا رنگ: قهوه ای، سایز: 44,448200,747000,Commodity,"Approved, Online Payment, Bank Payment, Cash On Delivery, Shipping Required",1,,,,,,,
111556960,169366446,کفش طبی بندی مردانه چرم طبیعی مدل سینا رنگ: قهوه ای، سایز: 43,448200,747000,Commodity,"Approved, Online Payment, Bank Payment, Cash On Delivery, Shipping Required",2,,,,,,,
111556959,169366446,کفش طبی بندی مردانه چرم طبیعی مدل سینا رنگ: قهوه ای، سایز: 42,448200,747000,Commodity,"Approved, Online Payment, Bank Payment, Cash On Delivery, Shipping Required",3,,,,,,,
111556958,169366446,کفش طبی بندی مردانه چرم طبیعی مدل سینا رنگ: قهوه ای، سایز: 41,448200,747000,Commodity,"Approved, Online Payment, Bank Payment, Cash On Delivery, Shipping Required",2,,,,,,,
111556957,169366446,کفش طبی بندی مردانه چرم طبیعی مدل سینا رنگ: قهوه ای، سایز: 40,448200,747000,Commodity,"Approved, Online Payment, Bank Payment, Cash On Delivery, Shipping Required",4,,,,,,,
111556658,169365924,کفش طبی مردانه چرم طبیعی مدل سینا رنگ: مشکی، سایز: 44,448200,747000,Commodity,"Approved, Online Payment, Bank Payment, Cash On Delivery, Shipping Required",1,,,,,,,
111556657,169365924,کفش طبی مردانه چرم طبیعی مدل سینا رنگ: مشکی، سایز: 43,448200,747000,Commodity,"Approved, Online Payment, Bank Payment, Cash On Delivery, Shipping Required",2,,,,,,,
111556656,169365924,کفش طبی مردانه چرم طبیعی مدل سینا رنگ: مشکی، سایز: 42,448200,747000,Commodity,"Approved, Online Payment, Bank Payment, Cash On Delivery, Shipping Required",3,,,,,,,
111556655,169365924,کفش طبی مردانه چرم طبیعی مدل سینا رنگ: مشکی، سایز: 41,448200,747000,Commodity,"Approved, Online Payment, Bank Payment, Cash On Delivery, Shipping Required",2,,,,,,,
111556654,169365924,کفش طبی مردانه چرم طبیعی مدل سینا رنگ: مشکی، سایز: 40,448200,747000,Commodity,"Approved, Online Payment, Bank Payment, Cash On Delivery, Shipping Required",3,,,,,,,
111556573,169365859,کفش طبی بندی مردانه چرم طبیعی مدل سینا رنگ: مشکی، سایز: 44,448200,747000,Commodity,"Approved, Online Payment, Bank Payment, Cash On Delivery, Shipping Required",1,,,,,,,
111556572,169365859,کفش طبی بندی مردانه چرم طبیعی مدل سینا رنگ: مشکی، سایز: 43,448200,747000,Commodity,"Approved, Online Payment, Bank Payment, Cash On Delivery, Shipping Required",2,,,,,,,
111556571,169365859,کفش طبی بندی مردانه چرم طبیعی مدل سینا رنگ: مشکی، سایز: 42,448200,747000,Commodity,"Approved, Online Payment, Bank Payment, Cash On Delivery, Shipping Required",3,,,,,,,
111556570,169365859,کفش طبی بندی مردانه چرم طبیعی مدل سینا رنگ: مشکی، سایز: 41,448200,747000,Commodity,"Approved, Online Payment, Bank Payment, Cash On Delivery, Shipping Required",4,,,,,,,
111556569,169365859,کفش طبی بندی مردانه چرم طبیعی مدل سینا رنگ: مشکی، سایز: 40,448200,747000,Commodity,"Approved, Online Payment, Bank Payment, Cash On Delivery, Shipping Required",4,,,,,,,
111556377,169365702,کفش رسمی مردانه چرم طبیعی آراز مدل نیولایت رنگ: مشکی، سایز: 44,2613600,4356000,Commodity,"Approved, Online Payment, Bank Payment, Cash On Delivery, Shipping Required",0,79810001044,,,,,,
111556376,169365702,کفش رسمی مردانه چرم طبیعی آراز مدل نیولایت رنگ: مشکی، سایز: 43,2613600,4356000,Commodity,"Approved, Online Payment, Bank Payment, Cash On Delivery, Shipping Required",2,79810001043,,,,,,
111556375,169365702,کفش رسمی مردانه چرم طبیعی آراز مدل نیولایت رنگ: مشکی، سایز: 42,2613600,4356000,Commodity,"Approved, Online Payment, Bank Payment, Cash On Delivery, Shipping Required",3,79810001042,,,,,,
111556374,169365702,کفش رسمی مردانه چرم طبیعی آراز مدل نیولایت رنگ: مشکی، سایز: 41,2613600,4356000,Commodity,"Approved, Online Payment, Bank Payment, Cash On Delivery, Shipping Required",2,79810001041,,,,,,
111556373,169365702,کفش رسمی مردانه چرم طبیعی آراز مدل نیولایت رنگ: مشکی، سایز: 40,2613600,4356000,Commodity,"Approved, Online Payment, Bank Payment, Cash On Delivery, Shipping Required",0,79810001040,,,,,,
111556252,169365640,کفش رسمی مردانه چرم طبیعی آراز مدل هشتگ زیره رابر رنگ: مشکی، سایز: 44,2613600,4356000,Commodity,"Approved, Online Payment, Bank Payment, Cash On Delivery, Shipping Required",1,82480001044,,,,,,
111556251,169365640,کفش رسمی مردانه چرم طبیعی آراز مدل هشتگ زیره رابر رنگ: مشکی، سایز: 43,2613600,4356000,Commodity,"Approved, Online Payment, Bank Payment, Cash On Delivery, Shipping Required",0,82480001043,,,,,,
111556250,169365640,کفش رسمی مردانه چرم طبیعی آراز مدل هشتگ زیره رابر رنگ: مشکی، سایز: 42,2613600,4356000,Commodity,"Approved, Online Payment, Bank Payment, Cash On Delivery, Shipping Required",2,82480001042,,,,,,
111556249,169365640,کفش رسمی مردانه چرم طبیعی آراز مدل هشتگ زیره رابر رنگ: مشکی، سایز: 41,2613600,4356000,Commodity,"Approved, Online Payment, Bank Payment, Cash On Delivery, Shipping Required",1,82480001041,,,,,,
111556248,169365640,کفش رسمی مردانه چرم طبیعی آراز مدل هشتگ زیره رابر رنگ: مشکی، سایز: 40,2613600,4356000,Commodity,"Approved, Online Payment, Bank Payment, Cash On Delivery, Shipping Required",2,82480001040,,,,,,
111556227,169365624,کفش رسمی مردانه چرم طبیعی آراز مدل هشتگ زیره رابر رنگ: قهوه ای، سایز: 44,2613600,4356000,Commodity,"Approved, Online Payment, Bank Payment, Cash On Delivery, Shipping Required",0,82480002044,,,,,,
111556226,169365624,کفش رسمی مردانه چرم طبیعی آراز مدل هشتگ زیره رابر رنگ: قهوه ای، سایز: 43,2613600,4356000,Commodity,"Approved, Online Payment, Bank Payment, Cash On Delivery, Shipping Required",0,82480002043,,,,,,
111556225,169365624,کفش رسمی مردانه چرم طبیعی آراز مدل هشتگ زیره رابر رنگ: قهوه ای، سایز: 42,2613600,4356000,Commodity,"Approved, Online Payment, Bank Payment, Cash On Delivery, Shipping Required",0,82480002042,,,,,,
111556224,169365624,کفش رسمی مردانه چرم طبیعی آراز مدل هشتگ زیره رابر رنگ: قهوه ای، سایز: 41,2613600,4356000,Commodity,"Approved, Online Payment, Bank Payment, Cash On Delivery, Shipping Required",1,82480002041,,,,,,
111556223,169365624,کفش رسمی مردانه چرم طبیعی آراز مدل هشتگ زیره رابر رنگ: قهوه ای، سایز: 40,2613600,4356000,Commodity,"Approved, Online Payment, Bank Payment, Cash On Delivery, Shipping Required",2,82480002040,,,,,,
111556188,169365615,کفش رسمی مردانه چرم طبیعی آراز مدل زیره رابر رنگ: مشکی، سایز: 44,2613600,4356000,Commodity,"Approved, Online Payment, Bank Payment, Cash On Delivery, Shipping Required",0,79820001044,,,,,,
111556187,169365615,کفش رسمی مردانه چرم طبیعی آراز مدل زیره رابر رنگ: مشکی، سایز: 43,2613600,4356000,Commodity,"Approved, Online Payment, Bank Payment, Cash On Delivery, Shipping Required",1,79820001043,,,,,,
111556186,169365615,کفش رسمی مردانه چرم طبیعی آراز مدل زیره رابر رنگ: مشکی، سایز: 42,2613600,4356000,Commodity,"Approved, Online Payment, Bank Payment, Cash On Delivery, Shipping Required",2,79820001042,,,,,,
111556185,169365615,کفش رسمی مردانه چرم طبیعی آراز مدل زیره رابر رنگ: مشکی، سایز: 41,2613600,4356000,Commodity,"Approved, Online Payment, Bank Payment, Cash On Delivery, Shipping Required",1,79820001041,,,,,,
111556184,169365615,کفش رسمی مردانه چرم طبیعی آراز مدل زیره رابر رنگ: مشکی، سایز: 40,2613600,4356000,Commodity,"Approved, Online Payment, Bank Payment, Cash On Delivery, Shipping Required",0,79820001040,,,,,,
111556086,169365346,کفش رسمی مردانه چرم طبیعی آراز مدل سرپنجه بوت دار رنگ: مشکی، سایز: 44,2613600,4356000,Commodity,"Approved, Online Payment, Bank Payment, Cash On Delivery, Shipping Required",0,81450001044,,,,,,
111556085,169365346,کفش رسمی مردانه چرم طبیعی آراز مدل سرپنجه بوت دار رنگ: مشکی، سایز: 43,2613600,4356000,Commodity,"Approved, Online Payment, Bank Payment, Cash On Delivery, Shipping Required",3,81450001043,,,,,,
111556084,169365346,کفش رسمی مردانه چرم طبیعی آراز مدل سرپنجه بوت دار رنگ: مشکی، سایز: 42,2613600,4356000,Commodity,"Approved, Online Payment, Bank Payment, Cash On Delivery, Shipping Required",2,81450001042,,,,,,
111556083,169365346,کفش رسمی مردانه چرم طبیعی آراز مدل سرپنجه بوت دار رنگ: مشکی، سایز: 41,2613600,4356000,Commodity,"Approved, Online Payment, Bank Payment, Cash On Delivery, Shipping Required",1,81450001041,,,,,,
111556082,169365346,کفش رسمی مردانه چرم طبیعی آراز مدل سرپنجه بوت دار رنگ: مشکی، سایز: 40,2613600,4356000,Commodity,"Approved, Online Payment, Bank Payment, Cash On Delivery, Shipping Required",1,81450001040,,,,,,
111555509,169365051,کفش رسمی مردانه چرم طبیعی آراز مدل هشتگ زیره رابر رنگ: عسلی، سایز: 44,2613600,4356000,Commodity,"Approved, Online Payment, Bank Payment, Cash On Delivery, Shipping Required",0,82480027044,,,,,,
111555508,169365051,کفش رسمی مردانه چرم طبیعی آراز مدل هشتگ زیره رابر رنگ: عسلی، سایز: 43,2613600,4356000,Commodity,"Approved, Online Payment, Bank Payment, Cash On Delivery, Shipping Required",1,82480027043,,,,,,
111555507,169365051,کفش رسمی مردانه چرم طبیعی آراز مدل هشتگ زیره رابر رنگ: عسلی، سایز: 42,2613600,4356000,Commodity,"Approved, Online Payment, Bank Payment, Cash On Delivery, Shipping Required",0,82480027042,,,,,,
111555506,169365051,کفش رسمی مردانه چرم طبیعی آراز مدل هشتگ زیره رابر رنگ: عسلی، سایز: 41,2613600,4356000,Commodity,"Approved, Online Payment, Bank Payment, Cash On Delivery, Shipping Required",1,82480027041,,,,,,
111555505,169365051,کفش رسمی مردانه چرم طبیعی آراز مدل هشتگ زیره رابر رنگ: عسلی، سایز: 40,2613600,4356000,Commodity,"Approved, Online Payment, Bank Payment, Cash On Delivery, Shipping Required",1,82480027040,,,,,,
111547291,169349793,کیف دوشی مردانه چرم طبیعی سراجی حامد مدل ایستاده 002 رنگ: عسلی,2625000,3750000,Commodity,"Approved, Online Payment, Bank Payment, Cash On Delivery, Shipping Required",2,69560027000,,,,,,
111547290,169349793,کیف دوشی مردانه چرم طبیعی سراجی حامد مدل ایستاده 002 رنگ: قهوه ای,2625000,3750000,Commodity,"Approved, Online Payment, Bank Payment, Cash On Delivery, Shipping Required",0,69560002000,,,,,,
111547289,169349793,کیف دوشی مردانه چرم طبیعی سراجی حامد مدل ایستاده 002 رنگ: مشکی,2625000,3750000,Commodity,"Approved, Online Payment, Bank Payment, Cash On Delivery, Shipping Required",0,69560001000,,,,,,
111547017,169349546,کیف پول زنانه چرم طبیعی مدل LWK39 رنگ: مشکی,1545852,2208360,Commodity,"Approved, Online Payment, Bank Payment, Cash On Delivery, Shipping Required",0,12290001000,,,,,,
111546968,169349415,کیف پول زنانه چرم طبیعی مدل LWK40 رنگ: مشکی,1416100,2023000,Commodity,"Approved, Online Payment, Bank Payment, Cash On Delivery, Shipping Required",2,12090001000,,,,,,
111546712,169349125,کیف پول زنانه چرم طبیعی مدل LW44 رنگ: زرشکی,1869350,2670500,Commodity,"Approved, Online Payment, Bank Payment, Cash On Delivery, Shipping Required",1,14350006000,,,,,,
111546570,169348886,کیف پول چرم طبیعی مدل LW61 رنگ: قهوه ای,940800,1344000,Commodity,"Approved, Online Payment, Bank Payment, Cash On Delivery, Shipping Required",1,53070002000,,,,,,
111546569,169348886,کیف پول چرم طبیعی مدل LW61 رنگ: عسلی,940800,1344000,Commodity,"Approved, Online Payment, Bank Payment, Cash On Delivery, Shipping Required",1,53070027000,,,,,,
111546568,169348886,کیف پول چرم طبیعی مدل LW61 رنگ: مشکی,940800,1344000,Commodity,"Approved, Online Payment, Bank Payment, Cash On Delivery, Shipping Required",1,53070001000,,,,,,
111546525,169348874,کیف پول چرم طبیعی مدل LW62 رنگ: مشکی,882000,1260000,Commodity,"Approved, Online Payment, Bank Payment, Cash On Delivery, Shipping Required",2,53050001000,,,,,,
111546465,169348701,کیف پول چرم طبیعی مدل LW8 رنگ: مشکی,588000,840000,Commodity,"Approved, Online Payment, Bank Payment, Cash On Delivery, Shipping Required",1,10730001000,,,,,,
111546464,169348701,کیف پول چرم طبیعی مدل LW8 رنگ: قهوه ای,588000,840000,Commodity,"Approved, Online Payment, Bank Payment, Cash On Delivery, Shipping Required",1,10730002000,,,,,,
111546463,169348701,کیف پول چرم طبیعی مدل LW8 رنگ: عسلی,588000,840000,Commodity,"Approved, Online Payment, Bank Payment, Cash On Delivery, Shipping Required",1,10730027000,,,,,,
111546346,169348364,کیف اداری چرم طبیعی مدل L163 رنگ: مشکی,5512500,7875000,Commodity,"Approved, Online Payment, Bank Payment, Cash On Delivery, Shipping Required",0,58450001000,,,,,,
111546337,169348347,کیف اداری چرم طبیعی مدل L163 رنگ: قهوه ای,5512500,7875000,Commodity,"Approved, Online Payment, Bank Payment, Cash On Delivery, Shipping Required",1,58450002000,,,,,,
111546330,169348353,کیف اداری چرم طبیعی مدل L163 رنگ: عسلی,5512500,7875000,Commodity,"Approved, Online Payment, Bank Payment, Cash On Delivery, Shipping Required",0,58450027000,,,,,,
111546235,169348094,کیف اداری چرم طبیعی مدل L141 رنگ: مشکی,7318500,10455000,Commodity,"Approved, Online Payment, Bank Payment, Cash On Delivery, Shipping Required",2,42090001000,,,,,,
111546222,169348084,کیف لوازم آرایش چرم طبیعی مدل A1 رنگ: قرمز,646800,924000,Commodity,"Approved, Online Payment, Bank Payment, Cash On Delivery, Shipping Required",1,22910004000,,,,,,
111546198,169348029,کیف مدارک چرم طبیعی مدل PS22 رنگ: قهوه ای,2082500,2975000,Commodity,"Approved, Online Payment, Bank Payment, Cash On Delivery, Shipping Required",1,10490002000,,,,,,
111546194,169348026,کیف مدارک چرم طبیعی مدل PS22 رنگ: مشکی,2082500,2975000,Commodity,"Approved, Online Payment, Bank Payment, Cash On Delivery, Shipping Required",0,10490001000,,,,,,
111545330,169346867,کوله پشتی چرم طبیعی کهن چرم مدل V224 رنگ: قهوه ای,2580732,3686760,Commodity,"Approved, Online Payment, Bank Payment, Cash On Delivery, Shipping Required",0,59870002000,,,,,,
111545329,169346867,کوله پشتی چرم طبیعی کهن چرم مدل V224 رنگ: عسلی,2580732,3686760,Commodity,"Approved, Online Payment, Bank Payment, Cash On Delivery, Shipping Required",1,59870027000,,,,,,
111545254,169346726,کیف اداری زنانه چرم طبیعی مدل V180 رنگ: قهوه ای,3570000,5100000,Commodity,"Approved, Online Payment, Bank Payment, Cash On Delivery, Shipping Required",1,51040002000,,,,,,
111545223,169346669,کیف اداری زنانه چرم طبیعی مدل V180 رنگ: عسلی,3570000,5100000,Commodity,"Approved, Online Payment, Bank Payment, Cash On Delivery, Shipping Required",1,51040027000,,,,,,
111545129,169346337,کیف دوشی زنانه چرم طبیعی مدل V177 رنگ: قهوه ای,3218292,4597560,Commodity,"Approved, Online Payment, Bank Payment, Cash On Delivery, Shipping Required",0,50660002000,,,,,,
111541502,169338802,کیف پول چرم طبیعی کهن چرم مدل LPK1 رنگ: عسلی,1481270,2116100,Commodity,"Approved, Online Payment, Bank Payment, Cash On Delivery, Shipping Required",0,11660027000,,,,,,
111541501,169338802,کیف پول چرم طبیعی کهن چرم مدل LPK1 رنگ: قهوه ای,1481270,2116100,Commodity,"Approved, Online Payment, Bank Payment, Cash On Delivery, Shipping Required",1,11660002000,,,,,,
111541500,169338802,کیف پول چرم طبیعی کهن چرم مدل LPK1 رنگ: مشکی,1481270,2116100,Commodity,"Approved, Online Payment, Bank Payment, Cash On Delivery, Shipping Required",1,11660001000,,,,,,
111541204,169338603,کیف پول چرم طبیعی کهن چرم مدل LWK48 رنگ: مشکی,1416100,2023000,Commodity,"Approved, Online Payment, Bank Payment, Cash On Delivery, Shipping Required",1,11700001000,,,,,,
111541013,169338549,کیف پول چرم طبیعی کهن چرم مدل LPK16 رنگ: عسلی,1481270,2116100,Commodity,"Approved, Online Payment, Bank Payment, Cash On Delivery, Shipping Required",0,11690027000,,,,,,
111541012,169338549,کیف پول چرم طبیعی کهن چرم مدل LPK16 رنگ: قهوه ای,1481270,2116100,Commodity,"Approved, Online Payment, Bank Payment, Cash On Delivery, Shipping Required",1,11690002000,,,,,,
111541011,169338549,کیف پول چرم طبیعی کهن چرم مدل LPK16 رنگ: مشکی,1481270,2116100,Commodity,"Approved, Online Payment, Bank Payment, Cash On Delivery, Shipping Required",1,11690001000,,,,,,
111540952,169338460,کیف اداری چرم طبیعی سراجی حامد مدل وستا تک قفل رنگ: قهوه ای,4200000,6000000,Commodity,"Approved, Online Payment, Bank Payment, Cash On Delivery, Shipping Required",1,78920002000,,,,,,
111540928,169338456,کیف اداری چرم طبیعی سراجی حامد مدل وستا تک قفل رنگ: مشکی,4200000,6000000,Commodity,"Approved, Online Payment, Bank Payment, Cash On Delivery, Shipping Required",1,78920001000,,,,,,
111540885,169338383,کیف اداری چرم طبیعی سراجی حامد مدل وستا دو قفل رنگ: عسلی,4410000,6300000,Commodity,"Approved, Online Payment, Bank Payment, Cash On Delivery, Shipping Required",1,70100027000,,,,,,
111540878,169338378,کیف اداری چرم طبیعی سراجی حامد مدل وستا تک قفل رنگ: عسلی,4200000,6000000,Commodity,"Approved, Online Payment, Bank Payment, Cash On Delivery, Shipping Required",1,78920027000,,,,,,
111540873,169338375,کیف اداری چرم طبیعی سراجی حامد مدل وستا دو قفل رنگ: مشکی,4410000,6300000,Commodity,"Approved, Online Payment, Bank Payment, Cash On Delivery, Shipping Required",1,78910001000,,,,,,
111540153,169337032,کیف پول چرم طبیعی کهن چرم مدل LWK38 رنگ: مشکی,1545460,2207800,Commodity,"Approved, Online Payment, Bank Payment, Cash On Delivery, Shipping Required",1,47320001000,,,,,,
111538884,169335882,کیف اداری چرم طبیعی مدل L182 رنگ: عسلی,4158000,5940000,Commodity,"Approved, Online Payment, Bank Payment, Cash On Delivery, Shipping Required",0,79240034000,,,,,,
111538862,169335872,کیف اداری چرم طبیعی مدل L182 رنگ: مشکی,4158000,5940000,Commodity,"Approved, Online Payment, Bank Payment, Cash On Delivery, Shipping Required",1,79248663000,,,,,,
111538793,169335837,کیف اداری چرم طبیعی مدل L153 رنگ: مشکی,7105000,10150000,Commodity,"Approved, Online Payment, Bank Payment, Cash On Delivery, Shipping Required",0,52280001000,,,,,,
111538771,169335774,کیف اداری چرم طبیعی سراجی حامد مدل ایتالیایی تیله دار رنگ: قهوه ای,7035000,10050000,Commodity,"Approved, Online Payment, Bank Payment, Cash On Delivery, Shipping Required",1,70090002000,,,,,,
111538755,169335765,کیف اداری چرم طبیعی سراجی حامد مدل ایتالیایی تیله دار رنگ: مشکی,7035000,10050000,Commodity,"Approved, Online Payment, Bank Payment, Cash On Delivery, Shipping Required",1,70090001000,,,,,,
111538722,169335750,کیف اداری چرم طبیعی سراجی حامد مدل ایتالیایی تیله دار رنگ: عسلی,7035000,10050000,Commodity,"Approved, Online Payment, Bank Payment, Cash On Delivery, Shipping Required",1,70090027000,,,,,,
111538686,169335694,کیف اداری چرم طبیعی مدل L183 رنگ: عسلی,4042500,5775000,Commodity,"Approved, Online Payment, Bank Payment, Cash On Delivery, Shipping Required",1,80270034000,,,,,,
111538668,169335642,کیف اداری چرم طبیعی مدل L183 رنگ: طوسی,4042500,5775000,Commodity,"Approved, Online Payment, Bank Payment, Cash On Delivery, Shipping Required",1,80278775000,,,,,,
111538543,169335410,کیف اداری چرم طبیعی مدل L183 رنگ: قهوه ای,4042500,5775000,Commodity,"Approved, Online Payment, Bank Payment, Cash On Delivery, Shipping Required",2,80270056000,,,,,,
111538510,169335374,کیف اداری چرم طبیعی سراجی حامد مدل چهار سگگ رنگ: مشکی,6090000,8700000,Commodity,"Approved, Online Payment, Bank Payment, Cash On Delivery, Shipping Required",2,70120001000,,,,,,
111538496,169335352,کیف اداری چرم طبیعی سراجی حامد مدل چهار سگگ رنگ: قهوه ای,6090000,8700000,Commodity,"Approved, Online Payment, Bank Payment, Cash On Delivery, Shipping Required",1,70120002000,,,,,,
111536380,169332970,کیف اداری چرم طبیعی مدل L187 رنگ: مشکی,4620000,6600000,Commodity,"Approved, Online Payment, Bank Payment, Cash On Delivery, Shipping Required",0,82260001000,,,,,,
111535938,169332301,کیف اداری چرم طبیعی مدل L153 رنگ: طوسی,7105000,10150000,Commodity,"Approved, Online Payment, Bank Payment, Cash On Delivery, Shipping Required",1,52280017000,,,,,,
111535888,169332256,کیف اداری چرم طبیعی مدل L187 رنگ: عسلی,4620000,6600000,Commodity,"Approved, Online Payment, Bank Payment, Cash On Delivery, Shipping Required",0,82260027000,,,,,,
111535803,169332103,کیف اداری چرم طبیعی مدل L153 رنگ: عسلی,7105000,10150000,Commodity,"Approved, Online Payment, Bank Payment, Cash On Delivery, Shipping Required",0,52280003000,,,,,,
111534885,169330665,کیف اداری چرم طبیعی مدل L153 رنگ: عسلی,7105000,10150000,Commodity,"Approved, Online Payment, Bank Payment, Cash On Delivery, Shipping Required",1,52280027000,,,,,,
111534852,169330642,کیف اداری چرم طبیعی مدل L153 رنگ: قهوه ای,7105000,10150000,Commodity,"Approved, Online Payment, Bank Payment, Cash On Delivery, Shipping Required",2,52280005000,,,,,,
111534665,169330418,کیف اداری چرم طبیعی مدل L186 رنگ: مشکی,4620000,6600000,Commodity,"Approved, Online Payment, Bank Payment, Cash On Delivery, Shipping Required",0,82250001000,,,,,,
111534639,169330311,کیف اداری چرم طبیعی مدل L186 رنگ: قهوه ای,4620000,6600000,Commodity,"Approved, Online Payment, Bank Payment, Cash On Delivery, Shipping Required",0,82250002000,,,,,,
111534588,169330180,کیف اداری چرم طبیعی مدل L186 رنگ: عسلی,12705000,18150000,Commodity,"Approved, Online Payment, Bank Payment, Cash On Delivery, Shipping Required",2,82250027000,,,,,,
111534546,169330057,کیف اداری چرم طبیعی مدل L184 رنگ: مشکی,3885000,5550000,Commodity,"Approved, Online Payment, Bank Payment, Cash On Delivery, Shipping Required",1,82040001000,,,,,,
111534327,169328941,کیف اداری چرم طبیعی  مدل L188 رنگ: قهوه ای,4620000,6600000,Commodity,"Approved, Online Payment, Bank Payment, Cash On Delivery, Shipping Required",0,82270002000,,,,,,
111534323,169329648,کیف اداری چرم طبیعی مدل L188 رنگ: عسلی,4620000,6600000,Commodity,"Approved, Online Payment, Bank Payment, Cash On Delivery, Shipping Required",1,82270027000,,,,,,
111534288,169329595,کیف اداری چرم طبیعی مدل L188 رنگ: مشکی,4620000,6600000,Commodity,"Approved, Online Payment, Bank Payment, Cash On Delivery, Shipping Required",0,82270001000,,,,,,
111534243,169329474,کیف اداری چرم طبیعی مدل L141 رنگ: قهوه ای,7318500,10455000,Commodity,"Approved, Online Payment, Bank Payment, Cash On Delivery, Shipping Required",0,42090002000,,,,,,
111517118,169278153,کفش زنانه اسپرت چرم طبیعی آراز مدل نیلوفر بندی رنگ: مشکی، سایز: 40,3684450,5263500,Commodity,"Approved, Online Payment, Bank Payment, Cash On Delivery, Shipping Required",0,,,,,,,
111510229,169277886,کفش زنانه طبی چرم طبیعی آراز مدل آیلین رنگ: ویزون، سایز: 40,2668050,3811500,Commodity,"Approved, Online Payment, Bank Payment, Cash On Delivery, Shipping Required",0,79918581040,,,,,,
111510228,169278029,کفش زنانه طبی چرم طبیعی آراز مدل آیلین رنگ: طوسی، سایز: 40,2668050,3811500,Commodity,"Approved, Online Payment, Bank Payment, Cash On Delivery, Shipping Required",0,79910017040,,,,,,
111510219,169280114,کفش زنانه چرم طبیعی آراز مدل شکوفه رنگ: مشکی، سایز: 42,2413950,3448500,Commodity,"Approved, Online Payment, Bank Payment, Cash On Delivery, Shipping Required",0,79920001042,,,,,,
111510218,169280114,کفش زنانه چرم طبیعی آراز مدل شکوفه رنگ: مشکی، سایز: 41,2413950,3448500,Commodity,"Approved, Online Payment, Bank Payment, Cash On Delivery, Shipping Required",0,79920001041,,,,,,
111510217,169280114,کفش زنانه چرم طبیعی آراز مدل شکوفه رنگ: مشکی، سایز: 40,2413950,3448500,Commodity,"Approved, Online Payment, Bank Payment, Cash On Delivery, Shipping Required",0,79920001040,,,,,,
111510216,169280114,کفش زنانه چرم طبیعی آراز مدل شکوفه رنگ: مشکی، سایز: 39,2413950,3448500,Commodity,"Approved, Online Payment, Bank Payment, Cash On Delivery, Shipping Required",0,79920001021,,,,,,
111510215,169280114,کفش زنانه چرم طبیعی آراز مدل شکوفه رنگ: مشکی، سایز: 38,2413950,3448500,Commodity,"Approved, Online Payment, Bank Payment, Cash On Delivery, Shipping Required",0,79920001019,,,,,,
111510214,169280114,کفش زنانه چرم طبیعی آراز مدل شکوفه رنگ: مشکی، سایز: 37,2413950,3448500,Commodity,"Approved, Online Payment, Bank Payment, Cash On Delivery, Shipping Required",3,79920001017,,,,,,
111510166,169280033,کیف زنانه چرم طبیعی بهزادی مدل کارینا رنگ: سفید,2079000,2970000,Commodity,"Approved, Online Payment, Bank Payment, Cash On Delivery, Shipping Required",0,79290016000,,,,,,
111510164,169280025,کیف زنانه چرم طبیعی بهزادی مدل کارینا رنگ: مشکی,2079000,2970000,Commodity,"Approved, Online Payment, Bank Payment, Cash On Delivery, Shipping Required",0,79290001000,,,,,,
111510154,169280019,کیف زنانه چرم طبیعی بهزادی مدل کارینا رنگ: عسلی,2079000,2970000,Commodity,"Approved, Online Payment, Bank Payment, Cash On Delivery, Shipping Required",0,79290027000,,,,,,
111510150,169279996,صندل مردانه چرم طبیعی آذرسهند مدل ونوس رنگ: قهوه ای، سایز: 44,1494108,2134440,Commodity,"Approved, Online Payment, Bank Payment, Cash On Delivery, Shipping Required",0,79500002044,,,,,,
111510149,169279996,صندل مردانه چرم طبیعی آذرسهند مدل ونوس رنگ: قهوه ای، سایز: 43,1494108,2134440,Commodity,"Approved, Online Payment, Bank Payment, Cash On Delivery, Shipping Required",0,79500002043,,,,,,
111510148,169279996,صندل مردانه چرم طبیعی آذرسهند مدل ونوس رنگ: قهوه ای، سایز: 42,1494108,2134440,Commodity,"Approved, Online Payment, Bank Payment, Cash On Delivery, Shipping Required",0,79500002042,,,,,,
111510147,169279996,صندل مردانه چرم طبیعی آذرسهند مدل ونوس رنگ: قهوه ای، سایز: 41,1494108,2134440,Commodity,"Approved, Online Payment, Bank Payment, Cash On Delivery, Shipping Required",0,79500002041,,,,,,
111510146,169279996,صندل مردانه چرم طبیعی آذرسهند مدل ونوس رنگ: قهوه ای، سایز: 40,1494108,2134440,Commodity,"Approved, Online Payment, Bank Payment, Cash On Delivery, Shipping Required",0,79500002040,,,,,,
111510068,169279769,کیف زنانه چرم طبیعی بهزادی مدل لاریسا رنگ: قرمز,2324700,3321000,Commodity,"Approved, Online Payment, Bank Payment, Cash On Delivery, Shipping Required",1,79300004000,,,,,,
111510043,169279751,کیف زنانه چرم طبیعی بهزادی مدل لاریسا رنگ: عسلی لزار,2324700,3321000,Commodity,"Approved, Online Payment, Bank Payment, Cash On Delivery, Shipping Required",1,,,,,,,
111510032,169279700,کیف زنانه چرم طبیعی بهزادی مدل لاریسا رنگ: عسلی,2324700,3321000,Commodity,"Approved, Online Payment, Bank Payment, Cash On Delivery, Shipping Required",2,79300027000,,,,,,
111510015,169279648,کیف زنانه چرم طبیعی بهزادی مدل لاریسا رنگ: مشکی,2324700,3321000,Commodity,"Approved, Online Payment, Bank Payment, Cash On Delivery, Shipping Required",5,79300001000,,,,,,
111509946,169279591,کیف زنانه چرم طبیعی بهزادی مدل هررا رنگ: قرمز,3003000,4290000,Commodity,"Approved, Online Payment, Bank Payment, Cash On Delivery, Shipping Required",0,79350004000,,,,,,
111509927,169279586,کیف زنانه چرم طبیعی بهزادی مدل هررا رنگ: مشکی,3003000,4290000,Commodity,"Approved, Online Payment, Bank Payment, Cash On Delivery, Shipping Required",0,79350001000,,,,,,
111509858,169279451,کفش زنانه طبی چرم طبیعی بهزادی مدل کالج دکتر ژست رنگ: مشکی، سایز: 41,2574000,4290000,Commodity,"Approved, Online Payment, Bank Payment, Cash On Delivery, Shipping Required",0,81500001041,,,,,,
111509857,169279451,کفش زنانه طبی چرم طبیعی بهزادی مدل کالج دکتر ژست رنگ: مشکی، سایز: 40,2574000,4290000,Commodity,"Approved, Online Payment, Bank Payment, Cash On Delivery, Shipping Required",0,81500001040,,,,,,
111509856,169279451,کفش زنانه طبی چرم طبیعی بهزادی مدل کالج دکتر ژست رنگ: مشکی، سایز: 39,2574000,4290000,Commodity,"Approved, Online Payment, Bank Payment, Cash On Delivery, Shipping Required",1,81500001021,,,,,,
111509855,169279451,کفش زنانه طبی چرم طبیعی بهزادی مدل کالج دکتر ژست رنگ: مشکی، سایز: 38,2574000,4290000,Commodity,"Approved, Online Payment, Bank Payment, Cash On Delivery, Shipping Required",3,81500001019,,,,,,
111509854,169279451,کفش زنانه طبی چرم طبیعی بهزادی مدل کالج دکتر ژست رنگ: مشکی، سایز: 37,2574000,4290000,Commodity,"Approved, Online Payment, Bank Payment, Cash On Delivery, Shipping Required",7,81500001017,,,,,,
111509853,169279451,کفش زنانه طبی چرم طبیعی بهزادی مدل کالج دکتر ژست رنگ: مشکی، سایز: 36,2574000,4290000,Commodity,"Approved, Online Payment, Bank Payment, Cash On Delivery, Shipping Required",5,81500001015,,,,,,
111509809,169279338,کفش زنانه طبی چرم طبیعی بهزادی مدل کالج دکتر ژست رنگ: مشکی، سایز: 41,2574000,4290000,Commodity,"Approved, Online Payment, Bank Payment, Cash On Delivery, Shipping Required",1,,,,,,,
111509808,169279338,کفش زنانه طبی چرم طبیعی بهزادی مدل کالج دکتر ژست رنگ: مشکی، سایز: 40,2574000,4290000,Commodity,"Approved, Online Payment, Bank Payment, Cash On Delivery, Shipping Required",3,,,,,,,
111509807,169279338,کفش زنانه طبی چرم طبیعی بهزادی مدل کالج دکتر ژست رنگ: مشکی، سایز: 39,2574000,4290000,Commodity,"Approved, Online Payment, Bank Payment, Cash On Delivery, Shipping Required",4,,,,,,,
111509806,169279338,کفش زنانه طبی چرم طبیعی بهزادی مدل کالج دکتر ژست رنگ: مشکی، سایز: 38,2574000,4290000,Commodity,"Approved, Online Payment, Bank Payment, Cash On Delivery, Shipping Required",2,,,,,,,
111509805,169279338,کفش زنانه طبی چرم طبیعی بهزادی مدل کالج دکتر ژست رنگ: مشکی، سایز: 37,2574000,4290000,Commodity,"Approved, Online Payment, Bank Payment, Cash On Delivery, Shipping Required",0,,,,,,,
111509804,169279338,کفش زنانه طبی چرم طبیعی بهزادی مدل کالج دکتر ژست رنگ: مشکی، سایز: 36,2574000,4290000,Commodity,"Approved, Online Payment, Bank Payment, Cash On Delivery, Shipping Required",0,,,,,,,
111509714,169279097,صندل زنانه چرم طبیعی آراز مدل درنا رنگ: ویزون، سایز: 41,1742400,2904000,Commodity,"Approved, Online Payment, Bank Payment, Cash On Delivery, Shipping Required",0,81438581041,,,,,,
111509713,169279097,صندل زنانه چرم طبیعی آراز مدل درنا رنگ: ویزون، سایز: 40,1742400,2904000,Commodity,"Approved, Online Payment, Bank Payment, Cash On Delivery, Shipping Required",0,81438581040,,,,,,
111509712,169279097,صندل زنانه چرم طبیعی آراز مدل درنا رنگ: ویزون، سایز: 39,1742400,2904000,Commodity,"Approved, Online Payment, Bank Payment, Cash On Delivery, Shipping Required",1,81438581021,,,,,,
111509711,169279097,صندل زنانه چرم طبیعی آراز مدل درنا رنگ: ویزون، سایز: 38,1742400,2904000,Commodity,"Approved, Online Payment, Bank Payment, Cash On Delivery, Shipping Required",0,81438581019,,,,,,
111509710,169279097,صندل زنانه چرم طبیعی آراز مدل درنا رنگ: ویزون، سایز: 37,1742400,2904000,Commodity,"Approved, Online Payment, Bank Payment, Cash On Delivery, Shipping Required",0,81438581017,,,,,,
111509709,169279097,صندل زنانه چرم طبیعی آراز مدل درنا رنگ: ویزون، سایز: 36,1742400,2904000,Commodity,"Approved, Online Payment, Bank Payment, Cash On Delivery, Shipping Required",0,81438581015,,,,,,
111509677,169279035,کفش زنانه اسپرت چرم طبیعی زاپا مدل نیلما رنگ: سفید، سایز: 41,3375900,5626500,Commodity,"Approved, Online Payment, Bank Payment, Cash On Delivery, Shipping Required",0,,,,,,,
111509676,169279035,کفش زنانه اسپرت چرم طبیعی زاپا مدل نیلما رنگ: سفید، سایز: 40,3375900,5626500,Commodity,"Approved, Online Payment, Bank Payment, Cash On Delivery, Shipping Required",2,,,,,,,
111509675,169279035,کفش زنانه اسپرت چرم طبیعی زاپا مدل نیلما رنگ: سفید، سایز: 39,3375900,5626500,Commodity,"Approved, Online Payment, Bank Payment, Cash On Delivery, Shipping Required",1,,,,,,,
111509674,169279035,کفش زنانه اسپرت چرم طبیعی زاپا مدل نیلما رنگ: سفید، سایز: 38,3375900,5626500,Commodity,"Approved, Online Payment, Bank Payment, Cash On Delivery, Shipping Required",0,,,,,,,
111509673,169279035,کفش زنانه اسپرت چرم طبیعی زاپا مدل نیلما رنگ: سفید، سایز: 37,3375900,5626500,Commodity,"Approved, Online Payment, Bank Payment, Cash On Delivery, Shipping Required",1,,,,,,,
111509311,169278485,کفش زنانه طبی چرم طبیعی آراز مدل نیلوفر بدون بند رنگ: مشکی قرمز، سایز: 42,3158100,5263500,Commodity,"Approved, Online Payment, Bank Payment, Cash On Delivery, Shipping Required",1,,,,,,,
111509310,169278485,کفش زنانه طبی چرم طبیعی آراز مدل نیلوفر بدون بند رنگ: مشکی قرمز، سایز: 41,3158100,5263500,Commodity,"Approved, Online Payment, Bank Payment, Cash On Delivery, Shipping Required",1,,,,,,,
111509309,169278485,کفش زنانه طبی چرم طبیعی آراز مدل نیلوفر بدون بند رنگ: مشکی قرمز، سایز: 40,3158100,5263500,Commodity,"Approved, Online Payment, Bank Payment, Cash On Delivery, Shipping Required",0,,,,,,,
111509308,169278485,کفش زنانه طبی چرم طبیعی آراز مدل نیلوفر بدون بند رنگ: مشکی قرمز، سایز: 39,3158100,5263500,Commodity,"Approved, Online Payment, Bank Payment, Cash On Delivery, Shipping Required",0,,,,,,,
111509307,169278485,کفش زنانه طبی چرم طبیعی آراز مدل نیلوفر بدون بند رنگ: مشکی قرمز، سایز: 38,3158100,5263500,Commodity,"Approved, Online Payment, Bank Payment, Cash On Delivery, Shipping Required",0,,,,,,,
111509306,169278485,کفش زنانه طبی چرم طبیعی آراز مدل نیلوفر بدون بند رنگ: مشکی قرمز، سایز: 37,3158100,5263500,Commodity,"Approved, Online Payment, Bank Payment, Cash On Delivery, Shipping Required",0,,,,,,,
111509305,169278485,کفش زنانه طبی چرم طبیعی آراز مدل نیلوفر بدون بند رنگ: مشکی قرمز، سایز: 36,3158100,5263500,Commodity,"Approved, Online Payment, Bank Payment, Cash On Delivery, Shipping Required",0,,,,,,,
111509266,169278427,کفش زنانه طبی چرم طبیعی آراز مدل نیلوفر بدون بند رنگ: مشکی، سایز: 41,2277000,3795000,Commodity,"Approved, Online Payment, Bank Payment, Cash On Delivery, Shipping Required",1,,,,,,,
111509264,169278427,کفش زنانه طبی چرم طبیعی آراز مدل نیلوفر بدون بند رنگ: مشکی، سایز: 39,2277000,3795000,Commodity,"Approved, Online Payment, Bank Payment, Cash On Delivery, Shipping Required",0,,,,,,,
111509263,169278427,کفش زنانه طبی چرم طبیعی آراز مدل نیلوفر بدون بند رنگ: مشکی، سایز: 38,2277000,3795000,Commodity,"Approved, Online Payment, Bank Payment, Cash On Delivery, Shipping Required",0,,,,,,,
111509262,169278427,کفش زنانه طبی چرم طبیعی آراز مدل نیلوفر بدون بند رنگ: مشکی، سایز: 37,2277000,3795000,Commodity,"Approved, Online Payment, Bank Payment, Cash On Delivery, Shipping Required",2,,,,,,,
111509261,169278427,کفش زنانه طبی چرم طبیعی آراز مدل نیلوفر بدون بند رنگ: مشکی، سایز: 36,2277000,3795000,Commodity,"Approved, Online Payment, Bank Payment, Cash On Delivery, Shipping Required",1,,,,,,,
111509196,169278380,کفش زنانه اسپرت چرم طبیعی آراز مدل نیلوفر بندی رنگ: طوسی، سایز: 41,3158100,5263500,Commodity,"Approved, Online Payment, Bank Payment, Cash On Delivery, Shipping Required",0,,,,,,,
111509195,169278380,کفش زنانه اسپرت چرم طبیعی آراز مدل نیلوفر بندی رنگ: طوسی، سایز: 40,3158100,5263500,Commodity,"Approved, Online Payment, Bank Payment, Cash On Delivery, Shipping Required",0,,,,,,,
111509194,169278380,کفش زنانه اسپرت چرم طبیعی آراز مدل نیلوفر بندی رنگ: طوسی، سایز: 39,3158100,5263500,Commodity,"Approved, Online Payment, Bank Payment, Cash On Delivery, Shipping Required",0,,,,,,,
111509193,169278380,کفش زنانه اسپرت چرم طبیعی آراز مدل نیلوفر بندی رنگ: طوسی، سایز: 38,3158100,5263500,Commodity,"Approved, Online Payment, Bank Payment, Cash On Delivery, Shipping Required",0,,,,,,,
111509192,169278380,کفش زنانه اسپرت چرم طبیعی آراز مدل نیلوفر بندی رنگ: طوسی، سایز: 37,3158100,5263500,Commodity,"Approved, Online Payment, Bank Payment, Cash On Delivery, Shipping Required",2,,,,,,,
111509191,169278380,کفش زنانه اسپرت چرم طبیعی آراز مدل نیلوفر بندی رنگ: طوسی، سایز: 36,3158100,5263500,Commodity,"Approved, Online Payment, Bank Payment, Cash On Delivery, Shipping Required",1,,,,,,,
111509138,169278153,کفش زنانه اسپرت چرم طبیعی آراز مدل نیلوفر بندی رنگ: مشکی، سایز: 41,3158100,5263500,Commodity,"Approved, Online Payment, Bank Payment, Cash On Delivery, Shipping Required",1,,,,,,,
111509136,169278153,کفش زنانه اسپرت چرم طبیعی آراز مدل نیلوفر بندی رنگ: مشکی، سایز: 39,3158100,5263500,Commodity,"Approved, Online Payment, Bank Payment, Cash On Delivery, Shipping Required",0,,,,,,,
111509135,169278153,کفش زنانه اسپرت چرم طبیعی آراز مدل نیلوفر بندی رنگ: مشکی، سایز: 38,3158100,5263500,Commodity,"Approved, Online Payment, Bank Payment, Cash On Delivery, Shipping Required",0,,,,,,,
111509134,169278153,کفش زنانه اسپرت چرم طبیعی آراز مدل نیلوفر بندی رنگ: مشکی، سایز: 37,3158100,5263500,Commodity,"Approved, Online Payment, Bank Payment, Cash On Delivery, Shipping Required",0,,,,,,,
111509133,169278153,کفش زنانه اسپرت چرم طبیعی آراز مدل نیلوفر بندی رنگ: مشکی، سایز: 36,3158100,5263500,Commodity,"Approved, Online Payment, Bank Payment, Cash On Delivery, Shipping Required",0,,,,,,,
111509116,169278085,کفش زنانه اسپرت چرم طبیعی آراز مدل نیلوفر بندی رنگ: مشکی زیره سفید، سایز: 41,3158100,5263500,Commodity,"Approved, Online Payment, Bank Payment, Cash On Delivery, Shipping Required",0,,,,,,,
111509115,169278085,کفش زنانه اسپرت چرم طبیعی آراز مدل نیلوفر بندی رنگ: مشکی زیره سفید، سایز: 40,3158100,5263500,Commodity,"Approved, Online Payment, Bank Payment, Cash On Delivery, Shipping Required",0,,,,,,,
111509114,169278085,کفش زنانه اسپرت چرم طبیعی آراز مدل نیلوفر بندی رنگ: مشکی زیره سفید، سایز: 39,3158100,5263500,Commodity,"Approved, Online Payment, Bank Payment, Cash On Delivery, Shipping Required",0,,,,,,,
111509113,169278085,کفش زنانه اسپرت چرم طبیعی آراز مدل نیلوفر بندی رنگ: مشکی زیره سفید، سایز: 38,3158100,5263500,Commodity,"Approved, Online Payment, Bank Payment, Cash On Delivery, Shipping Required",0,,,,,,,
111509112,169278085,کفش زنانه اسپرت چرم طبیعی آراز مدل نیلوفر بندی رنگ: مشکی زیره سفید، سایز: 37,3158100,5263500,Commodity,"Approved, Online Payment, Bank Payment, Cash On Delivery, Shipping Required",2,,,,,,,
111509111,169278085,کفش زنانه اسپرت چرم طبیعی آراز مدل نیلوفر بندی رنگ: مشکی زیره سفید، سایز: 36,3158100,5263500,Commodity,"Approved, Online Payment, Bank Payment, Cash On Delivery, Shipping Required",0,,,,,,,
111509093,169278029,کفش زنانه طبی چرم طبیعی آراز مدل آیلین رنگ: طوسی، سایز: 41,2286900,3811500,Commodity,"Approved, Online Payment, Bank Payment, Cash On Delivery, Shipping Required",0,79910017040,,,,,,
111509091,169278029,کفش زنانه طبی چرم طبیعی آراز مدل آیلین رنگ: طوسی، سایز: 39,2286900,3811500,Commodity,"Approved, Online Payment, Bank Payment, Cash On Delivery, Shipping Required",0,79910017021,,,,,,
111509090,169278029,کفش زنانه طبی چرم طبیعی آراز مدل آیلین رنگ: طوسی، سایز: 38,2286900,3811500,Commodity,"Approved, Online Payment, Bank Payment, Cash On Delivery, Shipping Required",0,79910017019,,,,,,
111509089,169278029,کفش زنانه طبی چرم طبیعی آراز مدل آیلین رنگ: طوسی، سایز: 37,2286900,3811500,Commodity,"Approved, Online Payment, Bank Payment, Cash On Delivery, Shipping Required",0,79910017017,,,,,,
111509088,169278029,کفش زنانه طبی چرم طبیعی آراز مدل آیلین رنگ: طوسی، سایز: 36,2286900,3811500,Commodity,"Approved, Online Payment, Bank Payment, Cash On Delivery, Shipping Required",1,79910017015,,,,,,
111509065,169277982,کفش زنانه طبی چرم طبیعی آراز مدل آیلین رنگ: زرشکی، سایز: 41,2286900,3811500,Commodity,"Approved, Online Payment, Bank Payment, Cash On Delivery, Shipping Required",0,79910006041,,,,,,
111509064,169277982,کفش زنانه طبی چرم طبیعی آراز مدل آیلین رنگ: زرشکی، سایز: 40,2286900,3811500,Commodity,"Approved, Online Payment, Bank Payment, Cash On Delivery, Shipping Required",0,79910006040,,,,,,
111509063,169277982,کفش زنانه طبی چرم طبیعی آراز مدل آیلین رنگ: زرشکی، سایز: 39,2286900,3811500,Commodity,"Approved, Online Payment, Bank Payment, Cash On Delivery, Shipping Required",0,79910006021,,,,,,
111509062,169277982,کفش زنانه طبی چرم طبیعی آراز مدل آیلین رنگ: زرشکی، سایز: 38,2286900,3811500,Commodity,"Approved, Online Payment, Bank Payment, Cash On Delivery, Shipping Required",0,79910006019,,,,,,
111509061,169277982,کفش زنانه طبی چرم طبیعی آراز مدل آیلین رنگ: زرشکی، سایز: 37,2286900,3811500,Commodity,"Approved, Online Payment, Bank Payment, Cash On Delivery, Shipping Required",1,79910006017,,,,,,
111509060,169277982,کفش زنانه طبی چرم طبیعی آراز مدل آیلین رنگ: زرشکی، سایز: 36,2286900,3811500,Commodity,"Approved, Online Payment, Bank Payment, Cash On Delivery, Shipping Required",1,79910006015,,,,,,
111509015,169277893,کفش زنانه طبی چرم طبیعی آراز مدل آیلین رنگ: قرمز، سایز: 41,2286900,3811500,Commodity,"Approved, Online Payment, Bank Payment, Cash On Delivery, Shipping Required",0,79910004041,,,,,,
111509014,169277893,کفش زنانه طبی چرم طبیعی آراز مدل آیلین رنگ: قرمز، سایز: 40,2286900,3811500,Commodity,"Approved, Online Payment, Bank Payment, Cash On Delivery, Shipping Required",0,79910004040,,,,,,
111509013,169277893,کفش زنانه طبی چرم طبیعی آراز مدل آیلین رنگ: قرمز، سایز: 39,2286900,3811500,Commodity,"Approved, Online Payment, Bank Payment, Cash On Delivery, Shipping Required",0,79910004021,,,,,,
111509012,169277893,کفش زنانه طبی چرم طبیعی آراز مدل آیلین رنگ: قرمز، سایز: 38,2286900,3811500,Commodity,"Approved, Online Payment, Bank Payment, Cash On Delivery, Shipping Required",0,79910004019,,,,,,
111509011,169277893,کفش زنانه طبی چرم طبیعی آراز مدل آیلین رنگ: قرمز، سایز: 37,2286900,3811500,Commodity,"Approved, Online Payment, Bank Payment, Cash On Delivery, Shipping Required",1,79910004017,,,,,,
111509010,169277893,کفش زنانه طبی چرم طبیعی آراز مدل آیلین رنگ: قرمز، سایز: 36,2286900,3811500,Commodity,"Approved, Online Payment, Bank Payment, Cash On Delivery, Shipping Required",0,79910004015,,,,,,
111509006,169277886,کفش زنانه طبی چرم طبیعی آراز مدل آیلین رنگ: ویزون، سایز: 41,2286900,3811500,Commodity,"Approved, Online Payment, Bank Payment, Cash On Delivery, Shipping Required",0,79918581041,,,,,,
111509004,169277886,کفش زنانه طبی چرم طبیعی آراز مدل آیلین رنگ: ویزون، سایز: 39,2286900,3811500,Commodity,"Approved, Online Payment, Bank Payment, Cash On Delivery, Shipping Required",0,79918581021,,,,,,
111509003,169277886,کفش زنانه طبی چرم طبیعی آراز مدل آیلین رنگ: ویزون، سایز: 38,2286900,3811500,Commodity,"Approved, Online Payment, Bank Payment, Cash On Delivery, Shipping Required",0,79918581019,,,,,,
111509002,169277886,کفش زنانه طبی چرم طبیعی آراز مدل آیلین رنگ: ویزون، سایز: 37,2286900,3811500,Commodity,"Approved, Online Payment, Bank Payment, Cash On Delivery, Shipping Required",1,79918581017,,,,,,
111509001,169277886,کفش زنانه طبی چرم طبیعی آراز مدل آیلین رنگ: ویزون، سایز: 36,2286900,3811500,Commodity,"Approved, Online Payment, Bank Payment, Cash On Delivery, Shipping Required",1,79918581015,,,,,,
111508982,169277822,کفش زنانه طبی چرم طبیعی آراز مدل آیلین رنگ: مشکی، سایز: 42,2286900,3811500,Commodity,"Approved, Online Payment, Bank Payment, Cash On Delivery, Shipping Required",2,79910001042,,,,,,
111508981,169277822,کفش زنانه طبی چرم طبیعی آراز مدل آیلین رنگ: مشکی، سایز: 41,2286900,3811500,Commodity,"Approved, Online Payment, Bank Payment, Cash On Delivery, Shipping Required",1,79910001041,,,,,,
111508980,169277822,کفش زنانه طبی چرم طبیعی آراز مدل آیلین رنگ: مشکی، سایز: 40,2286900,3811500,Commodity,"Approved, Online Payment, Bank Payment, Cash On Delivery, Shipping Required",0,79910001040,,,,,,
111508979,169277822,کفش زنانه طبی چرم طبیعی آراز مدل آیلین رنگ: مشکی، سایز: 39,2286900,3811500,Commodity,"Approved, Online Payment, Bank Payment, Cash On Delivery, Shipping Required",0,79910001021,,,,,,
111508978,169277822,کفش زنانه طبی چرم طبیعی آراز مدل آیلین رنگ: مشکی، سایز: 38,2286900,3811500,Commodity,"Approved, Online Payment, Bank Payment, Cash On Delivery, Shipping Required",0,79910001019,,,,,,
111508977,169277822,کفش زنانه طبی چرم طبیعی آراز مدل آیلین رنگ: مشکی، سایز: 37,2286900,3811500,Commodity,"Approved, Online Payment, Bank Payment, Cash On Delivery, Shipping Required",0,79910001017,,,,,,
111508976,169277822,کفش زنانه طبی چرم طبیعی آراز مدل آیلین رنگ: مشکی، سایز: 36,2286900,3811500,Commodity,"Approved, Online Payment, Bank Payment, Cash On Delivery, Shipping Required",0,79910001015,,,,,,
111508916,169277698,کفش زنانه اسپرت چرم طبیعی آراز مدل نیاز رنگ: سفید، سایز: 41,3049200,5082000,Commodity,"Approved, Online Payment, Bank Payment, Cash On Delivery, Shipping Required",0,79860016041,,,,,,
111508915,169277698,کفش زنانه اسپرت چرم طبیعی آراز مدل نیاز رنگ: سفید، سایز: 40,3049200,5082000,Commodity,"Approved, Online Payment, Bank Payment, Cash On Delivery, Shipping Required",0,79860016040,,,,,,
111508914,169277698,کفش زنانه اسپرت چرم طبیعی آراز مدل نیاز رنگ: سفید، سایز: 39,3049200,5082000,Commodity,"Approved, Online Payment, Bank Payment, Cash On Delivery, Shipping Required",0,79860016021,,,,,,
111508913,169277698,کفش زنانه اسپرت چرم طبیعی آراز مدل نیاز رنگ: سفید، سایز: 38,3049200,5082000,Commodity,"Approved, Online Payment, Bank Payment, Cash On Delivery, Shipping Required",0,79860016019,,,,,,
111508912,169277698,کفش زنانه اسپرت چرم طبیعی آراز مدل نیاز رنگ: سفید، سایز: 37,3049200,5082000,Commodity,"Approved, Online Payment, Bank Payment, Cash On Delivery, Shipping Required",0,79860016017,,,,,,
111508910,169277695,کفش زنانه اسپرت چرم طبیعی آراز مدل نیاز رنگ: ویزون، سایز: 41,3049200,5082000,Commodity,"Approved, Online Payment, Bank Payment, Cash On Delivery, Shipping Required",0,79868581041,,,,,,
111508909,169277695,کفش زنانه اسپرت چرم طبیعی آراز مدل نیاز رنگ: ویزون، سایز: 40,3049200,5082000,Commodity,"Approved, Online Payment, Bank Payment, Cash On Delivery, Shipping Required",2,79868581040,,,,,,
111508908,169277695,کفش زنانه اسپرت چرم طبیعی آراز مدل نیاز رنگ: ویزون، سایز: 39,3049200,5082000,Commodity,"Approved, Online Payment, Bank Payment, Cash On Delivery, Shipping Required",2,79868581021,,,,,,
111508907,169277695,کفش زنانه اسپرت چرم طبیعی آراز مدل نیاز رنگ: ویزون، سایز: 38,3049200,5082000,Commodity,"Approved, Online Payment, Bank Payment, Cash On Delivery, Shipping Required",3,79868581019,,,,,,
111508906,169277695,کفش زنانه اسپرت چرم طبیعی آراز مدل نیاز رنگ: ویزون، سایز: 37,3049200,5082000,Commodity,"Approved, Online Payment, Bank Payment, Cash On Delivery, Shipping Required",2,79868581017,,,,,,
111508898,169277691,کفش زنانه اسپرت چرم طبیعی آراز مدل نیاز رنگ: مشکی، سایز: 42,3049200,5082000,Commodity,"Approved, Online Payment, Bank Payment, Cash On Delivery, Shipping Required",1,79860001042,,,,,,
111508897,169277691,کفش زنانه اسپرت چرم طبیعی آراز مدل نیاز رنگ: مشکی، سایز: 41,3049200,5082000,Commodity,"Approved, Online Payment, Bank Payment, Cash On Delivery, Shipping Required",0,79860001041,,,,,,
111508896,169277691,کفش زنانه اسپرت چرم طبیعی آراز مدل نیاز رنگ: مشکی، سایز: 40,3049200,5082000,Commodity,"Approved, Online Payment, Bank Payment, Cash On Delivery, Shipping Required",1,79860001040,,,,,,
111508895,169277691,کفش زنانه اسپرت چرم طبیعی آراز مدل نیاز رنگ: مشکی، سایز: 39,3049200,5082000,Commodity,"Approved, Online Payment, Bank Payment, Cash On Delivery, Shipping Required",1,79860001021,,,,,,
111508894,169277691,کفش زنانه اسپرت چرم طبیعی آراز مدل نیاز رنگ: مشکی، سایز: 38,3049200,5082000,Commodity,"Approved, Online Payment, Bank Payment, Cash On Delivery, Shipping Required",1,79860001019,,,,,,
111508893,169277691,کفش زنانه اسپرت چرم طبیعی آراز مدل نیاز رنگ: مشکی، سایز: 37,3049200,5082000,Commodity,"Approved, Online Payment, Bank Payment, Cash On Delivery, Shipping Required",2,79860001017,,,,,,
